texto,area
problema crítico del servidor requiere atención inmediata es necesaria una investigación inmediata sobre la interrupción en el servicio de gestión de aws que está impactando funciones comerciales esenciales.,it services
"discrepancia de facturación en google workspace estimado equipo de soporte de ti, estoy escribiendo para informar un monto de facturación incorrecto en mi suscripción de google workspace business standard bajo la cuenta <acc_num>. por favor, revise y ajuste la factura. espero su pronta respuesta. saludos, <name>",it services
"solicitud urgente de orientación y solución de problemas estimado soporte al cliente, espero que este mensaje le encuentre bien. me pongo en contacto para solicitar urgentemente su experiencia en orientación sobre desarrollo de software y solución de problemas del servidor como parte de nuestro actual proyecto de consultoría de ti. hemos encontrado algunos problemas críticos que están afectando negativamente nuestros plazos del proyecto. específicamente, nuestro equipo está enfrentando desafíos con la integración del nuevo software con nuestros sistemas existentes, lo que ha llevado a tiempos de inactividad inesperados y retrasos en el rendimiento. además, ha habido problemas persistentes de conectividad del servidor que no podemos resolver por nuestra cuenta, obstaculizando la entrega fluida de nuestros servicios. su pronta asistencia en el diagnóstico y rectificación de estos problemas sería inmensamente beneficiosa. confiamos en su amplia experiencia y destreza técnica para ayudarnos a superar estos obstáculos rápidamente. ¿podría también organizar una consulta con su desarrollador líder a la mayor brevedad posible? nuestro objetivo es resolver estos problemas lo más rápido posible para minimizar cualquier retraso adicional en el proyecto y garantizar una experiencia fluida para el cliente. gracias por su atención inmediata a este asunto. espero su respuesta rápida. saludos cordiales, <name>",it consulting firm
"urgente: interrupción de red por el router isr4331 estimado equipo de soporte, estamos experimentando una interrupción de red causada por un router cisco isr4331 que no funciona correctamente. esto requiere una intervención técnica de alta prioridad. por favor, aborden este problema lo antes posible. gracias por su asistencia. saludos, <name>",it services
"consulta sobre servicios de consultoría en ti estimado servicio de atención al cliente, mi nombre es <name>, y estoy interesado en obtener más información sobre sus servicios de consultoría en ti, centrándome específicamente en el desarrollo de software y la administración de servidores. agradecería información detallada sobre los servicios ofrecidos, precios y proceso de compromiso. ¿podría proporcionarme esta información o direccionarme a un representante que pueda ayudarme con mi consulta? gracias por su asistencia. atentamente, <name> <tel_num> <email_address>",it consulting firm
"problema recurrente de desconexión de red estimado soporte al cliente, espero que este mensaje le llegue en buen estado. me pongo en contacto con usted para informarle sobre un problema recurrente que estamos enfrentando con desconexiones frecuentes de la red. después de realizar una investigación exhaustiva, hemos concluido que estas interrupciones se deben a un problema de configuración en nuestro cisco router isr4331, que es esencial para nuestras operaciones de red. este problema se manifiesta como una pérdida esporádica de conectividad de red, afectando gravemente tanto nuestras comunicaciones internas como externas. la creciente frecuencia de estas desconexiones se está volviendo cada vez más perjudicial para nuestras operaciones, resultando en una reducción de la productividad y potencialmente obstaculizando nuestra entrega de servicios. creemos que la configuración actual del cisco router isr4331 puede no estar adaptada a nuestros requisitos específicos de red, o podría haber un problema subyacente de firmware o compatibilidad. dado que esta situación está más allá de nuestra área de experiencia, solicitamos respetuosamente su pronta asistencia para diagnosticar y proponer una solución a este problema. por favor, háganos saber tan pronto como sea posible cómo podemos abordar este asunto de manera eficiente. si necesita contactarme para obtener más información o diagnósticos remotos, no dude en comunicarse directamente conmigo. gracias por su rápida atención a este importante problema. atentamente, <name> <email_address> <tel_num>",it services
"consulta sobre las características de la pantalla táctil del microsoft surface pro 7 estimado cliente del servicio de atención al cliente de tech online store, espero que este mensaje te encuentre bien. estoy escribiendo para solicitar asistencia para tomar una decisión informada sobre la compra del microsoft surface pro 7. estoy particularmente interesado en sus características de pantalla táctil y rendimiento general. ¿podría proporcionar información detallada sobre cómo funciona la pantalla táctil, especialmente en términos de capacidad de respuesta y precisión? además, agradecería cualquier información sobre el rendimiento general del dispositivo en varias aplicaciones. gracias por tu ayuda. atentamente, <name>",tech online store
"asistencia y optimización para la infraestructura de aws estimado soporte al cliente, necesitamos ayuda experta para configurar y optimizar nuestra oferta de servicio de gestión de aws para un cliente. nuestro objetivo es mejorar el rendimiento y reducir costos. esperamos su pronta asistencia. atentamente, <name>",it consulting firm
"asistencia urgente requerida para problemas de conectividad del router cisco isr4331 estimado soporte al cliente, estoy experimentando problemas de conectividad con nuestro router cisco isr4331, lo que está afectando el rendimiento de nuestra red empresarial y las comunicaciones seguras. este ha sido un problema urgente, que afecta las operaciones diarias. ¿podrían por favor brindar asistencia urgente para resolver este asunto lo antes posible? su experiencia y acción rápida en esta situación serían muy apreciadas. gracias de antemano por su cooperación. saludos cordiales, <name>",it services
"solicitud urgente para modificación de ticket de jira estimado soporte al cliente, espero que este mensaje le encuentre bien. me estoy poniendo en contacto con una solicitud urgente para modificar la configuración de categorización del ticket en nuestro jira software 8.20 para mejorar la gestión del proyecto. esta modificación tiene alta prioridad y mejorará significativamente el flujo de trabajo de nuestro equipo. por favor, advise sobre cómo pueden asistirme para agilizar este proceso. gracias por su atención inmediata. atentamente, <name> <acc_num> <tel_num>",software development company
"estimado equipo de soporte al cliente, les escribo para llamar su urgente atención sobre un problema continuo que estamos enfrentando con nuestros servidores orientados al cliente. nuestra organización, <name> company, está experimentando problemas significativos de inactividad, lo que afecta directamente nuestras operaciones y nuestra capacidad para ofrecer servicios a nuestros clientes. dado que este problema está relacionado con su servicio de consultoría de ti, necesitamos apoyo inmediato de su equipo para restaurar la funcionalidad completa. nuestra evaluación indica que el problema está más allá de nuestro control y experiencia directa, por lo que su intervención es crucial. es imperativo que el problema sea diagnosticado y resuelto con prontitud para minimizar el impacto en la continuidad del negocio y la satisfacción del cliente. agradeceríamos que pudieran escalar esto al equipo técnico relevante con urgencia y coordinar una resolución inmediata. por favor, prioricen este asunto y háganos saber los pasos que debemos seguir de nuestra parte para una resolución eficiente. mientras tanto, amablemente proporciónenos un cronograma estimado de cuándo podemos esperar la reconciliación total de los servicios. gracias por su atención urgente a este asunto crítico. saludos cordiales, <name> <tel_num> <email>",it consulting firm
"urgente: problema con la configuración de la impresora hp laserjet pro m15w estimado departamento de atención al cliente, me encuentro teniendo dificultades con la configuración de mi impresora hp laserjet pro m15w. no se está conectando como se esperaba. agradecería su orientación para solucionar este inconveniente. muchas gracias, <name>, <tel_num>, <acc_num>.",online store
"urgente: soporte para router con mal funcionamiento hola soporte al cliente, nuestro router cisco isr4331 está experimentando un mal funcionamiento repentino, causando importantes interrupciones en la red en todo el sistema. este problema es crítico y requiere su intervención técnica inmediata. sospechamos que actualizar el firmware del router podría restaurar su funcionalidad normal. le rogamos que acelere el proceso para resolver estas interrupciones y restaurar nuestros servicios a la mayor brevedad posible. dependemos en gran medida de un servicio continuo y sin interrupciones, y apreciamos su rápida asistencia. atentamente, <name> <tel_num>",it services
orientación sobre servicios de ti el cliente busca orientación sobre administración de servidores y soluciones de ti.,it services
"solicitud de intercambio de impresora estimado soporte de tech online store, estoy experimentando atascos de papel frecuentes con mi impresora canon pixma mg3620, lo que hace que sea casi imposible usarla de manera efectiva. ¿podemos organizar un intercambio para esta unidad? mis detalles de compra: número de pedido <acc_num>, a nombre de <name>. por favor, avísenme sobre los próximos pasos. gracias por su asistencia. atentamente, <name> <tel_num>",tech online store
"problema con macbook air estimado cliente del soporte técnico de la tienda en línea, estoy escribiendo para llamar su atención sobre un problema que he encontrado con el macbook air m1 que compré recientemente en su tienda. mi nombre es <name>, y mi pedido se realizó bajo el número de cuenta <acc_num> el mes pasado. al recibir la laptop, noté que su batería no funciona, lo que hace que el dispositivo sea completamente inutilizable. para una inversión tan significativa y un producto conocido por su fiabilidad, esto ha sido bastante decepcionante. he intentado varios pasos de solución de problemas, incluyendo reiniciar el smc y asegurarme de que el adaptador de carga funcione correctamente, pero desafortunadamente, el problema persiste. entiendo que los defectos pueden ocurrir ocasionalmente, por lo que solicito un dispositivo de reemplazo o un reembolso completo. creo que esta es una resolución justa dadas las circunstancias. para más correspondencia, no dude en contactarme en <email> o por teléfono al <tel_num>. espero una pronta resolución a este asunto, ya que la laptop es urgente para mi trabajo. gracias por su atención inmediata a este problema. espero su pronta respuesta. saludos cordiales, <name>",tech online store
"incidente de alta prioridad: problemas de conectividad hola equipo de soporte al cliente, espero que este mensaje les encuentre bien. les escribo para llamar su atención inmediata sobre un problema preocupante que estamos experimentando actualmente con nuestra red empresarial. creemos que el cisco router isr4331, que es un componente crítico de nuestra infraestructura de red, puede estar fallando. los detalles del problema incluyen caídas de conexión frecuentes, que están afectando severamente nuestro rendimiento general de red y las operaciones comerciales. este incidente es bastante urgente ya que ha interrumpido nuestras actividades diarias y servicios a los clientes. debido a nuestra dependencia de una comunicación de red sin interrupciones, estamos interesados en resolver este problema lo más rápido posible. apreciaríamos si pudieran enviar un técnico o sugerir soluciones prácticas para diagnosticar y solucionar el problema de inmediato. por favor, también proporcione información sobre si es necesario un dispositivo de reemplazo. todos los registros y datos relevantes que apuntan a esta falla pueden ser proporcionados a solicitud. por favor, háganos saber cómo proceder o si se necesitan más detalles de nuestra parte. gracias por su pronta atención a este asunto. saludos cordiales, <name> <acc_num> <tel_num>",it consulting firm
"solicitud de programación de mantenimiento de aws por favor, programe el mantenimiento rutinario para nuestra infraestructura de aws para optimizar el rendimiento y prevenir posibles interrupciones del servicio. su pronta atención a esta solicitud es apreciada.",it services
"estimado cliente del soporte al cliente de tech online store, me comunico para buscar asistencia con un problema que he encontrado con la conectividad inalámbrica de mi reciente compra, la hp deskjet 3755. después de configurar la impresora según las instrucciones proporcionadas, no parece establecer una conexión inalámbrica con ninguno de mis dispositivos, incluyendo mi laptop, smartphone y tablet. intenté tanto a través de la red doméstica como de una conexión inalámbrica directa, pero ambos esfuerzos terminaron en fracaso. he asegurado que los dispositivos están dentro del rango apropiado de la impresora, reiniciado tanto el enrutador como los dispositivos, y reconfirmado que todos los controladores y el firmware están actualizados. además, alterné la configuración de wi-fi varias veces, pero el problema persiste, lo que obstaculiza mi capacidad para completar cualquier tarea de impresión de forma inalámbrica. ¿podría ayudarme con otros pasos de solución de problemas para resolver este problema? si es necesario, estoy dispuesto a proporcionar mensajes de error específicos o información adicional del sistema para facilitar un diagnóstico y solución más rápidos. espero una resolución rápida ya que confío mucho en las tareas de impresión para mis actividades diarias. gracias por su atención a este asunto. espero su pronta respuesta. atentamente, <name>",tech online store
"asistencia urgente necesaria: interrupción del servicio de aws estimado equipo de soporte al cliente de servicios de ti, espero que este mensaje les encuentre bien. les escribo para informarles sobre una interrupción inesperada del servicio que estamos experimentando con el servicio de gestión de aws. nuestro sistema de monitoreo de aws ha indicado una interrupción inesperada en los servicios, lo que está afectando significativamente nuestra accesibilidad en la nube y nuestra productividad en general. esta situación está impactando nuestra operación, y estamos en gran necesidad de su experiencia técnica para ayudarnos a resolver estos desafíos lo antes posible. ¿podrían por favor acelerar este asunto y proporcionarnos la asistencia necesaria para restaurar las operaciones normales? dependemos en gran medida de aws para nuestras actividades diarias, y cualquier tiempo de inactividad afecta gravemente nuestro flujo de trabajo y la entrega de servicios. agradecemos su pronta atención a este asunto y esperamos su apoyo rápido para restaurar la funcionalidad completa. no duden en contactarme al <tel_num> o enviarme un correo electrónico para cualquier discusión o aclaración adicional que necesiten. gracias por su atención inmediata y apoyo. saludos cordiales, <name>",it services
"hola equipo de soporte al cliente, estoy escribiendo para expresar nuestras preocupaciones con respecto a los problemas de conectividad en curso con nuestro enrutador cisco isr4331. durante las últimas semanas, hemos observado caídas intermitentes de conectividad que afectan negativamente el rendimiento de nuestra red empresarial y comprometen las conexiones seguras. nuestro equipo de ti sospecha que puede ser un error relacionado con el firmware, pero aún no han podido identificar una causa definitiva. el enrutador juega un papel crucial en la gestión de nuestra red, y este problema ha impactado significativamente la productividad. el correo electrónico, el acceso a servicios en la nube y los servicios de voip se interrumpen intermitentemente, causando inconvenientes a nuestros equipos. dependemos en gran medida de la estabilidad de la red para mantener flujos de trabajo operativos sin problemas. hemos reiniciado el enrutador y verificado todas las conexiones físicas. a pesar de estos pasos correctivos, el problema persiste. una rápida resolución de este problema es primordial, dado su impacto crítico en las operaciones comerciales. ¿podría proporcionarnos orientación sobre cómo proceder? tal vez sea necesario una actualización de firmware o una inspección. esperamos su pronta respuesta. gracias por su apoyo. atentamente, <name> <tel_num> <acc_num>",it consulting firm
"urgente: problemas de conectividad de red del router cisco isr4331 estimado equipo de soporte al cliente, espero que este mensaje los encuentre bien. estoy escribiendo para presentar formalmente un problema relacionado con la conectividad de red de mi router cisco isr4331. mi nombre es <name>, y he estado experimentando consistentemente problemas durante las últimas semanas. el dispositivo, que me fue recomendado por su reputed высокую производительность, no está funcionando como esperaba. el problema principal es que el router no logra mantener una velocidad de red constante y frecuentemente pierde la conexión. esto ha interrumpido significativamente mis arreglos de trabajo desde casa, donde la conectividad a internet fiable es crucial. inicialmente, pensé que esto podría estar relacionado con mi proveedor de servicios de internet, pero después de varias verificaciones y consultas con ellos, se ha confirmado que el problema no está en su extremo. para proporcionar más detalles, la conexión parece caerse de manera impredecible, a veces incluso varias veces dentro de la misma hora, y durante estos tiempos, no se está realizando ninguna actividad particular que podría abrumar la red. ya he intentado pasos básicos de solución de problemas como reiniciar el router, restablecerlo a la configuración de fábrica y actualizar el firmware. ninguna de estas medidas ha dado un resultado positivo. dadas estas circunstancias, solicito amablemente su asistencia para resolver esta situación lo antes posible. quizás podría haber una configuración avanzada o un cambio de configuración que podría estabilizar el rendimiento de la red del isr4331. su orientación y soporte expertos para resolver este asunto serían invaluables. gracias por su atención a este problema. por favor, háganme saber si requieren información adicional o si hay detalles específicos sobre la configuración que necesiten para ayudar más. saludos cordiales, <name> <tel_num> <acc_num>",it consulting firm
"consulta sobre costos y desafíos de los servicios de consultoría de ti hola, estoy interesado en aprender más sobre los costos de su servicio de consultoría de ti y cualquier desafío potencial en la integración del software de nuestra empresa. gracias, <name>",it consulting firm
"solicitud para mejorar la administración del servidor estimado equipo de soporte de servicios informáticos, espero que este mensaje los encuentre bien. me comunico en nombre de nuestro equipo para discutir una solicitud de mejora relacionada con nuestros actuales protocolos de administración del servidor. estamos trabajando con su servicio de consultoría de ti para supervisar nuestras operaciones de servidor, y hemos identificado varias áreas donde se pueden realizar mejoras para aumentar la eficiencia y la fiabilidad del sistema. el objetivo principal es mejorar los procedimientos de administración para garantizar un rendimiento fluido del servidor, optimizando la utilización de recursos y minimizando el tiempo de inactividad. ¿podríamos programar una evaluación exhaustiva realizada por su equipo de expertos? las ideas obtenidas de tal revisión serían valiosas para identificar cuellos de botella y mejoras potenciales. esperamos su pronta respuesta, ya que es imperativo abordar estos asuntos a la mayor brevedad. gracias por su atención a este importante tema. atentamente, <name> <acc_num> <tel_num>",it services
"asistencia con la configuración de la impresora hola servicio al cliente, necesito ayuda para cambiar la configuración de mi impresora canon pixma mg3620 para impresión inalámbrica. por favor, proporcione instrucciones paso a paso para la configuración. espero su pronta respuesta. gracias, <name>, cuenta <acc_num>.",tech online store
"problemas de conectividad con la impresora canon pixma mg3620 estimado equipo de soporte al cliente, espero que este mensaje les encuentre bien. estoy escribiendo para informar sobre un problema relacionado con la conectividad inalámbrica de mi impresora canon pixma mg3620. desde el momento en que configuré esta impresora, he estado experimentando fallos en la impresión inalámbrica de manera intermitente, lo que ha interrumpido seriamente mi flujo de trabajo. la impresora se desconecta frecuentemente de la red wi-fi, lo que impide completar tareas de impresión de manera consistente. a pesar de seguir todos los procedimientos estándar de solución de problemas, el problema persiste. he revisado la configuración, reiniciado la impresora y me he asegurado de que mi red inalámbrica esté funcionando correctamente con otros dispositivos. desafortunadamente, el problema parece afectar específicamente a este modelo de impresora. agradecería su orientación para resolver esta preocupación, ya que es esencial para mis tareas diarias tanto en casa como para fines profesionales. si hay actualizaciones de firmware o configuraciones específicas que debería ajustar, agradecería sus instrucciones detalladas sobre cómo proceder mejor. gracias por su atención a este asunto. espero su pronta respuesta y una solución a este problema de conectividad. atentamente, <name> <tel_num> <email_address>",tech online store
"solicitud de ajuste estimado servicio de atención al cliente, estoy escribiendo para presentar una solicitud de baja prioridad para ajustar las configuraciones del servicio de aws para una mejor eficiencia de asignación. actualmente, no hay impacto en las operaciones ni en el tiempo de actividad. este ajuste se refiere específicamente al servicio de gestión de aws. por favor, háganme saber los pasos involucrados en realizar estos cambios. gracias por su ayuda en este asunto. atentamente, <name>",it services
"solicitud de intercambio hola soporte al cliente, estoy escribiendo para solicitar un intercambio de mi portátil dell xps 13 9310 debido a varios problemas de rendimiento. el portátil ha estado funcionando mal y ha causado una gran inconveniencia. por favor, hágame saber el proceso para iniciar un intercambio. espero su pronta respuesta. gracias. saludos, <name> <tel_num>.",tech online store
"solicitud de intercambio por problema con el touchpad defectuoso del dell xps 13 estimado soporte al cliente, recientemente compré un dell xps 13 9310 en su tienda en línea. desafortunadamente, el touchpad es defectuoso y afecta mi uso diario. solicito un intercambio por este producto defectuoso. ¿podrían ayudarme con el proceso de intercambio a la brevedad posible? agradecería orientación sobre los detalles de envío y la obtención de un producto de reemplazo rápidamente. gracias por atender este asunto de manera ágil. atentamente, <name> <email> <tel_num>",tech online store
"asistencia requerida: problemas de conectividad de hp deskjet 3755 estimado cliente del soporte técnico de la tienda en línea, espero que este mensaje le encuentre bien. escribo para solicitar asistencia con respecto a mi impresora hp deskjet 3755, que compré en su tienda en línea hace unos meses. desafortunadamente, he estado experimentando problemas de conectividad, específicamente con su configuración inalámbrica. al intentar conectar la impresora a mi red wi-fi, la impresora no logra reconocer la señal de la red. asegurándome de que la red esté funcionando, he intentado todos los pasos de solución de problemas preliminares, como reiniciar mi enrutador e impresora, verificar las credenciales de la red y asegurarme de que todos los dispositivos estén cerca para una señal óptima. a pesar de estos esfuerzos, el problema persiste, afectando significativamente mi capacidad para imprimir documentos de forma inalámbrica. dada la situación, agradecería si pudiera proporcionar orientación detallada o instrucciones específicas sobre cómo resolver este asunto. también sería útil si puede informarme sobre las actualizaciones de firmware necesarias o si existen problemas conocidos con este modelo de impresora en relación con la conectividad inalámbrica. por favor, hágamelo saber si necesita información adicional, como detalles de compra o credenciales de usuario, para ayudarme más. espero su pronta respuesta con una solución adecuada a este problema. gracias por su apoyo. atentamente, <name> <email>",tech online store
"pobre duración de la batería en macbook air m1 estimado soporte de tech online store, estoy escribiendo para informar sobre una disminución significativa en la duración de la batería de mi macbook air m1 después de la última actualización. me gustaría solicitar asistencia para resolver este problema. mi número de cuenta es <acc_num>. gracias, <name>, <tel_num>",tech online store
"problema frecuente de atascos de papel en la impresora canon estimado servicio de atención al cliente, espero que este mensaje le encuentre bien. estoy escribiendo para informar sobre un problema recurrente con mi impresora canon pixma mg3620, que compré en su tienda online de tecnología. he estado experimentando atascos de papel frecuentes durante las sesiones de impresión. cada vez que intento imprimir, el papel parece obstruir el camino de impresión, causando considerables inconvenientes y interrumpiendo mis tareas diarias. he intentado solución de problemas básicos asegurándome de que la impresora esté en una superficie plana y estable, verificando si hay obstrucciones en el camino del papel y confirmando el uso de tipos de papel recomendados. sin embargo, el problema persiste. ¿podría aconsejarme sobre los pasos que puedo seguir para resolver este problema persistente o si podría requerir servicio profesional? su ayuda para abordar este asunto con prontitud sería muy apreciada. gracias por su atención y apoyo. espero su rápida respuesta. saludos cordiales, <name>",tech online store
"problema con el servicio de gestión de aws estimado servicio de atención al cliente, me pongo en contacto para llamar su atención sobre un problema que estamos experimentando actualmente con su servicio de gestión de aws. hemos tenido dificultades con el despliegue de infraestructura en la nube, lo que está afectando negativamente el rendimiento de nuestra aplicación. nuestro equipo de desarrollo depende en gran medida de este servicio para una integración fluida y una funcionalidad eficiente, y es crucial para nuestras operaciones. la incapacidad para desplegar correctamente ha resultado en cuellos de botella de rendimiento e inconsistencias en el comportamiento de la aplicación. hemos realizado pasos iniciales de solución de problemas sin éxito. dada la urgencia de este asunto, una resolución rápida es fundamental para mantener la continuidad de nuestros servicios. por favor, investiguen el problema lo antes posible y asesoren sobre los posibles siguientes pasos o cualquier acción inmediata que podamos tomar para mitigar los efectos mientras se determina una solución. por favor, consulten nuestra cuenta <acc_num> para más detalles y no duden en contactarme al <tel_num> si necesitan más información. gracias por su atención inmediata a este asunto. saludos cordiales, <name>",it services
"asistencia necesaria para la integración de jira software estimado equipo de soporte al cliente, espero que este mensaje los encuentre bien. me pongo en contacto con respecto a un ticket que concierne a problemas que hemos estado encontrando con nuestras configuraciones de tablero scrum en la versión 8.20 de jira software. hemos estado experimentando dificultades considerables para integrar nuestros flujos de gestión de proyectos sin problemas. a pesar de nuestros esfuerzos por configurar los tableros de acuerdo a nuestros requisitos, ciertas funciones no parecen funcionar como se esperaba. esto ha interrumpido nuestro flujo de trabajo, afectando la productividad. estamos buscando su asesoría experta para ayudarnos a resolver este problema. específicamente, necesitamos orientación sobre configuraciones óptimas para una integración de gestión de proyectos sin problemas. si es posible, agradecería una guía paso a paso o recomendaciones sobre las mejores prácticas para asegurar que nuestra configuración se alinee perfectamente con las últimas características de jira software 8.20. gracias por su atención a este asunto, y espero su pronta respuesta. atentamente, <name>",software development company
"solicitud de soporte de alta prioridad para la optimización de aws estimado soporte de servicios de ti, me estoy poniendo en contacto para solicitar soporte técnico de alta prioridad para optimizar nuestra implementación de la nube de aws. nuestro objetivo es mejorar la gestión de costos y aumentar el rendimiento utilizando su servicio de gestión de aws. agradeceríamos inmensamente su asistencia oportuna para resolver este asunto y asegurar operaciones ininterrumpidas. gracias de antemano, <name> <acc_num>",it services
"asistencia necesaria para el problema de implementación de aws estimado soporte al cliente,<br><br>me estoy comunicando para buscar asistencia con un problema que estamos encontrando con nuestra implementación de aws. nuestro desafío actual está relacionado con la escalabilidad de la infraestructura y la optimización de costos, lo que afecta significativamente nuestras operaciones. estamos utilizando el servicio de gestión de aws para nuestra implementación, y hemos notado que la capacidad de escalado no está cumpliendo con las necesidades dinámicas de nuestras cargas de aplicaciones de manera efectiva, lo que lleva a costos operativos más altos. hemos intentado ajustar las configuraciones y hemos revisado los recursos disponibles; sin embargo, el problema persiste. creemos que podría haber una mejor estrategia para optimizar nuestra infraestructura y controlar los gastos sin comprometer el rendimiento. ¿podría proporcionarnos orientación sobre cómo gestionar eficientemente nuestros recursos de aws para mejorar la escalabilidad mientras minimizamos los costos? cualquier recomendación específica o documentación que pueda ayudar sería muy apreciada.<br><br>gracias por su apoyo.<br><br>atentamente,<br><br><name><br><tel_num><br><acc_num>",it services
"problema menor con el teclado surface pro 7 estimado equipo de soporte de tech online store, me comunico para informar un problema menor que he encontrado al usar el teclado desmontable de mi microsoft surface pro 7. el problema aparece cuando el dispositivo está funcionando con poca energía. durante estos momentos, el teclado a veces se desconecta o se vuelve insensible. esto generalmente se resuelve después de cargar la batería, pero puede ser bastante inconveniente. ¿podrían aconsejarme sobre cómo abordar este problema? cualquier orientación sería muy apreciada. gracias por su atención a este asunto. atentamente, <name>",tech online store
"urgente: tiempo de inactividad de la red - malfuncionamiento del enrutador cisco estimado equipo de soporte de servicios de ti, les escribo para informarles sobre un problema crítico que afecta nuestra infraestructura de red. nuestro cliente, <name>, ha informado de un tiempo de inactividad significativo de la red que parece estar vinculado a un enrutador cisco modelo isr4331 que está fallando. este problema requiere atención urgente ya que se encuentra en un área de alto tráfico crucial para nuestras operaciones. el enrutador ha estado experimentando cortes intermitentes durante los últimos días, pero hoy ha escalado, llevándose abajo todo el segmento de la red. los impactos de este tiempo de inactividad han sido severos, causando interrupciones en nuestras operaciones de transferencia de datos y afectando nuestra capacidad para servir a los clientes de manera efectiva. se han realizado intentos para resolver el problema internamente, incluyendo reiniciar el enrutador y verificar que no haya conexiones sueltas. sin embargo, estas medidas no han tenido éxito y la situación persiste. dada la naturaleza crítica y la ubicación de este enrutador, es imperativo que restablezcamos la funcionalidad completa lo antes posible. agradecemos que prioricen este problema y envíen a un técnico especializado para diagnosticar y reparar el enrutador. ¿podrían proporcionarnos un tiempo estimado de cuándo podría estar disponible un técnico? además, si hay alguna solución temporal o sugerencia que podamos emplear en el ínterin, eso ayudaría enormemente a minimizar las interrupciones en el negocio. por favor, contáctenme a la brevedad a <tel_num> o a través de este correo electrónico para confirmar la recepción de este mensaje y comenzar a coordinar los esfuerzos de soporte. la estabilidad operativa de nuestro cliente es primordial, y su pronta atención a este asunto es crucial. gracias por su asistencia inmediata. atentamente, <name> gerente de soporte, <company name>",it services
"problema con microsoft surface pro 7 estimado cliente del soporte técnico de tech online store, espero que este mensaje le encuentre bien. le escribo para llamar su atención sobre un problema que he estado experimentando con un producto que compré recientemente en su tienda, el microsoft surface pro 7. ha sido una pieza de tecnología impresionante en muchos aspectos, pero estoy encontrando un problema recurrente que se está volviendo cada vez más molesto. comencé a notar una parpadeo esporádico en la pantalla del dispositivo durante escenarios de uso ligero, como navegar por la web o trabajar en aplicaciones de oficina. este parpadeo no ocurre constantemente sino más bien en intervalos irregulares. comenzó unos días después de la configuración inicial y ha sido persistente desde entonces. inicialmente, pensé que podría estar relacionado con un software específico, así que me aseguré de actualizar todos los controladores y aplicaciones, incluyendo las últimas actualizaciones de windows. a pesar de estos esfuerzos, el problema persiste. según mi observación, el parpadeo parece aleatorio y no está vinculado a ningún programa o tarea en particular. a veces parpadea durante la reproducción de video, y otras veces mientras nada parece estar funcionando de manera pesada en segundo plano. esta situación es bastante preocupante ya que afecta la usabilidad del dispositivo, especialmente cuando intento trabajar durante períodos prolongados. el parpadeo parece convertirse en una distracción, y me preocupa que pueda indicar un problema de hardware subyacente más profundo que podría empeorar con el tiempo. ¿podría por favor asesorarme sobre qué pasos debo seguir a continuación? ¿hay posibilidad de reparación o reemplazo bajo garantía, o hay algunos pasos de solución de problemas que podría haber pasado por alto? cualquier orientación que pueda proporcionar sería muy apreciada ya que confío en este dispositivo tanto para trabajar como para fines de entretenimiento. gracias por su rápida atención a este asunto. espero su respuesta y espero una resolución satisfactoria pronto. atentamente, <name>",tech online store
"urgente: incidente técnico con el router cisco estimado equipo de soporte al cliente, espero que este mensaje los encuentre bien. me estoy comunicando para reportar un incidente técnico de alta prioridad que involucra uno de nuestros dispositivos cisco router isr4331. el dispositivo actualmente no está proporcionando acceso a internet, lo que está afectando significativamente nuestras operaciones comerciales. este problema requiere atención inmediata de su equipo de soporte técnico para minimizar el tiempo de inactividad y la posible pérdida de negocio. los detalles del incidente son los siguientes: - modelo de dispositivo: cisco router isr4331 - problema identificado: no hay conectividad a internet - impacto: disrupción total de la red de la oficina - severidad: alta agradeceríamos si su equipo de soporte técnico pudiera evaluar la situación y proporcionarnos una solución potencial lo antes posible. por favor, asesoren sobre los próximos pasos, y si se requiere más información, estoy disponible en su conveniencia para proporcionarla. gracias por su atención inmediata a este asunto urgente. esperamos su pronta respuesta. saludos cordiales, <name> número de cuenta: <acc_num> número de teléfono: <tel_num> correo electrónico: <email>",it services
"solicitud de devolución de hp deskjet 3755 estimado servicio al cliente, estoy teniendo problemas con la conectividad inalámbrica de la hp deskjet 3755 que compré recientemente. he seguido todas las instrucciones de configuración, pero el problema sigue ocurriendo. agradecería su orientación sobre cómo proceder con la devolución del producto y recibir un reembolso. gracias, <name> <email_address>",tech online store
"problema recurrente de bloqueo de excel después de la actualización estimado soporte al cliente, estoy escribiendo para informar sobre un problema continuo que ha surgido después de la última actualización de software instalada en mi computadora. mi nombre es <name> y estoy experimentando errores de bloqueo frecuentes específicamente con la aplicación excel de microsoft office 365. cada vez que intento abrir o trabajar dentro de excel, la aplicación se cierra inesperadamente, impidiéndome acceder a datos y documentos importantes que necesito para tareas diarias. este problema parece persistir independientemente del archivo de hoja de cálculo que estoy tratando de abrir o crear. comenzó inmediatamente después de que se instaló la actualización de software, por lo que sospechamos que puede estar asociado con los cambios recientes. ¿podría proporcionarme orientación o una posible solución para resolver este asunto rápidamente? dependo en gran medida de microsoft office 365 para mi trabajo y espero que este problema se solucione lo antes posible. entendiendo la urgencia de mantener la productividad, espero su rápida respuesta. no dude en contactarme al <tel_num>. gracias por su apoyo. atentamente, <name>",it consulting firm
"asistencia urgente necesaria: caída del servidor mysql estimado equipo de soporte al cliente,<br><br>estoy escribiendo para solicitar urgentemente asistencia con un problema crítico que estamos enfrentando con nuestro servidor de base de datos mysql, versión 8.0.30. desafortunadamente, se cayó durante una operación altamente crítica que ha afectado gravemente nuestras operaciones comerciales. nuestra situación actual requiere atención inmediata para restaurar la funcionalidad de la base de datos y evitar mayores interrupciones y pérdida de datos potencial. <br><br>la caída de la base de datos ocurrió aproximadamente a las 10:45 am de hoy mientras se procesaba una tarea sensible al tiempo integral para la continuidad de nuestro servicio. hemos intentado solucionar el problema utilizando procedimientos de recuperación estándar, pero sin éxito. dada la complejidad y urgencia de la situación, requerimos intervención experta lo antes posible. <br><br>dependemos de esta base de datos para varias funciones comerciales principales, y cualquier tiempo de inactividad prolongado podría resultar en desafíos operativos significativos. le pido amablemente su atención inmediata para resolver este asunto. por favor, indíquenos los próximos pasos o cualquier información necesaria de nuestra parte para acelerar el proceso de soporte. puede comunicarse conmigo directamente al <tel_num> para cualquier colaboración inmediata requerida.<br><br>gracias por su pronta atención a este asunto urgente. espero su rápida respuesta y resolución.<br><br>atentamente,<br><name>",it services
"solicitud de cambio en la configuración de gestión de aws estimado soporte de servicios de ti, estoy escribiendo para solicitar una revisión y modificación de nuestra configuración actual del servicio de gestión de aws. creemos que una revisión podría llevar a una mejor asignación de recursos y una mayor eficiencia en costos. ¿podrían por favor sugerir una configuración optimizada? nuestro número de cuenta es <acc_num>. amablemente, proporcione un cronograma estimado para los cambios. gracias por su atención. atentamente, <name>",it services
"asistencia urgente requerida: servicio de aws estimado equipo de soporte de servicios de ti, me estoy contactando con respecto a un ticket de alta prioridad relacionado con nuestro servicio de gestión de aws. estamos experimentando desafíos significativos en la implementación de servicios y en la optimización de los costos de nuestra infraestructura en la nube. es crucial para nosotros obtener claridad y soluciones eficientes sobre este asunto. hemos notado gastos más altos de lo esperado, y el proceso de implementación parece tener varios obstáculos que impiden un funcionamiento fluido. como esto está afectando nuestra eficiencia operativa y planificación financiera, se solicita urgentemente su asistencia experta. ¿podrían por favor priorizar este ticket y guiarnos sobre las mejores prácticas para agilizar la implementación y gestionar los costos de manera efectiva en aws? su pronta respuesta ayudará en gran medida a mitigar las posibles pérdidas y a optimizar los sistemas actuales. gracias por su atención y experiencia inmediata. atentamente, <name> <acc_num> <name@example.com> <tel_num>",it services
"estimado soporte al cliente, estoy escribiendo para informarle sobre un problema crítico que estamos experimentando con el servicio de gestión de aws. actualmente, el panel de gestión de aws está fuera de servicio, y los usuarios no pueden acceder a ningún servicio en la nube. esta interrupción está teniendo un impacto significativo en el negocio y requiere una solución inmediata. la indisponibilidad de este servicio está obstaculizando la productividad de nuestro equipo y afectando nuestras operaciones. ¿podría investigar este problema con urgencia y proporcionarnos un cronograma estimado para la resolución? si hay soluciones alternativas conocidas o temporales, por favor infórmenos lo antes posible. apreciaríamos mucho estar en comunicación continua hasta que el problema se resuelva. su pronta atención a este asunto es muy apreciada. gracias, <name> <tel_num> <acc_num>",it services
"problemas de implementación con aws estimado equipo de soporte al cliente, me pongo en contacto con respecto a algunos desafíos que estamos encontrando con la infraestructura de aws administrada a través de su servicio de gestión de aws. nuestro equipo ha estado enfrentando problemas durante la implementación, lo que está llevando a retrasos significativos en la línea de tiempo de nuestro proyecto. parece que el proceso de implementación no se está sincronizando correctamente con nuestra configuración actual de infraestructura, que depende completamente del ecosistema de aws. agradeceríamos su asistencia para resolver este asunto lo más rápido posible. si es necesario, podemos proporcionar detalles adicionales de nuestra parte sobre los mensajes de error o registros específicos observados. nuestro objetivo es una resolución oportuna para mitigar más interrupciones en el negocio. por favor, háganos saber cómo proceder mejor. si es necesaria una llamada telefónica o intervención directa de un experto de aws, estamos disponibles a su conveniencia. gracias de antemano por su pronta atención a este problema. atentamente, <name>",it services
"problema frecuente de atascos de papel con la impresora hp estimado cliente del soporte técnico de la tienda en línea, estoy escribiendo para informarles sobre un problema que he estado experimentando con la impresora hp deskjet 3755, que compré recientemente en su tienda en línea. el dispositivo se atasca con frecuencia durante las impresiones en color inalámbricas, particularmente cuando uso mis configuraciones preferidas. este problema persistente ha interrumpido significativamente mi flujo de trabajo. he asegurado que se sigan todos los pasos de mantenimiento recomendados, como cargar el papel correctamente y utilizar el tipo de papel especificado, pero el problema persiste. además, lo he probado con múltiples dispositivos para descartar cualquier problema de conectividad, pero el problema continúa. ¿podrían aconsejarme sobre cómo resolver eficazmente este problema o, si es posible, cómo proceder con una reparación o reemplazo a través de su proceso de garantía? agradecería mucho su asistencia para abordar este asunto de manera rápida. gracias por su atención a esta situación. espero su respuesta. atentamente, <name> <acc_num>",tech online store
"problemas intermitentes de conectividad con eap245 estimado cliente de tech online store, estoy experimentando problemas intermitentes de conectividad con mi punto de acceso tp-link eap245. parece estar relacionado con una posible interferencia inalámbrica que afecta la funcionalidad de banda dual. ¿puede ayudarme a resolver este problema? mi número de cuenta es <acc_num>. gracias por su atención. atentamente, <name>, <tel_num>",tech online store
"hola soporte al cliente, estoy experimentando problemas con mi macbook air m1. se bloquea y se apaga aleatoriamente, interrumpiendo mis tareas laborales. por favor, aconsejen sobre los pasos de solución de problemas o posibles soluciones. mi número de cuenta es <acc_num>. saludos, <name>",tech online store
"problema de cierre de photoshop 2024 estimado soporte al cliente, he estado experimentando cierres de la aplicación al usar adobe photoshop 2024 en windows 11 al aplicar filtros de imagen específicos. por favor, aconsejen sobre una solución para resolver este problema. gracias, <name>",tech online store
"urgente: problema de sobrecalentamiento del dell xps 13 estimado soporte al cliente, estoy escribiendo para informar un problema significativo con mi portátil dell xps 13 9310. se está sobrecalentando extensamente, lo que lleva a una importante degradación del rendimiento durante su uso. por favor, aconsejen sobre posibles soluciones o los próximos pasos para abordar este problema. gracias, <name>",tech online store
"problemas con el despliegue del servicio de gestión de aws estimado equipo de atención al cliente, espero que este mensaje les encuentre bien. nos dirigimos a ustedes para llamar su atención sobre un problema recurrente que estamos enfrentando con nuestro servicio de gestión de aws, específicamente en lo que respecta a las configuraciones de despliegue. durante las últimas semanas, nuestro equipo ha experimentado interrupciones intermitentes del servicio y problemas de acceso, que sospechamos están asociados con estos ajustes de configuración. durante los periodos de mayor uso, el servicio tiende a volverse no disponible o lento en responder, lo que está afectando nuestras operaciones y nuestra capacidad para atender a los clientes de manera eficiente. ya hemos intentado varias estrategias internas para abordar estos problemas, incluyendo la revisión de nuestras configuraciones actuales y la escalabilidad de nuestros recursos, pero lamentablemente estos esfuerzos no han resuelto el problema subyacente. ¿podrían ayudarnos a identificar la causa raíz de estas interrupciones? creemos que una investigación más profunda y la visión experta de su parte serán cruciales para resolver estos desafíos continuos. para acelerar el proceso de resolución, estamos interesados en discutir este asunto con uno de sus especialistas técnicos. se agradecería mucho si pudiéramos programar una llamada a la brevedad posible. gracias por su atención y asistencia. atentamente, <name> <name> llc <tel_num>",it services
"problemas de conectividad inalámbrica de hp deskjet 3755 estimado soporte de tech online store, estoy experimentando problemas con la conectividad inalámbrica de mi impresora hp deskjet 3755. consistentemente falla en conectarse de forma inalámbrica, lo que afecta significativamente mis tareas de impresión. ¿podrían proporcionarme pasos de solución de problemas para abordar este problema? agradeceré enormemente su asistencia para resolver esta inconveniencia a la brevedad posible. gracias, <name>",tech online store
"problema con el acceso al panel de jira software estimado equipo de atención al cliente, estoy experimentando un problema recurrente con la versión 8.20 de jira software, donde intentar acceder a un panel personalizado resulta en un error 500. este error afecta significativamente nuestra efectividad en la gestión de proyectos, causando interrupciones en el flujo de trabajo de nuestro equipo. dependemos en gran medida de esta función y la falta de acceso ha obstaculizado nuestras operaciones diarias. ¿podrían por favor asesorarme sobre los pasos que podríamos tomar para resolver este error o proporcionar un plazo estimado para una solución? su pronta asistencia para abordar este asunto sería muy apreciada, ya que es crucial para nuestros proyectos en curso. gracias por su atención a este asunto urgente. atentamente, <name>",it services
"diagnósticos de hardware inmediatos para dell xps 13 9310 hola, estoy experimentando parpadeo en la pantalla de mi dell xps 13 9310. ¿podría por favor organizar diagnosticos de hardware y reparación inmediatos para este problema? mi número de cuenta es <acc_num>. gracias por su pronta asistencia. atentamente, <name>",tech online store
"hola, estoy escribiendo para abordar una discrepancia en la facturación relacionada con mi compra reciente de un microsoft surface pro 7. por favor, revise mi caso lo antes posible. mi número de cuenta es <acc_num>. gracias por su ayuda. saludos, <name>.",tech online store
"asistencia urgente requerida estimado equipo de soporte al cliente, estoy escribiendo para buscar urgentemente asistencia respecto a un problema de tiempo de inactividad inesperado que afecta nuestro servicio de gestión de aws. durante un procedimiento de mantenimiento rutinario del servidor que se realizó en una de nuestras instancias de aws, experimentamos un corte imprevisto que actualmente está impactando significativamente nuestras operaciones. dependemos en gran medida de los servicios de aws para apoyar nuestras tareas diarias, y cualquier tiempo de inactividad tiene un efecto negativo sustancial tanto en nuestra productividad como en nuestras operaciones comerciales. ya hemos verificado nuestros sistemas internos y, tras revisiones exhaustivas, parece que el problema podría estar dentro del marco de aws. solicito amablemente una investigación inmediata para identificar y resolver el asunto. además, agradecería si puede proporcionar actualizaciones sobre las posibles causas y los plazos de resolución esperados. por favor, trate esta solicitud con alta prioridad, entendiendo la urgencia impuesta por nuestra dependencia de su infraestructura. su pronta asistencia y cooperación para abordar esta situación con rapidez sería muy apreciada. espero con interés su atención inmediata y actualizaciones sobre la resolución de este problema crítico. gracias por su pronta atención. saludos cordiales, <name> contacto: <tel_num> cuenta: <acc_num>",it services
"solicitud de asistencia técnica estimado cliente del soporte técnico de la tienda online, espero que este mensaje le encuentre bien. estoy escribiendo para solicitar asistencia con un portátil dell xps 13 9310 comprado en su tienda. recientemente, he encontrado un problema persistente con el sistema de sonido del portátil, afectando tanto a los altavoces integrados como a cualquier dispositivo de audio externo conectado. a pesar de ajustar varias configuraciones y de intentar múltiples métodos de solución de problemas encontrados en línea, el problema persiste. parece que la salida de audio está distorsionada y, a veces, se corta por completo. este problema está afectando mi capacidad para usar el portátil de manera efectiva tanto para tareas personales como profesionales. ¿podría orientarme sobre cómo proceder con la solución de problemas o, si es necesario, iniciar una solicitud de servicio para soporte técnico? si se requiere información adicional, como el recibo de compra o los números de etiqueta de servicio, estoy listo para proporcionar estos detalles. agradecería mucho su ayuda para resolver este asunto. gracias por su apoyo. atentamente, <name> <acc_num>",tech online store
"consulta sobre la política de igualación de precios de microsoft office 365 estimado servicio de atención al cliente, me pongo en contacto para pedir aclaraciones sobre la nueva política de precios relacionada con microsoft office 365, como se menciona en su último anuncio. después de revisar la información proporcionada en su sitio, no pude entender completamente los detalles sobre cómo funciona la igualación de precios y las pautas para los productos que califiquen bajo esta política, especialmente en lo que respecta a software específico como microsoft office 365. además, ¿podrían explicar cómo puede afectar esta política a los artículos comprados en línea, específicamente aquellos comprados a través de su interfaz de compra en línea de análisis de regresiones de excels? es fundamental para mí entender si la solución proporcionada incorpora exclusiones o condiciones adicionales. cualquier documentación o detalles adicionales sobre el período de implementación efectiva y escenarios que afectan los pedidos existentes realizados bajo <acc_num>, serían muy apreciados. gracias por su asistencia y espero su pronta respuesta. atentamente, <name>",tech online store
"problema con la impresión a doble cara de la canon pixma mg3620 hola, me estoy poniendo en contacto para informar sobre un problema con mi canon pixma mg3620 comprada en la tienda online tech. el principal problema que estoy encontrando es que la impresora no inicia la impresión a doble cara, a pesar de seguir diligentemente todos los pasos de solución de problemas proporcionados en el manual del usuario. he realizado múltiples intentos de restablecimiento de fábrica, con la esperanza de resolver este problema por mi cuenta, pero, lamentablemente, sin éxito. la impresora, a pesar de ser relativamente nueva, no parece entrar en el modo de impresión a doble cara incluso cuando selecciono la opción de impresión a doble cara. también me he asegurado de que los controladores de la impresora estén actualizados y los he reinstalado como medida de precaución. agradecería que su equipo pudiera proporcionar más orientación o sugerir algún paso adicional que podría haber pasado por alto para abordar este problema de manera efectiva. si necesita detalles específicos para poder asistirme mejor, por favor háganmelo saber. gracias por su apoyo oportuno. espero su respuesta a la brevedad posible. saludos cordiales, <name> <tel_num> <acc_num>",tech online store
"consulta sobre consultoría de ti estimado soporte al cliente, me comunico para preguntar sobre sus servicios integrales de consultoría de ti. estamos interesados en detalles y precios, específicamente para establecer un sistema de tickets eficiente dentro de nuestra empresa. ¿podrían proporcionarnos información sobre los servicios que ofrecen relacionados con esto y cualquier paquete de precios disponible? además, agradeceríamos cualquier información sobre cómo sus soluciones pueden mejorar nuestras operaciones actuales. por favor, háganos saber el plazo habitual para la implementación y cualquier otro detalle relevante. puede contactarme al <tel_num> o responder a este correo electrónico a la brevedad. gracias, <name>",it consulting firm
"problema con la función inalámbrica de la epson ecotank et-4760 hola equipo de soporte, estoy experimentando un problema con mi impresora epson ecotank et-4760. la función de impresión inalámbrica no está funcionando. he intentado todos los métodos de solución de problemas recomendados por el manual del usuario, pero sin éxito. ¿podrían ofrecerme alguna orientación para resolver esto? su asistencia sería sinceramente apreciada. gracias. saludos cordiales, <name> <tel_num>",tech online store
"asistencia requerida para la configuración del despliegue de software estimado servicio de atención al cliente de la firma de consultoría de ti, espero que este mensaje le encuentre bien. me pongo en contacto para solicitar asistencia con un problema que estoy experimentando respecto a la configuración del despliegue de software en la configuración de ti de mi empresa. recientemente contratamos los servicios de consultoría de ti de su firma para optimizar nuestras operaciones; sin embargo, hemos encontrado algunos desafíos durante la fase de implementación. específicamente, los ajustes de configuración proporcionados no parecen alinearse con nuestra infraestructura existente, lo que lleva a problemas de conectividad y retrasos en el despliegue del software. he seguido de cerca las pautas incluidas en el manual de servicio, pero no he visto ninguna mejora en el rendimiento del sistema. para garantizar que la implementación continúe sin problemas, requiero más orientación sobre este asunto. ¿podría su equipo proporcionar apoyo o recursos adicionales que nos ayuden a resolver estos problemas de manera expedita? sería muy apreciado si un especialista técnico pudiera revisar nuestros ajustes de configuración a la mayor brevedad posible. gracias por su atención y pronta asistencia. espero su respuesta. atentamente, <name> <acc_num> <tel_num>",it consulting firm
"crítico: problema de congelación de la interfaz de la aplicación estimado equipo de soporte, me estoy poniendo en contacto para notificarles sobre un problema urgente que afecta su servicio de desarrollo de aplicaciones en javascript react. hemos descubierto que la interfaz de la aplicación se detiene durante las interacciones del usuario, lo que impacta considerablemente su funcionalidad y la satisfacción del usuario. este problema se ha vuelto cada vez más problemático y requiere atención inmediata para solucionarlo y mejorar la experiencia del usuario. por favor, considere este problema como urgente y ayúdenos a resolver la complicación técnica. dependemos de la operación fluida de la aplicación javascript react para nuestras funciones comerciales. agradecería que me mantuvieran informado sobre su progreso, y háganme saber si necesitan información adicional de nuestra parte para acelerar los esfuerzos de solución de problemas. gracias por su rápida respuesta respecto a este asunto. atentamente, <name>",it consulting firm
"problema de facturación estimado servicio al cliente, estoy escribiendo para llamar su atención sobre un problema de facturación relacionado con mi compra reciente de la laptop dell xps 13 9310 en su tienda en línea. a pesar del descuento promocional ofrecido en el proceso de compra, mi cuenta reflejó un cargo incorrecto. mi id de pedido es <order_id> y la fecha de la transacción es <date>. por favor, prioricen la resolución de este problema rápidamente para evitar cualquier impacto en mi situación crediticia. espero su pronta asistencia para corregir esta discrepancia. no duden en contactarme al <tel_num> para cualquier información adicional necesaria. gracias por su atención a este asunto. atentamente, <name>",tech online store
"solicitud de intercambio de producto estimado servicio de atención al cliente, recientemente compré una microsoft surface pro 7 en tech online store, y desafortunadamente, la pantalla táctil no funciona correctamente. he intentado solucionar el problema sin éxito. el dispositivo todavía está bajo garantía y me gustaría solicitar un intercambio. mi número de pedido es <order_num> y fue comprado a nombre de <name>. por favor, háganme saber los próximos pasos que debo seguir para iniciar el proceso de intercambio. gracias por su asistencia. atentamente, <name> <tel_num>",tech online store
"consulta sobre la disponibilidad del macbook air m1 estimado servicio de atención al cliente,<br><br>mi nombre es <name> y estoy interesado en comprar el macbook air m1. agradecería si pudieran proporcionarme información sobre su disponibilidad. además, me gustaría preguntar sobre las opciones de entrega disponibles para este producto, ya que estoy ansioso por comprarlo lo antes posible. pueden contactarme en <email> o llamarme al <tel_num> para cualquier aclaración o actualización adicional. espero su respuesta con los detalles necesarios. gracias por su ayuda.<br><br>atentamente,<br><name>",tech online store
"soporte urgente requerido para problemas de gestión de aws estimado soporte al cliente, espero que este mensaje le encuentre bien. me estoy comunicando para solicitar asistencia inmediata con un problema de alta prioridad que estamos experimentando con el servicio de gestión de aws. este problema de implementación está afectando actualmente a múltiples sistemas y está causando interrupciones significativas en nuestras operaciones. como puede imaginar, el tiempo de inactividad continuo está afectando negativamente nuestros procesos empresariales y plazos. nuestra configuración actual implica integraciones complejas que se están gestionando a través de la plataforma aws, y estos fallos de implementación están planteando desafíos sustanciales. nuestro equipo ha hecho varios intentos para rectificar estos problemas de nuestra parte, pero desafortunadamente, los problemas persisten. dada la gravedad de esta situación, le solicitamos amablemente su intervención experta para resolver estos problemas a la mayor brevedad posible. confiamos en su competencia técnica y anticipamos una resolución rápida. si es necesario, estoy disponible para una llamada al <tel_num> para discutir el problema en detalle y proporcionar cualquier información adicional que pueda ayudarle a diagnosticar el problema. gracias por su pronta atención a este asunto. atentamente, <name> <position> <company_name>",it services
"necesito asistencia con la configuración inalámbrica del hp deskjet 3755 estimado servicio de atención al cliente, recientemente compré un hp deskjet 3755 en su tienda en línea y tengo problemas para conectar su función inalámbrica. ¿podría ayudarme con la configuración? gracias por su ayuda. saludos cordiales, <name> <acc_num>",tech online store
"urgente: se requiere ayuda para fallo en la instalación - windows 11 pro estimado servicio al cliente, experimenté un error durante la instalación al actualizar a windows 11 pro. agradecería que me brindaran orientación sobre cómo solucionar este inconveniente lo antes posible. mi número de teléfono es <tel_num>. gracias, <name>",it services
"problemas con la actualización de jira software hola equipo de soporte al cliente, estoy experimentando problemas con la versión 8.20 de jira software. tengo un error al actualizar el estado del ticket, junto con problemas de rendimiento lento. además, la aplicación me desconecta inesperadamente con mucha frecuencia. esto ha sido disruptivo para mi flujo de trabajo, y busco asistencia para resolver estos problemas. por favor, háganme saber si se necesita información adicional para diagnosticar y solucionar estas preocupaciones. agradecería que pudieran priorizar este problema, ya que impacta mi capacidad de gestionar proyectos de manera eficiente. gracias, <name>",it services
"urgente: se requiere asistencia inmediata para un problema de administración de servidores hola soporte al cliente, espero que este mensaje te encuentre bien. actualmente estamos enfrentando un problema de alta prioridad con nuestra administración de servidores bajo su servicio de consultoría de ti. urgentemente requerimos su experiencia para identificar la causa raíz e implementar las soluciones necesarias. el problema está impactando significativamente nuestras operaciones y necesita atención inmediata. por favor, contáctenos a su conveniencia para discutir cómo podemos proceder con la solución de este problema lo más rápido posible. gracias. atentamente, <name> <acc_num> <tel_num>",it consulting firm
"solicitud de optimización y solución de problemas del sistema informático estimado equipo de soporte al cliente, estoy escribiendo para solicitar asistencia respecto a la optimización del sistema informático y la solución de problemas para mejorar el rendimiento y la estabilidad general de mi organización. hemos estado experimentando problemas con nuestro actual servicio de consultoría informática proporcionado por su empresa, lo que requiere su atención inmediata. ¿podría coordinar con nuestro departamento de ti para analizar nuestros sistemas actuales, identificar posibles mejoras y resolver cualquier problema subyacente? estamos ansiosos por resolver estos problemas rápidamente para mantener la eficiencia del flujo de trabajo y prevenir más interrupciones. por favor, contáctenos a su conveniencia para discutir un plan de acción detallado. gracias por su apoyo. atentamente, <name> <company_name>, <role> <tel_num>",it consulting firm
"problema de sobrecargo con el plan de google workspace estimado soporte al cliente, se me cobró de más por almacenamiento en la nube adicional a pesar de haber degradado mi plan en google workspace business standard. le agradecería que revisaran y ajustaran mi factura. mi número de cuenta es <acc_num>. gracias, <name>",software development company
"asistencia requerida para la configuración del dell xps 13 estimado servicio de atención al cliente, me pongo en contacto para solicitar orientación sobre la configuración de mi nuevo dell xps 13 9310. como busco lograr un rendimiento óptimo de este dispositivo, agradecería cualquier consejo sobre la configuración del software y los procedimientos de instalación que puedan mejorar su eficiencia. además, si hay controladores o actualizaciones específicas que deben instalarse para asegurar que todo funcione sin problemas, por favor hágamelo saber. compré el dispositivo bajo el número de cuenta <acc_num>. agradecería su pronta respuesta y cualquier recurso que pudieran compartir. su orientación es vital para ayudarme en este asunto. gracias por su apoyo y asistencia. atentamente, <name> <email_address> <tel_num>",tech online store
"problema de conectividad del teclado surface pro 7 estimado soporte al cliente de la tienda en línea de tecnología, estoy experimentando problemas de conectividad con el teclado desmontable de mi microsoft surface pro 7. se desconecta con frecuencia mientras está conectado a mi configuración de windows 10, lo que causa interrupciones significativas en mi trabajo. he intentado solucionar el problema utilizando métodos estándar, pero sin éxito a largo plazo. agradecería si pudieran brindarme orientación sobre cómo resolver este problema técnico o informarme sobre las opciones de reparación disponibles. mi surface pro 7 fue comprado bajo el número de cuenta <acc_num>. no duden en contactarme al <tel_num> para más ayuda. gracias. atentamente, <name>",tech online store
"problema de facturación con el servicio de aws estimado servicio de atención al cliente, me pongo en contacto para informar sobre un problema de facturación relacionado con el servicio de gestión de aws. nuestro cliente, <name>, director de <name> corp, expresó preocupaciones sobre cargos inesperados. notaron discrepancias en la gestión de costos de infraestructura en la nube y soluciones de optimización. por favor, investiguen estos errores de facturación y ofrezcan una resolución con prontitud. el número de cuenta del cliente es <acc_num>. les ruego que resuelvan este problema a la brevedad. pueden comunicarse conmigo al <tel_num> para más detalles. gracias por su asistencia. atentamente, <name>",it consulting firm
"problema con la impresora hp deskjet estimado servicio al cliente, estoy escribiendo para informar un problema con nuestra impresora hp deskjet 3755, que actualmente muestra un 'error de atascado de papel' que impide cualquier operación de impresión a color inalámbrica. a pesar de haber inspeccionado la impresora a fondo y de haber limpiado cualquier partícula de papel visible, el mensaje de error sigue persistiendo. este problema continuo está interrumpiendo significativamente nuestras tareas de impresión. apreciaríamos mucho cualquier asistencia o guía que pudiera ofrecer para resolver este problema rápidamente. gracias por su atención a este asunto, y espero su pronta respuesta. atentamente, <name> <acc_num>",it services
"incidente de alta prioridad: disrupciones en el router cisco estimado soporte al cliente, estamos experimentando problemas significativos con nuestro router cisco isr4331, lo que impacta nuestra estabilidad de red debido a frecuentes desconexiones. este es un incidente de alta prioridad que requiere atención inmediata. su respuesta rápida para rectificar la situación sería muy apreciada. gracias, <name> <acc_num> <tel_num>",it services
"problema de parpadeo en la pantalla del dell xps 13 estimado servicio de atención al cliente, me pongo en contacto para informar sobre un problema con mi dell xps 13 (modelo 9310) comprado en su tienda online tech. después de la reciente actualización de windows 10, he estado experimentando un fuerte parpadeo en la pantalla que hace que el portátil sea casi inutilizable. parece que el problema podría estar relacionado con la compatibilidad de la última actualización con el hardware de dell. como usuario entusiasta de productos dell, esto ha sido bastante inconveniente para mí. solicito amablemente su orientación sobre posibles soluciones o pasos que debería seguir para resolver este asunto. cualquier asistencia sería muy apreciada. no dude en contactarme aquí o por teléfono al <tel_num>. gracias por su atención a este asunto urgente. atentamente, <name>",tech online store
"atención inmediata necesaria: problemas con la gestión de servidores estimado equipo de soporte de servicios de it, me pongo en contacto con ustedes para llamar su atención sobre un asunto serio relacionado con las dificultades en la gestión de servidores que requieren intervención urgente. estas complicaciones están impactando nuestro servicio de consultoría de it. su pronta respuesta es vital para restablecer la funcionalidad necesaria para nuestras operaciones esenciales. saludos cordiales, <name>",it services
"necesito ayuda urgente: problema de implementación de aws estimado equipo de soporte de servicios de ti, les escribo para informarles sobre un problema crítico que estamos enfrentando con el servicio de gestión de aws. hemos encontrado un problema de implementación inesperado que ha resultado en un tiempo de inactividad significativo para nuestras aplicaciones dirigidas a los clientes. la situación requiere atención inmediata para restaurar nuestros servicios y garantizar que los clientes puedan acceder a nuestra plataforma sin más interrupciones. estamos particularmente preocupados por el impacto potencial en la satisfacción de nuestros clientes y los acuerdos de nivel de servicio si este problema no se aborda de manera rápida. por favor, proporcionen orientación sobre los pasos necesarios para resolver este problema rápidamente o dirijan nuestra solicitud a un equipo especializado que pueda ayudarnos más. para referencia, el número de cuenta afectada es <acc_num>, y nuestro último contacto con el soporte fue bajo la id de caso <case_id>. agradecemos su respuesta urgente a este asunto y esperamos una pronta resolución. gracias por su pronta atención a este problema crítico. un cordial saludo, <name> teléfono: <tel_num>",it services
"solicitud de actualización de zoom estimado soporte al cliente, espero que este correo le encuentre bien. mi nombre es <name>, y me comunico en relación a una solicitud de actualización para la aplicación de zoom que actualmente tenemos integrada en nuestra infraestructura de ti. estamos utilizando la versión 5.11.0 de zoom, y para garantizar una mayor seguridad junto con la integración de nuevas funciones, estamos interesados en actualizar a la última versión disponible. dado el clima actual y el aumento en el uso de plataformas como esta, se ha vuelto primordial mantener los más altos estándares de seguridad. nuestros usuarios dependen en gran medida de zoom para operaciones y reuniones diarias, y asegurarnos de utilizar la versión más segura y eficiente es crucial para nuestra continuidad. las actualizaciones recientes de zoom han abordado varios problemas de seguridad e introducido mejoras que creemos beneficiarán significativamente nuestras operaciones. ¿podría guiarnos a través del proceso de actualización y hacernos saber la mejor manera de proceder? si hay requisitos específicos o prerrequisitos necesarios para la actualización, le agradeceríamos que los detallara también. además, agradeceríamos si se pudiera estimar el posible tiempo de inactividad, si lo hay, durante esta actualización, lo que nos permitiría programar y prepararnos en consecuencia. no dude en ponerse en contacto conmigo directamente en <email_address> o por teléfono en <tel_num> si necesita información adicional o tiene alguna pregunta. gracias por su pronta atención a esta solicitud. esperamos un proceso de actualización sin problemas con su apoyo. atentamente, <name> <position> <company_name>",it services
"estimado cliente de soporte de servicios de ti, espero que este mensaje le encuentre bien. estoy escribiendo para informarle sobre un incidente crítico que ocurrió durante una sesión de servicio de consultoría de ti, que ha afectado adversamente nuestra administración de servidores y el sistema de tickets. dado el impacto del problema, lo calificaría como de alta prioridad y requiere atención inmediata para resolverlo. el incidente tuvo lugar durante una consulta de rutina destinada a mejorar nuestra infraestructura de ti. de manera inesperada, a mitad de la sesión, nos encontramos con una serie de interrupciones que llevaron al mal funcionamiento tanto de nuestras capacidades de gestión de servidores como de nuestro sistema de tickets utilizado para el seguimiento de problemas y tareas. como puede imaginar, tales interrupciones están afectando significativamente nuestras operaciones diarias y nuestra capacidad para brindar soporte oportuno a nuestros propios clientes. lo que agrava el problema es que estamos experimentando retrasos en la solución de problemas debido a los sistemas afectados. dependemos en gran medida del sistema de tickets para registrar y monitorear problemas técnicos y de nuestra administración de servidores para garantizar acceso ininterrumpido a aplicaciones cruciales y datos de clientes. sin estas funcionalidades clave, nuestra eficiencia ha disminuido notablemente, arriesgando nuestros compromisos de nivel de servicio. ¿podría, por favor, priorizar este problema y asignar un equipo de soporte dedicado para ayudarnos a rectificar esta situación lo antes posible? necesitamos orientación sobre los pasos inmediatos a ejecutar para mitigar más problemas mientras se implementa una solución permanente. creo que una revisión integral por parte de sus consultores técnicos podría ayudar a diagnosticar y resolver rápidamente los cuellos de botella que resultan de este incidente. gracias por su inmediata atención a este asunto urgente. espero su pronta respuesta. saludos cordiales, <name> <name> corporación <tel_num> <email>",it services
"consulta sobre paquetes de consultoría y precios estimado servicio de atención al cliente, espero que este correo electrónico lo encuentre bien. me pongo en contacto para preguntar sobre los diferentes paquetes de consultoría y opciones de precios que ofrece su empresa. estamos considerando mejorar nuestra infraestructura de ti y requerimos ayuda profesional para mantener nuestros servidores de manera eficiente. ¿podría proporcionar información detallada sobre lo que abarcan sus servicios de consultoría de ti, incluyendo cualquier plan disponible que esté diseñado para el mantenimiento de servidores y mejoras en la infraestructura de ti? además, estamos interesados en comprender los costos asociados o descuentos disponibles. gracias por su atención a este asunto. espero su pronta respuesta, ya que nos ayudará enormemente a tomar una decisión informada. no dude en ponerse en contacto conmigo si necesita más información. atentamente, <name>",it consulting firm
complicaciones en el envío del samsung galaxy tab s7 estoy teniendo inconvenientes con el envío de mi solicitud del samsung galaxy tab s7.,online store
"urgente: problema de interrupción del servicio de gestión de aws estimado equipo de soporte de servicios de ti, les escribo para llamar su atención inmediata sobre una solicitud de cambio de alta prioridad que requiere intervención urgente relacionada con nuestro servicio de gestión de aws. recientemente, hemos estado experimentando interrupciones frecuentes que impactan severamente nuestras operaciones comerciales. los problemas han sido disruptivos, leading to significant downtime and consequently affecting our service delivery to clients. es crucial que abordemos este asunto prontamente para restaurar la estabilidad y prevenir más interrupciones. nuestro equipo ha intentado pasos iniciales de solución de problemas; sin embargo, la complejidad de la situación ha requerido intervención experta. agradeceríamos enormemente si su equipo especializado pudiera dedicar recursos urgentes para investigar e implementar una solución. esto incluye un análisis completo de las configuraciones actuales, identificar la causa raíz de las interrupciones e instituir medidas preventivas. adjunto todos los registros y configuraciones relevantes para su revisión. esperamos que su experiencia facilite una resolución rápida. esperamos su pronta respuesta y apoyo para remediar esta situación. gracias, <name> <acc_num> <name>@companyemail.com <tel_num>",it services
"atención urgente necesaria: problema de apagado inesperado en macbook air m1 estimado soporte al cliente, mi macbook air m1 se ha estado apagando inesperadamente durante su uso, posiblemente debido a un problema de batería. por favor, asista lo antes posible. saludos, <name>.",tech online store
"solicitud de asistencia para la configuración de aws estimado equipo de soporte al cliente, estoy escribiendo para solicitar asistencia con la configuración de recursos de aws para implementación, específicamente relacionados con su servicio de gestión de aws. nuestra empresa ha estado trabajando en la implementación de una infraestructura en la nube optimizada y necesitamos orientación para asegurar una gestión y despliegue eficiente utilizando aws. actualmente, nuestro equipo está enfrentando desafíos con la asignación y gestión de recursos que se alineen con nuestros objetivos organizacionales y criterios de rendimiento. apreciaríamos si su equipo de soporte técnico pudiera proporcionar instrucciones o materiales detallados que describan las mejores prácticas y soluciones potenciales adaptadas a nuestra escala y operaciones. además, si hay sesiones de consulta o talleres disponibles diseñados para ayudar a comprender los aspectos más finos del servicio de gestión de aws, háganoslo saber. creemos que la orientación experta sería inmensamente beneficiosa para empoderar a nuestro equipo técnico para gestionar e implementar los ajustes necesarios de manera eficiente. gracias de antemano por su asistencia y pronta respuesta. esperamos resolver exitosamente estos problemas con su ayuda. atentamente, <name> <company_name> <tel_num> <email_address>",it services
"solicitud de intercambio hola servicio de atención al cliente, estoy escribiendo para solicitar un intercambio de mi portátil dell xps 13 9310 debido a varios problemas de rendimiento. el portátil ha estado funcionando por debajo de lo esperado y ha causado inconvenientes significativos. por favor, háganme saber el proceso para iniciar un intercambio. espero su pronta respuesta. gracias. saludos, <name> <tel_num>.",tech online store
"problemas de audio en zoom estimado servicio de atención al cliente, estoy escribiendo para informar sobre un problema experimentado por nuestro equipo de recursos humanos durante una llamada en zoom en la versión del producto 5.11.0. los participantes no pudieron oírse claramente debido a problemas de audio persistentes. por favor, ayúdennos a resolver este asunto rápidamente. su apoyo para solucionar este problema sería muy apreciado para restablecer la comunicación fluida en nuestras próximas reuniones. gracias. atentamente, <name>",it services
"estimado equipo de atención al cliente, recientemente adquirí un lenovo ideapad 5 en su tienda en línea. lamentablemente, estoy enfrentando inconvenientes con la carga del dispositivo, ya que no parece sostenerla adecuadamente. ¿podrían brindarme asistencia para resolver esta situación o indicarme los pasos a seguir para realizar un reemplazo? cordialmente, <name> <acc_num>",online store
"urgente: problemas de red con el router cisco isr4331 estimado equipo de soporte de ti, les escribo para traer a su atención inmediata algunos problemas persistentes de red que estamos experimentando con nuestro router cisco isr4331. durante las últimas semanas, hemos notado una interrupción significativa en la conectividad, que se manifiesta particularmente como caídas repentinas y disminución del rendimiento durante las horas pico. este problema se ha vuelto cada vez más problemático, afectando nuestra capacidad para mantener niveles óptimos de operación. es crucial para nuestras operaciones contar con un rendimiento de red estable y confiable, y estas interrupciones están causando ineficiencias y tiempo de inactividad. nuestro equipo ha realizado diagnósticos preliminares y se ha asegurado de que no hay sobrecargas en la red local o problemas de configuración simples que podrían explicar estos problemas. por lo tanto, sospechamos que el propio router puede estar fallando. solicitamos su evaluación experta para identificar la causa raíz de estas interrupciones. ¿podría programar una inspección detallada o tal vez proporcionar información de manera remota? también estamos abiertos a discutir posibles actualizaciones o ajustes de configuración para mitigar este problema. por favor, trate esto como urgente e infórmenos de los próximos pasos a la brevedad posible. gracias por su atención inmediata a este asunto. atentamente, <name> <company> <tel_num> <email>",it services
"solicitud urgente: restauración inmediata del router cisco estimado equipo de soporte al cliente, le escribo para informarle sobre un problema crítico que estamos encontrando con uno de nuestros dispositivos de red esenciales. involucra nuestro router cisco isr4331, que inesperadamente se desconectó esta mañana. este incidente ha interrumpido significativamente la conectividad de nuestra red empresarial, afectando las operaciones diarias y la productividad. tener una red estable y consistente es crucial para nuestros procesos de negocio, y una pérdida prolongada podría provocar pérdidas de ingresos sustanciales. solicitamos urgentemente su atención inmediata para resolver este asunto. dependemos en gran medida de su experiencia y acción rápida para restaurar la normalidad en nuestra operación de red. nuestro departamento de ti ha realizado diagnósticos preliminares sin éxito en la resolución del problema, y parece requerir un nivel más alto de intervención técnica. por favor, contacte a nuestro gerente de ti, <name>, al <tel_num> o por correo electrónico a <email> para coordinar más. hemos asignado recursos para facilitar cualquier procedimiento de solución de problemas que pueda recomendar. su pronta respuesta y apoyo en la resolución de este asunto serán muy apreciados. gracias por su comprensión y atención inmediata a este asunto urgente. atentamente, <name> posición departamento <acc_num> empresa de <name>",it consulting firm
"urgente: se requiere resolución inmediata para el tiempo de inactividad de aws estimado soporte al cliente, estoy escribiendo para llamar su atención inmediata sobre un problema crítico que estamos experimentando con nuestra infraestructura de aws, gestionada a través de su servicio de gestión de aws. debido a una severa interrupción, nuestro sitio web está actualmente fuera de servicio, causando una inconveniencia significativa y posibles pérdidas comerciales. este problema ha llevado a nuestro equipo de ti a explorar soluciones potenciales y posibles escenarios de conmutación por error, pero la experiencia necesaria para gestionar y resolver este asunto efectivamente reside dentro de sus servicios de soporte. en las últimas horas, ha quedado claro que la causa subyacente es compleja, posiblemente vinculada a actualizaciones recientes o malas configuraciones. requerimos intervención urgente para diagnosticar y rectificar este problema, asegurando que todos los sistemas sean restaurados a plena funcionalidad. la infraestructura de aws es integral para nuestras operaciones, y el tiempo de inactividad prolongado no es sostenible. para aclarar, nuestro número de cuenta es <acc_num> y nuestra preocupación más urgente es minimizar el tiempo de inactividad. le solicitamos amablemente que priorice esta consulta, despliegue los recursos necesarios y proporcione una solución lo antes posible. por favor, no dude en contactarme directamente al <tel_num> si se necesita información adicional. esperamos su pronta respuesta. saludos cordiales, <name>",it consulting firm
"asistencia urgente necesaria estimado soporte al cliente, nuestro router cisco isr4331 está experimentando desconexiones frecuentes, lo que afecta gravemente nuestras operaciones comerciales. esto requiere una solución y reparación urgente. por favor, ayuden a la mayor brevedad posible. gracias, <name> <company> <tel_num>",it consulting firm
"urgente: problemas con cisco isr4331 estimado soporte al cliente, estoy escribiendo para llamar su atención sobre un problema significativo que estamos enfrentando con uno de sus productos, el router cisco isr4331. hemos estado utilizando este dispositivo debido a sus sólidas capacidades de rendimiento y fiabilidad, esenciales para mantener las operaciones sin interrupciones de nuestra infraestructura de red. sin embargo, recientemente hemos encontrado problemas de rendimiento repentinos que han causado serias interrupciones en múltiples conexiones de usuario. esto ha generado una considerable preocupación dentro de nuestra organización, considerando la dependencia que tenemos de este router para la eficiencia de la red. la degradación inesperada en el rendimiento se manifiesta en una lenta transmisión de datos a través de nuestra red, lo que resulta en un tiempo de inactividad considerable y una disminución de la productividad. sospechamos que esto puede deberse a fallas en el firmware o a un posible mal funcionamiento del hardware, aunque no pudimos determinar la causa exacta basándonos únicamente en nuestra evaluación interna. hemos agotado los protocolos de solución de problemas iniciales, incluidos los reinicios básicos y las reevaluaciones de configuración, sin mejoras. dada la naturaleza crítica de este router para nuestras operaciones de red, solicitamos urgentemente su experiencia para diagnosticar y resolver la anomalía. por favor, háganos saber si hay medidas de diagnóstico específicas o actualizaciones que recomiende. además, si pudiera aconsejar sobre cualquier paso potencial que podamos tomar para mitigar estas interrupciones mientras se identifica una solución, se lo agradeceríamos mucho. gracias de antemano por su pronta respuesta y asistencia para abordar este problema. espero su orientación. atentamente, <name>",it services
"asistencia urgente necesaria para el servicio de aws estimado soporte de servicios de ti, me pongo en contacto para solicitar ayuda inmediata con un problema relacionado con el servicio de gestión de aws. recientemente, experimentamos tiempos de actividad inesperados en los servidores, lo que ha resultado en un exceso de costos. necesitamos asistencia urgente para optimizar nuestro uso del servidor y abordar este problema con prontitud. por favor, háganos saber el mejor curso de acción y cualquier paso de solución de problemas que podamos tomar. gracias por su apoyo. atentamente, <name>",it services
"error de licencia urgente hola soporte de la tienda en línea de tecnología, estoy experimentando un error de licencia al intentar abrir adobe photoshop 2024 en mi macbook pro. este problema está afectando mis plazos de proyecto y necesito una resolución urgentemente. ¿podría ayudarme a resolver este asunto? gracias, <name> <email_address>",tech online store
"investigando la lentitud de internet debido al enrutador cisco estimado soporte al cliente, espero que este mensaje le encuentre bien. actualmente estamos experimentando velocidades lentas de internet, y parece que el problema puede estar relacionado con la configuración de nuestro enrutador cisco isr4331. agradeceríamos su ayuda para investigar esta posible causa y así acelerar la resolución. nuestra velocidad de internet ha disminuido notablemente, afectando nuestra productividad. cualquier información que pueda proporcionar sería muy apreciada. por favor, háganos saber qué archivos de registro o información adicional necesita para facilitar este diagnóstico. esperamos su pronta respuesta. gracias, <name> <tel_num> <acc_num>",it services
"picos de costo de instancia de aws estimado soporte al cliente de it consulting firm, me pongo en contacto para solicitar asistencia respecto a picos de costos inesperados que hemos estado experimentando debido a instancias de aws mal configuradas bajo su servicio de gestión de aws. sospechamos que nuestras instancias no han sido optimizadas para un uso eficiente de recursos, lo que ha llevado a gastos más altos. ¿podría proporcionarnos orientación o apoyo para ayudarnos a gestionar y optimizar mejor nuestro consumo de recursos? su experiencia en la resolución de este asunto es muy apreciada. gracias por su atención a este problema. atentamente, <name>",it consulting firm
"problema de parpadeo de pantalla estimado soporte al cliente, estoy experimentando problemas de parpadeo de pantalla con mi macbook air m1 de 13 pulgadas. necesito asistencia para resolver este problema de manera rápida. gracias, <name>.",tech online store
"solicitud de soporte técnico hola, estoy experimentando bloqueos frecuentes del navegador debido a extensiones en google chrome versión 102.0. por favor, proporciónenme asistencia para resolver este problema. mi número de cuenta es <acc_num>. gracias por su apoyo. saludos, <name>",tech online store
"hola atención al cliente, mi nombre es <name> y me pongo en contacto respecto a los problemas que hemos estado enfrentando con la asignación de tickets en jira software 8.20. estos problemas están impactando significativamente la eficiencia de nuestro flujo de trabajo en la gestión de proyectos, causando retrasos. no podemos asignar tickets correctamente, lo que está creando cuellos de botella en la ejecución del proyecto. nuestro número de cuenta es <acc_num>, y esperamos que este asunto pueda ser abordado con urgencia para restaurar nuestra productividad. por favor, aconseje sobre cualquier paso de solución de problemas o actualizaciones disponibles. gracias. saludos, <name> <tel_num>",software development company
"asistencia para errores de facturación hola, noté un error de facturación con respecto a mi reciente compra de la impresora hp deskjet 3755. mi número de cuenta es <acc_num>. ¿podría ayudarme a resolver este problema?",tech online store
"problemas con la pantalla táctil y el teclado de surface pro 7 estimado cliente del servicio de atención al cliente de la tienda en línea de tecnología, espero que este mensaje le encuentre bien. le escribo para llamar su atención sobre algunos problemas que he estado experimentando con mi microsoft surface pro 7, que compré recientemente. los principales problemas se refieren a la respuesta de la pantalla táctil y la conexión del teclado desmontable. desde la compra, la funcionalidad de la pantalla táctil ha sido inconsistente, a menudo fallando en registrar mis entradas táctiles con precisión. esta inconsistencia afecta significativamente la usabilidad del dispositivo, ya que confío principalmente en la función táctil para mis tareas diarias. además, el teclado desmontable se desconecta frecuentemente del dispositivo en intervalos aleatorios. he intentado varios pasos de solución de problemas, incluyendo reiniciar el dispositivo, actualizar controladores e incluso volver a conectar el teclado varias veces al día. a pesar de estos esfuerzos, el problema persiste. dadas las dificultades descritas anteriormente, solicito amablemente asistencia para resolver estos problemas. confío en que pueda haber encontrado problemas similares y posiblemente tener soluciones o procesos en marcha para abordarlos de manera efectiva. por favor, hágame saber cómo proceder o si es necesario un reemplazo. gracias por su atención a este asunto. atentamente, <name>",tech online store
"solicitud de aclaración estimado soporte al cliente, espero que este mensaje le encuentre bien. estoy escribiendo para solicitar un desglose detallado y una aclaración de los cargos recientes por los servicios de consultoría de ti proporcionados el mes pasado en la cuenta número <acc_num>. como cliente que aprecia la transparencia en las prácticas de facturación, me gustaría entender los detalles de cada cargo incluido en la factura con fecha del 30 de septiembre de 2023. a pesar de revisar la factura, encontré algunos elementos poco claros y deseo confirmar su relevancia con respecto a los servicios recibidos, particularmente aquellos enumerados en la sección de tarifas de consulta. ¿podría proporcionar información específica sobre cada cargo, incluyendo las horas facturadas, las categorías de consultores y cualquier tarifa asociada? además, si existen paquetes de servicios agrupados que influyan en estos elementos, agradecería una aclaración sobre cómo se calculó y aplicó esto a la factura total. gracias por su asistencia en este asunto. no dude en contactarme por correo electrónico o al <tel_num> para cualquier información adicional que necesite. espero su pronta y detallada respuesta. atentamente, <name>",it consulting firm
"asistencia necesaria para el proyecto estimado equipo de soporte, necesito ayuda para configurar diagramas de realización para nuestra consolidación de directorio de proyecto planificada. utilizando el servicio de consultoría de ti para esta tarea. gracias. atentamente, <name>.",it consulting firm
"asistencia con adobe photoshop estimado soporte de la tienda online de tecnología, espero que este mensaje le encuentre bien. estoy escribiendo para solicitar asistencia con respecto al software adobe photoshop 2024 que compré con mi número de pedido <acc_num>. desafortunadamente, he estado experimentando bloqueos frecuentes durante varias tareas de edición de fotos, lo que afecta significativamente mi flujo de trabajo. la aplicación a menudo se cierra inesperadamente sin previo aviso. he intentado actualizar el software y los controladores de mi sistema, pero el problema persiste. solicito amablemente su orientación para resolver este asunto o si hay pasos específicos o parches disponibles para estabilizar su rendimiento. gracias por su atención a este problema. espero su pronta respuesta. atentamente, <name>",tech online store
"consulta sobre el servicio de gestión de aws estimado cliente de servicios de ti, espero que este mensaje lo encuentre bien. me comunico para solicitar información sobre las mejores prácticas y consejos para la optimización de costos en relación con el servicio de gestión de aws. estoy interesado en aprender más sobre cómo gestionar recursos de manera eficiente y optimizar costos utilizando el servicio de gestión de aws en nuestra configuración actual de infraestructura. nuestro objetivo es implementar estándares y prácticas de la industria para la gestión de costos de aws para garantizar que nuestras operaciones continuas sean tanto rentables como eficientes. además, queremos explorar formas de aprovechar el servicio de gestión de aws para rastrear y analizar patrones de uso para una mejor planificación financiera. ¿podría proporcionarnos pautas detalladas o cualquier recurso que describa las mejores prácticas para la optimización de costos? también sería útil si podría compartir cualquier perspectiva o estudio de caso de empresas similares que hayan logrado ahorros significativos o mejoras en el rendimiento utilizando los servicios de gestión de aws. además, estoy interesado en cualquier herramienta o configuración que su equipo pueda recomendar para optimizar nuestro uso de la nube sin comprometer el rendimiento. muchas gracias por su asistencia en este asunto. por favor, hágamelo saber si necesita información adicional o tiene preguntas específicas. saludos cordiales, <name>",it services
"problemas con la cámara del samsung galaxy s21 ultra estimados agentes de soporte, he detectado inconvenientes con la cámara de mi samsung galaxy s21 ultra. el enfoque no es estable y las imágenes resultan borrosas. agradecería su ayuda para solucionar este problema lo más pronto posible. muchas gracias. saludos, <nombre>",online store
"asistencia requerida para la optimización de mysql estimado equipo de soporte al cliente, espero que este mensaje los encuentre bien. me pongo en contacto para solicitar asistencia relacionada con los problemas de rendimiento de mysql 8.0.30 que están impactando significativamente la velocidad de transacción de nuestras bases de datos. nuestra empresa, representada por <name>, ha estado utilizando mysql 8.0.30 intensamente durante los últimos meses. recientemente, hemos encontrado problemas con un rendimiento más lento a pesar de mantener las bases de datos con actualizaciones regulares y configuraciones optimizadas. optamos por mysql 8.0.30 debido a sus características avanzadas y la eficiencia prometida. sin embargo, las lentas velocidades de transacción están obstaculizando nuestras operaciones comerciales. dada la urgencia de este problema, solicitamos orientación sobre posibles soluciones o mejores prácticas para optimizar el rendimiento de mysql 8.0.30 específicamente para nuestro escenario. nuestro equipo técnico, liderado por <name>, ha intentado varios ajustes como modificar configuraciones de caché, ajuste de consultas e incluso ampliación de hardware, pero el impacto ha sido mínimo. quizás hay más configuraciones que podríamos haber pasado por alto. ¿ofrecen consulta experta, o hay recursos específicos a los que podríamos referirnos para mejorar estos problemas? a continuación están la información de contacto para comunicación directa: nombre: <name>, teléfono: <tel_num>, correo electrónico: [redacted]. gracias por su atención a este asunto. esperamos su experiencia para resolver este problema rápidamente. saludos cordiales, <name>",it services
"urgente: problemas de conectividad con el router cisco isr4331 estimado servicio al cliente, estoy escribiendo para informar sobre problemas de conectividad intermitentes con nuestro router cisco isr4331, que afectan la estabilidad de la red en varios dispositivos. las interrupciones están impactando nuestras operaciones y necesitamos una solución inmediata para resolver este asunto. por favor, advise sobre los próximos pasos para asegurar la resolución más rápida posible. gracias por su pronta atención a este asunto urgente. atentamente, <name> <acc_num> <tel_num>",it services
"solicitud de cambio en el diseño de la base de datos estimado equipo de soporte al cliente, espero que este mensaje te encuentre bien. nuestro cliente, <name>, ha solicitado un cambio en el diseño de la base de datos como parte del compromiso de consultoría en curso con su servicio de consultoría de ti. le agradecería que me aconsejara sobre el procedimiento para iniciar tales modificaciones y cualquier documentación necesaria para esta solicitud. es crucial abordar esto con prontitud para garantizar que los plazos del proyecto no se vean afectados. para más detalles, no dude en contactarme. gracias por su asistencia. saludos cordiales, <name>",it consulting firm
"problemas con norton antivirus plus hola equipo de soporte, actualmente estoy teniendo dificultades con mi software norton antivirus plus. parece que no está funcionando correctamente y no estoy seguro de cómo solucionarlo. ¿serían tan amables de asistirnos para resolver esto? muchas gracias, <nombre>",it services
"solicitud de asistencia sobre errores de software estimado soporte al cliente, estoy escribiendo para informar que nuestro cliente, <name>, ha estado experimentando errores de software intermitentes mientras utiliza nuestro servicio de consultoría informática. solicitamos amablemente una consulta para abordar efectivamente estos problemas, centrándonos en la administración del servidor y las estrategias de resolución de problemas. es imperativo restaurar el servicio confiable de manera rápida. por favor, contáctenos a la brevedad para discutir posibles soluciones. puede comunicarse conmigo al <tel_num> para obtener más información o para programar una reunión. gracias por su apoyo y comprensión. atentamente, <name>",it consulting firm
"problema de atascos de papel con la impresora hp deskjet 3755 estimado servicio de atención al cliente, escribo para informar sobre un problema persistente que estoy experimentando con mi impresora hp deskjet 3755, comprada en tech online store. cada vez que intento imprimir más de una página, la impresora se atasca durante la secuencia de impresión de la segunda página. ya he verificado y eliminado cualquier obstrucción visible dentro de la impresora y me he asegurado de que estoy utilizando el tipo y tamaño de papel apropiados. a pesar de estos esfuerzos, el problema sigue sin resolverse. ¿podrían, por favor, guiarme a través de los siguientes pasos de solución de problemas o decirme si se requiere un reemplazo o reparación? gracias por su ayuda para resolver este problema. atentamente, <name>",tech online store
"solicitud de integraciones adicionales estimado servicio al cliente, estoy escribiendo para solicitar integraciones adicionales con jira software para mejorar el seguimiento de proyectos y la colaboración en equipo. estas características adicionales beneficiarían en gran medida nuestro flujo de trabajo al permitirnos mejor control y supervisión. actualmente, estamos utilizando jira software 8.20, y estamos buscando mejoras que puedan proporcionar capacidades de integración más eficientes. creemos que las características de interacción mejoradas promoverán la productividad en nuestro equipo. ¿podrían proporcionar información sobre cualquier integración disponible o futuras actualizaciones que aborden estas necesidades? gracias por su tiempo y apoyo. atentamente, <name>",software development company
"solicitud de intercambio para dell xps 13 con malfunción estimado cliente del soporte al cliente de tech online store, espero que este mensaje lo encuentre bien. estoy escribiendo para solicitar un intercambio por mi dell xps 13 9310 recientemente comprado. desafortunadamente, la pantalla del dispositivo presentó un mal funcionamiento nada más sacarlo de la caja, lo cual ha sido bastante decepcionante. mi número de pedido es <order_num> y fue entregado el <delivery_date>. creo que soy elegible para un intercambio de acuerdo con la política de su tienda. por favor, indique cómo proceder con este proceso. estoy ansioso por recibir un reemplazo completamente funcional. gracias por su pronta atención a este asunto. atentamente, <name> <email> <tel_num>",tech online store
"solicitud de intercambio o reembolso de ultrabook defectuosa estimado tech online store, estoy reportando un mal funcionamiento con el touchpad de mi dell xps 13 9310, que ocurrió después de solo tres meses de uso. solicito amablemente un intercambio o reembolso por este dispositivo. por favor, ayúdame con los próximos pasos. gracias. atentamente, <name>",tech online store
"estimado equipo de soporte al cliente, estoy escribiendo para expresar nuestra urgente preocupación con respecto al problema recurrente de que nuestras instancias del servidor aws se detienen con frecuencia de forma inesperada. las interrupciones frecuentes han estado afectando gravemente la disponibilidad de nuestras aplicaciones empresariales esenciales, lo que ha llevado a un tiempo de inactividad significativo y a retrocesos operativos. nuestros equipos técnicos han revisado diligentemente todas las posibles causas internas y configuraciones, pero no han encontrado una razón específica para estas interrupciones dentro de nuestro control. el producto en cuestión es el servicio de administración de aws, del cual dependemos para funciones empresariales críticas. las interrupciones frecuentes no solo afectan nuestra entrega de servicios, sino que también ponen en riesgo nuestras relaciones con los clientes debido a un rendimiento poco confiable. sospechamos que podría haber un problema subyacente dentro de la infraestructura del servicio y agradeceríamos su pronta investigación y apoyo para resolver este problema. le solicitamos amablemente que proporcione orientación sobre la solución de problemas y cualquier solución inmediata para prevenir nuevas interrupciones. además, si hay errores conocidos o trabajos de mantenimiento en curso que podrían estar causando esto, por favor infórmenos sobre los tiempos de resolución esperados y soluciones provisionales o sugiera cualquier herramienta de monitoreo avanzada que pueda ayudar. esperamos recibir su asistencia valiosa lo antes posible para aliviar este problema urgente. gracias por su atención a este asunto urgente. atentamente, <name>",it services
"problemas con surface pro 7 estimado equipo de soporte de tech online store, estoy experimentando una falta de respuesta intermitente de la pantalla táctil en mi microsoft surface pro 7. este problema comenzó después de la actualización reciente del firmware. por favor, indíqueme cómo resolver este problema. saludos, <name>",tech online store
"problemas urgentes con surface pro 7 estimado atención al cliente, estoy experimentando un severo parpadeo en la pantalla y un mal funcionamiento intermitente del teclado en mi microsoft surface pro 7. el dispositivo es prácticamente inutilizable debido a estos problemas. por favor, ayúdenme con una resolución urgente ya que esto está afectando mi trabajo. mis datos de contacto son <name>, número de teléfono <tel_num>, y número de cuenta <acc_num>. gracias.",it services
"consulta: actualización de ram para dell xps 13 hola soporte de tech online store, estoy buscando actualizar la ram en mi dell xps 13 9310 para mejorar el rendimiento. ¿podrían aconsejarme sobre las opciones compatibles disponibles en su tienda y los costos asociados? agradecería mucho su asistencia para asegurar un proceso de actualización sin problemas. gracias, <name> <acc_num>",tech online store
"urgente: problema de atascos de papel en epson ecotank et-4760 escribo para solicitar soporte técnico para mi impresora epson ecotank et-4760. está experimentando atascos de papel constantes, lo que afecta significativamente mi capacidad para completar tareas de impresión esenciales. he seguido los pasos de solución de problemas recomendados, pero sin éxito. por favor, proporcione más ayuda para resolver este problema. mi número de pedido es <order_num> y lo compré en su tienda en línea el <purchase_date>. puede contactarme al <tel_num> para cualquier aclaración. gracias por su pronta atención.",tech online store
"actualización urgente requerida para jira software 8.20 estimado soporte al cliente, estoy escribiendo para solicitar urgentemente una actualización para nuestra herramienta de gestión de proyectos orientada al cliente, jira software 8.20. nuestro equipo ha estado experimentando una interrupción que afecta gravemente la disponibilidad de nuestro servicio y la coordinación del equipo. como puedes imaginar, esta interrupción está impactando nuestros entregables clave del proyecto. te pedimos amablemente tu intervención inmediata para resolver el problema. por favor, aconseja sobre cualquier paso que debamos tomar para ayudarte a acelerar este proceso. esperando tu rápida respuesta. gracias, <name> gerente de proyecto <company_name>",it services
"consulta sobre la cobertura de garantía para macbook air m1 estimado equipo de soporte de tech online store, espero que este mensaje les encuentre bien. estoy escribiendo para informar sobre problemas continuos con la duración de la batería de mi macbook air m1. la batería parece agotarse rápidamente, incluso cuando el uso es mínimo. me gustaría preguntar sobre la posible cobertura de garantía para este problema. ¿podrían brindarme orientación sobre cómo podría proceder para obtener una solución? mi número de cuenta es <acc_num>. su pronta respuesta sería muy apreciada, ya que el problema está afectando mi productividad diaria. gracias por su apoyo. atentamente, <name>",tech online store
"consulta de facturación para renovación de servicio estimado soporte al cliente, estoy solicitando los detalles de facturación para mi próxima renovación de servicio de microsoft office 365. además, me gustaría información sobre las opciones de paquetes de almacenamiento en la nube disponibles para ayudarme a tomar una decisión informada. por favor, ayúdenme proporcionando estos detalles a la brevedad posible. gracias por su asistencia. saludos, <name>",tech online store
"consulta sobre la compra al por mayor de macbook air m1 estimado servicio de atención al cliente, me pongo en contacto para preguntar sobre la posibilidad de adquirir múltiples unidades del macbook air m1 para uso corporativo de nuestra empresa. estamos interesados en conocer las opciones disponibles para precios al por mayor y cualquier posible descuento que puedan ofrecer para grandes pedidos. ¿podrían proporcionarme más detalles sobre su programa de compras corporativas y cualquier término o requisito específico involucrado? su ayuda para agilizar esta consulta sería muy apreciada. espero su pronta respuesta. atentamente, <name> <company_name>",tech online store
"atención inmediata necesaria: problema de crash en excel estimado equipo de soporte al cliente, me pongo en contacto con ustedes para destacar urgentemente un problema persistente con microsoft office 365 excel. cada vez que intento acceder a hojas de cálculo grandes, la aplicación falla drásticamente. este problema recurrente está obstructando la eficiencia de nuestro equipo y causando disturbios notables en nuestras operaciones diarias. hemos experimentado esta dificultad en múltiples computadoras dentro de nuestra oficina, la cual es atendida por <name> servicios de ti. considerando la función esencial que excel desempeña en nuestros procesos de trabajo, necesitamos urgentemente una solución. hemos intentado reinstalar el programa y realizar actividades de resolución de problemas estándar, incluyendo borrar cachés y asegurarnos de que las actualizaciones estén disponibles, sin embargo, estas medidas no han rectificado el problema. nuestra dependencia de excel para la gestión de datos y la elaboración de informes significa que cada momento de indisponibilidad obstaculiza nuestra capacidad para cumplir con los plazos de los proyectos y las necesidades de los clientes. es crucial que encontremos una solución a la mayor brevedad posible. estoy disponible para proporcionar registros de errores y información adicional del sistema si es necesario. por favor, den prioridad a la resolución de este problema e infórmenos sobre las acciones adicionales que se deben tomar. para cualquier consulta inmediata, puede contactarme al <tel_num>. gracias por su pronta atención a esta situación. atentamente, <name>",it services
"asistencia inmediata necesaria para problemas de facturación estimado servicio de atención al cliente, estoy escribiendo para informar sobre un problema de facturación que estoy experimentando con varias compras realizadas a través de la tienda en línea tech utilizando la extensión de google chrome para la versión 102.0. parece que han aparecido cargos inesperados en mi cuenta <acc_num>. las compras enumeradas no se alinean con mis actividades recientes y creo que puede haber un error. urgentemente requiero su asistencia para resolver este asunto. por favor, revise los cargos a la mayor brevedad posible y asesore sobre los pasos para corregir los errores. mi información de contacto es <tel_num>, y puede comunicarse directamente conmigo si se necesitan más detalles. gracias por su pronta atención a este problema. atentamente, <name>",tech online store
"problemas de mensajería en tiempo real estimado equipo de soporte de tech online store, estoy escribiendo para informar de problemas constantes con las capacidades de mensajería en tiempo real de slack en varios canales, que afectan seriamente nuestra comunicación y colaboración en el equipo. actualmente estamos utilizando la versión 4.23.0 de slack. el problema comenzó hace unos días y afecta a todos los miembros de nuestro equipo, causando retrasos en la entrega y sincronización de mensajes. esto interrumpe nuestro flujo de trabajo y pone en riesgo los plazos. necesitamos urgentemente una solución confiable o orientación sobre los pasos de solución de problemas que podemos tomar de inmediato. por favor, aborden este problema a la brevedad. gracias por su asistencia. atentamente, <name>",tech online store
"solicitud de actualización de ram para dell xps 13 9310 estimado servicio de atención al cliente, escribo para solicitar una actualización de la ram en mi dell xps 13 9310 para mejorar el rendimiento al gestionar los últimos flujos de trabajo y aplicaciones. actualmente, estoy experimentando dificultades al ejecutar múltiples aplicaciones simultáneamente, lo cual creo que se debe a la capacidad de memoria existente. una actualización de ram mejoraría significativamente el rendimiento de mi dispositivo y garantizaría capacidades de multitarea fluidas. ¿podría proporcionar información detallada sobre las opciones de actualización de ram disponibles para mi dispositivo, incluidos el costo y el proceso involucrado? compré mi dell xps 13 9310 en su tienda con el número de cuenta <acc_num>. espero su pronta respuesta. gracias, <name> <tel_num>",tech online store
"solicitud de intercambio de canon pixma mg3620 estimado cliente del soporte técnico de la tienda en línea, espero que este mensaje le encuentre bien. me estoy comunicando para solicitar un intercambio por mi impresora canon pixma mg3620, comprada bajo la cuenta <acc_num>. desde su reciente llegada, he encontrado una calidad de impresión deficiente y problemas de conectividad esporádicos, lo que ha obstaculizado significativamente mi experiencia como usuario. agradecería una pronta resolución a este asunto. para cualquier detalle adicional, no dude en comunicarse a través de mi número de contacto, <tel_num>. gracias por su asistencia. saludos cordiales, <name>",tech online store
"solicitud de horas adicionales de consultoría en ti estimado cliente de soporte de ti, estoy escribiendo para solicitar horas de consultoría adicionales para optimizar nuestra configuración actual del servidor y mejorar el rendimiento de nuestro sistema de tickets. nuestra configuración actual está causando retrasos en el procesamiento de tickets, lo que impacta en la productividad. creo que con orientación experta, podemos mejorar significativamente la eficiencia y la fiabilidad de nuestro sistema. ¿podríamos programar una sesión de consulta para discutir los próximos pasos? por favor, hágamelo saber cuántas horas adicionales recomendaría. gracias por su asistencia. atentamente, <name> número de cuenta: <acc_num>",it services
"problemas de conectividad del enrutador cisco isr4331 estimado soporte de servicios de it, estamos experimentando problemas de conectividad con nuestro enrutador cisco isr4331, lo que provoca interrupciones frecuentes en la red. esto requiere solución de problemas inmediata, ya que afecta nuestras operaciones en curso. por favor, proporcione una resolución rápida para asegurar una mínima interrupción. a la espera de su pronta respuesta. gracias, <name>, <company name>, <tel_num>",it services
"problema con el cargador de macbook air estimado equipo de soporte de tech online store, estoy escribiendo para informar un problema con el cargador de macbook air m1. el cargador no está funcionando, aunque el macbook en sí está operando correctamente. lo compré bajo <acc_num> y necesito asistencia para obtener un reemplazo o reparación. el número de serie del dispositivo es <serial_num>. por favor, asesore sobre los próximos pasos, preferiblemente enviando un correo a <email> o contactándome al <tel_num>. gracias por su pronta atención a este asunto. saludos cordiales, <name>",tech online store
"solicitud de aclaración detallada de facturación estimado soporte al cliente de tech online store, espero que este mensaje le encuentre bien. estoy escribiendo para expresar mi preocupación y buscar aclaración sobre algunas discrepancias que he encontrado en mi reciente estado de cuenta de facturación para mi suscripción a microsoft office 365. al revisar los cargos asociados con el número de cuenta <acc_num>, he notado varias entradas que no entiendo completamente y necesito un desglose detallado para asegurar que todo sea preciso. en particular, sería muy útil si pudiera proporcionarme una lista detallada de todos los cargos aplicados a mi suscripción en este ciclo de facturación. además, me gustaría claridad sobre cualquier impuesto o tarifa que se haya incluido, ya que estas cifras no se anticiparon en el acuerdo inicial. gracias por su atención a este asunto. estoy ansioso por resolver esto lo antes posible, por lo que agradecería una respuesta rápida. si necesita contactarme para obtener más información, no dude en comunicarse por correo electrónico o por teléfono al <tel_num>. gracias por su asistencia. atentamente, <name>",tech online store
"problema de ticket de jira estimado servicio al cliente, después de actualizar jira software a la versión 8.20, no puedo crear nuevos tickets debido a un 'error interno del servidor'. ¿podrían ayudarme a resolver este problema? atentamente, <name> número de cuenta: <acc_num>",software development company
"problemas de conectividad estimado soporte de tech online store, estoy escribiendo para reportar problemas de conectividad con mi impresora inalámbrica canon pixma mg3620. a pesar de varios intentos de solución de problemas, el dispositivo no logra conectarse a mi red. por favor, proporcione asistencia o una posible solución. gracias, <name>",tech online store
"problemas de batería y sobrecalentamiento del surface pro 7 estimado servicio de atención al cliente de tech online store, espero que este mensaje te encuentre bien. me pongo en contacto para informar sobre un problema repentino con mi microsoft surface pro 7, que he experimentado en los últimos días. el dispositivo, que aún está en garantía, está sufriendo un rápido drenaje de la batería y sobrecalentamiento durante el uso básico como navegar y procesar textos. anteriormente, la batería duraba numerosas horas con una carga completa, pero ahora lucha por mantener la energía incluso durante un par de horas. además, el dispositivo se calienta sorprendentemente al tacto después de un uso corto. este cambio en el rendimiento despierta mi preocupación por la longevidad del producto. solicito amablemente su asistencia para abordar este problema lo antes posible. ¿cuáles son los pasos para iniciar una solicitud de servicio y soy elegible para un reemplazo o reparación bajo garantía? gracias por su apoyo. saludos cordiales, <name>",tech online store
"solicitud de soporte técnico: problema con la impresora estimado soporte al cliente, me dirijo a ustedes para solicitar asistencia técnica con mi impresora hp deskjet 3755. recientemente, he notado que produce rayas en las páginas al imprimir documentos en color. este problema está afectando la calidad de mis impresiones y mi capacidad para realizar tareas de manera eficiente. he intentado pasos básicos de solución de problemas, como limpiar el cabezal de impresión, pero el problema persiste. ¿podrían guiarme a través de métodos de solución de problemas más avanzados o arreglar para un técnico profesional que resuelva este problema? pueden contactarme al <tel_num> para más asistencia. gracias. atentamente, <name>",it consulting firm
atención inmediata requerida: problema de sobrecalentamiento del dell xps 13 mi dell xps 13 9310 se calienta excesivamente mientras estoy en videollamadas. agradecería su pronta ayuda.,tech online store
"asistencia al cliente: problema de parpadeo en la pantalla del lenovo ideapad 5 estimados, he detectado un inconveniente de parpadeo en la pantalla de mi lenovo ideapad 5, el cual adquirí en su tienda en línea. agradecería que me informaran sobre la manera de solucionarlo. atentamente, <nombre> número de cuenta: <num_cuenta> teléfono: <tel_num>",online store
"problema urgente del servidor estimado soporte al cliente, estoy escribiendo para informar sobre un problema urgente del servidor que está afectando actualmente nuestro sistema de tickets. nuestra empresa, <name>, depende en gran medida de su servicio de consultoría de ti para operaciones fluidas. sin embargo, estamos experimentando interrupciones significativas, y este problema requiere asistencia y análisis inmediatos para garantizar una resolución rápida. ¿podrían proporcionarnos el apoyo necesario para abordar este asunto de inmediato? la productividad de nuestro equipo depende en gran medida de un sistema de tickets en funcionamiento. agradecemos su pronta atención a este problema. por favor, contáctenme a su conveniencia. gracias, <name> <tel_num> <email>",it consulting firm
"urgente: problemas con el servicio de gestión de aws estimado equipo de soporte al cliente de servicios de ti, espero que este mensaje los encuentre bien. les escribo para llamar su atención urgente sobre un problema crítico que estamos experimentando actualmente con nuestra implementación de infraestructura en la nube, específicamente sobre su servicio de gestión de aws. en los últimos dos días, nuestros sistemas han soportado un tiempo de inactividad significativo debido a complicaciones técnicas no resueltas que impactan nuestro marco operativo completo. este incidente es apremiante ya que ha interrumpido gravemente nuestras operaciones comerciales normales y ha afectado nuestra entrega de servicios a nuestros clientes. para proporcionar un poco de contexto, inicialmente notamos fallos menores el viernes por la noche, pero esos se intensificaron rápidamente en problemas más severos durante el fin de semana. a pesar de los esfuerzos continuos de nuestro equipo interno para mitigar el impacto, la situación se ha deteriorado más allá de nuestra capacidad para manejarla. el problema central parece surgir de conflictos de integración no anticipados dentro de los entornos de aws gestionados por su servicio. la capacidad de nuestros usuarios para interactuar sin problemas con nuestra plataforma está comprometida significativamente, lo que resulta en fallos de comunicación en cascada en toda la empresa. además, parece haber un patrón irregular con la sincronización de datos que causa inconsistencias y afecta la accesibilidad de datos en tiempo real, esencial para nuestros procesos comerciales diarios. buscamos urgentemente su experiencia para ayudarnos a diagnosticar y resolver estos problemas complejos. su atención inmediata a este asunto podría prevenir más efectos adversos en nuestra infraestructura y ayudarnos a restaurar las operaciones normales. agradecería una respuesta urgente con pasos de acción estratégicos y un recurso técnico asignado para colaborar estrechamente con nosotros en esto. no duden en contactarme al <tel_num> o a través de mi correo electrónico. su intervención rápida para resolver este asunto será muy valorada. gracias por su atención y apoyo inmediatos. atentamente, <name> nombre de la empresa de <name> <acc_num>",it services
"solicitud urgente de servicio de consultoría de ti estimado soporte de servicios de ti, estoy escribiendo para expresar una solicitud de alta prioridad para la consultoría de servicios de ti relacionada con nuestro sistema de tickets y la asistencia en la administración del servidor. nuestro servicio de consultoría de ti ha encontrado múltiples problemas que necesitan atención inmediata. primero, nuestro sistema de tickets está experimentando actualmente retrasos e interrupciones, lo que impacta significativamente en la productividad. además, hay varias preocupaciones sobre la gestión de servidores que nuestro equipo no puede resolver sin una orientación experta. por favor, trate esta solicitud con la urgencia que requiere. esperamos una respuesta rápida y esperamos asistencia inmediata para abordar estos problemas críticos. gracias por su rápida atención. atentamente, <name> <company> contacto: <tel_num> cuenta: <acc_num>",it services
"solicitud de asistencia para la administración del servidor estimado cliente de soporte de ti, espero que este mensaje le encuentre bien. me pongo en contacto para solicitar más asistencia con la administración del servidor para mejorar la eficiencia y el rendimiento de nuestros sistemas actuales. creemos que aprovechar sus servicios de consultoría puede ayudarnos a lograr estas mejoras y abordar cualquier desafío existente que estemos enfrentando. nuestro objetivo principal es optimizar las operaciones del servidor para apoyar nuestro crecimiento y garantizar la fiabilidad de nuestra infraestructura de ti. tras revisar sus servicios de consultoría de ti, estamos seguros de que la experiencia de su equipo puede proporcionar información valiosa y soluciones adaptadas a nuestras necesidades específicas. ¿podríamos programar una consulta con uno de sus especialistas a la mayor brevedad posible? estamos ansiosos por discutir estrategias potenciales, planes de servicio y cualquier recomendación que pueda tener. esperamos ajustar nuestros sistemas y alinearlos con las mejores prácticas. gracias por su atención a esta solicitud. agradecemos su asistencia y estamos emocionados por la posibilidad de colaborar con su equipo. atentamente, <name> <position> <company> <tel_num> <email>",it services
"querido <name>, espero que te encuentres bien. hemos recibido tu reporte sobre el inconveniente con la instalación de norton antivirus plus. nuestro equipo técnico ya está examinando la situación en este momento. ¿serías tan amable de aportarnos cualquier mensaje de error o imágenes de pantalla que dispongas para asistirte mejor? agradecemos tu comprensión y estamos comprometidos a resolver este inconveniente lo más pronto posible. saludos cordiales, equipo de atención al cliente servicios de tecnología de la información",it services
problema de parpadeo de pantalla en dell xps 13 estoy experimentando problemas de parpadeo en la pantalla de mi dell xps 13 9310.,tech online store
"problema intermitente de congelación del cursor en dell xps estimado servicio de atención al cliente,<br><br>espero que este mensaje le encuentre bien. estoy experimentando un problema intermitente de congelación del cursor en mi dell xps 13 9310. a pesar de haber actualizado todos los controladores y software relevantes a las últimas versiones, el problema persiste. este problema interrumpe mi productividad y agradecería mucho si pudieran brindar asistencia para resolverlo. por favor, háganme saber si hay algún diagnóstico específico que deba realizar o si podría ser necesaria una unidad de reemplazo. gracias por su atención a este asunto.<br><br>atentamente,<br><name><br><tel_num><br><acc_num>",tech online store
"urgente: optimizar la infraestructura de aws para la eficiencia de costos estimado servicio al cliente, me pongo en contacto para solicitar asistencia inmediata con la configuración de nuestra infraestructura de aws utilizando el servicio de gestión de aws. nuestro objetivo es optimizar costos mientras mejoramos nuestra eficiencia de despliegue. por favor, priorice esta tarea de alta prioridad y asesórenos sobre los siguientes pasos. gracias por su apoyo. atentamente, <name>",it services
"buscando asistencia con problemas de rendimiento del dell xps 13 estimado servicio de atención al cliente, escribo para buscar asistencia con respecto a los problemas de rendimiento que he notado al usar aplicaciones de software específicas en mi portátil dell xps 13 9310. a pesar de sus especificaciones que deberían manejar estas aplicaciones, el portátil exhibe un rendimiento lento a veces, afectando mi eficiencia en el trabajo. he intentado solucionar problemas estándar, como reiniciar el dispositivo e instalar actualizaciones de software, pero el problema persiste. ¿podría aconsejarme sobre los pasos a seguir o si podría haber un problema conocido con este modelo y ciertas aplicaciones? mi número de cuenta es <acc_num>, y agradecería una respuesta detallada a la brevedad. muchas gracias por su apoyo. saludos cordiales, <name>",tech online store
"asistencia inmediata requerida: problema de pantalla táctil no responsable estimado equipo de soporte de la tienda en línea de tecnología, espero que este mensaje los encuentre bien. les escribo para llamar su urgente atención sobre un problema que estoy enfrentando actualmente con mi microsoft surface pro 7. después de una reciente actualización de software, he notado que la pantalla táctil ha dejado de responder por completo. esto ha dificultado mucho mi capacidad para usar el dispositivo de manera efectiva, como pueden imaginar. desde la actualización, la pantalla táctil no reconoce ningún toque, lo que me impide ejecutar incluso las tareas más simples que requieren comandos táctiles. he intentado varias medidas de solución de problemas, como reiniciar el dispositivo y aplicar todas las actualizaciones pendientes, pero el problema persiste. dado el papel vital que juega mi dispositivo en mis tareas profesionales y personales, agradecería si se pudiera arreglar una resolución rápida. no estoy claro si esta falla surge de la última actualización de software o si un defecto inherente de hardware se ha desarrollado coincidentalmente junto con ella. como resultado, solicito amablemente un diagnóstico de software exhaustivo seguido de una evaluación de hardware si es necesario. si se necesitan más detalles, estoy listo para ayudar de cualquier manera posible para una rápida resolución. además, agradecería orientación sobre cómo navegar por una evaluación en persona o posibles reparaciones de hardware. ¿podría aconsejarme sobre los pasos a seguir? cualquier apoyo que tos pueda proporcionar para abordar esta situación sería muy valorado. agradecería enormemente si pudieran tratar este asunto con urgencia debido a la naturaleza crítica de mi situación. sinceramente agradezco su rápida respuesta a mis preocupaciones. espero recibir soluciones potenciales pronto. atentamente, <name> email: <email_address> teléfono: <tel_num> número de pedido: <order_num>",tech online store
"el tiempo de inactividad del servidor requiere atención inmediata estimado soporte al cliente, me dirijo a ustedes para llamar su atención urgente sobre un problema que estamos enfrentando actualmente con su servicio de consultoría de ti. nuestro servidor orientado al cliente, identificado como <acc_num>, ha experimentado un tiempo de inactividad inesperado, afectando gravemente nuestros servicios para los usuarios finales. esta interrupción está causando una inconveniencia y insatisfacción significativas entre nuestros clientes. dada la naturaleza crítica de este problema, requerimos asistencia técnica inmediata para restaurar la funcionalidad completa de los sistemas afectados. nuestro equipo ha intentado pasos de solución de problemas iniciales sin éxito, lo que indica la necesidad de apoyo especializado de sus expertos. por favor, proporciónenos un plan de soporte de emergencia, incluyendo los detalles de contacto apropiados y los próximos pasos para escalar este asunto. puede comunicarse conmigo directamente al <tel_num> para cualquier detalle adicional que se requiera o para hacer arreglos para una sesión colaborativa de resolución de problemas. su pronta atención a este asunto sería muy apreciada para mitigar el impacto en nuestros servicios y mantener nuestra reputación mutua de confiabilidad. gracias por su comprensión y rápida respuesta. atentamente, <name>",it services
"estimado servicio de atención al cliente, estoy enfrentando problemas con un mal funcionamiento de la fórmula de excel en microsoft office 365. ¿podría guiarme sobre cómo resolver esto? gracias por su pronta asistencia. atentamente, <name>.",software development company
"problema con el sistema de tickets estimado equipo de soporte al cliente, estoy escribiendo para informar sobre una dificultad que hemos encontrado al gestionar el sistema de tickets durante nuestra administración del servidor dentro del flujo de trabajo de consultoría de ti, que afecta específicamente su servicio de consultoría de ti. el problema parece interrumpir nuestros procedimientos habituales, causando retrasos y confusiones. solicitamos amablemente su ayuda para resolver este asunto lo antes posible. su pronta respuesta y orientación experta serán muy apreciadas. si necesita más detalles sobre nuestra cuenta o especificaciones del problema, por favor contácteme directamente. gracias por su comprensión y apoyo. atentamente, <name> <company_name>",it services
"urgente: problema de visualización en dell xps 13 9310 estimado servicio de atención al cliente, estoy escribiendo para informar sobre un problema de parpadeo en la pantalla de mi dell xps 13 9310, comprado en su tienda en línea. este problema ocurre con frecuencia, lo que dificulta el uso efectivo del portátil. dado que el problema afecta significativamente la funcionalidad, solicito amablemente una evaluación física inmediata, y si es necesario, un reemplazo de la unidad afectada. por favor, contáctenme a la mayor brevedad posible para organizar una solución. gracias por su atención y pronta respuesta a este asunto. atentamente, <name> <acc_num> <tel_num>",tech online store
"solicitud de soporte: problema intermitente de wi-fi hola, estoy experimentando problemas intermitentes de conexión wi-fi con mi dell xps 13 9310. ¿podría proporcionar orientación o soluciones a la brevedad posible? gracias. saludos, <name>.",tech online store
"problema de conexión urgente estimado servicio de atención al cliente, estoy escribiendo para solicitar asistencia urgente con respecto a un problema de conexión con el producto zoom versión 5.11.0. uno de nuestros usuarios, <name>, no puede unirse a una reunión de video programada. cada intento de conexión resulta en un mensaje de error que indica un fallo de conexión, a pesar de que la conexión a internet es estable. este problema requiere atención inmediata ya que interrumpe significativamente nuestras operaciones. ya hemos intentado pasos básicos de solución de problemas, como reiniciar la aplicación y verificar la configuración de la red, todo sin éxito. por favor, proporcione orientación y una posible solución a este problema a la mayor brevedad posible, ya que este asunto está afectando negativamente nuestra productividad. gracias por su pronta atención a este problema. atentamente, <name> <email> <tel_num>",software development company
"problemas intermitentes de red con el enrutador cisco isr4331 que requieren atención urgente estimado servicio de atención al cliente, estamos experimentando cortes de red intermitentes con nuestro enrutador cisco isr4331, lo que lleva a problemas de conectividad en varios departamentos. necesitamos asistencia para resolver este problema de manera rápida. su ayuda para abordar esto sería muy apreciada. gracias. atentamente, <name>",it services
"urgente: error inesperado en la implementación del servicio de gestión de aws estimado soporte al cliente, estoy escribiendo para informarle sobre un error inesperado que encontramos durante la implementación de nuestra infraestructura utilizando el servicio de gestión de aws. este problema ha causado un tiempo de inactividad significativo y requerimos una resolución urgente para mitigar cualquier impacto adverso en nuestras operaciones. por favor, asesore sobre los pasos para abordar esta situación lo antes posible. su pronta atención a este asunto será muy apreciada. atentamente, <name> número de cuenta: <acc_num>",it services
"problema de parpadeo de la pantalla en el producto dell xps 13 estimado soporte al cliente, escribo para reportar un problema de pantalla que estamos enfrentando con el modelo dell xps 13 9310. la pantalla ha estado parpadeando intermitentemente, lo que está afectando significativamente mi productividad. el problema ocurre inesperadamente durante el uso, causando gran inconveniente e interrupción en el trabajo. a pesar de haber intentado varias medidas de solución de problemas, incluyendo la actualización de controladores y el ajuste de configuraciones, el problema persiste. dado que el portátil tiene menos de un año y se utiliza extensivamente para tareas profesionales, creo que es crucial abordar esto rápidamente para mantener su viabilidad como dispositivo de trabajo principal. agradecería orientación sobre cómo proceder, posiblemente involucrando una evaluación de garantía o un servicio de reparación. además, ¿podría proporcionar alguna solución conocida o consejos para resolver este problema de parpadeo de la pantalla? he sido un cliente leal y espero recibir asistencia rápida. por favor, hágame saber si se requieren más detalles. gracias por su atención a este asunto. atentamente, <name>",tech online store
"estimado soporte, solicito una devolución para mi hp deskjet 3755. tiene una funcionalidad inadecuada y conectividad inalámbrica inconsistente.",tech online store
"urgente: interrupción de red estimado equipo de soporte al cliente, estoy escribiendo para informar un incidente de alta prioridad relacionado con el enrutador cisco isr4331, que está causando interrupciones significativas en la red dentro de nuestra organización. este problema está afectando gravemente nuestras operaciones, y requerimos una solución y resolución inmediatas para restaurar la funcionalidad de nuestra red. nuestro equipo notó por primera vez la interrupción en la mañana del 10 de octubre de 2023, cuando surgieron problemas de conectividad que afectaron nuestras aplicaciones comerciales y comunicaciones críticas. esto ha resultado en un tiempo de inactividad considerable, afectando no solo las comunicaciones internas, sino también nuestros servicios orientados al cliente. el enrutador en cuestión es parte de un segmento de red vital y actualmente está mostrando códigos de error de diagnóstico que son desconocidos para nuestro equipo interno. hemos intentado varios procedimientos de solución de problemas estándar sin éxito. dado el impacto en nuestras operaciones, solicitamos que su equipo especializado examine este asunto lo antes posible. por favor, háganos saber los próximos pasos para facilitar un diagnóstico y resolución expeditos. puede comunicarse conmigo al <tel_num> o por correo electrónico a la mayor brevedad posible. su pronta atención a este asunto es muy apreciada, ya que afecta directamente nuestras operaciones diarias. gracias por su asistencia. atentamente, <name> gerente de ti <company> contacto: <tel_num>",it consulting firm
"problemas de conectividad wi-fi con la impresora canon pixma mg3620 estimado equipo de soporte al cliente, estoy escribiendo para reportar problemas de conectividad wi-fi que estoy experimentando con mi impresora canon pixma mg3620. la impresora no puede mantener una conexión inalámbrica estable, lo que afecta mi capacidad para imprimir documentos sin problemas. agradecería cualquier paso de solución de problemas o apoyo que puedan proporcionar para resolver este problema. por favor, sugieran posibles soluciones o recomienden si la impresora necesita actualizaciones. gracias por su asistencia. atentamente, <name>",it services
"estimado equipo de soporte al cliente, les escribo con respecto al próximo mantenimiento programado de los servicios de aws que se comunicaron recientemente. la notificación avanzada mencionó que el mantenimiento programado de aws podría llevar potencialmente a breves interrupciones en el servicio. este mantenimiento afecta particularmente los servicios de los que dependemos actualmente como parte de nuestro paquete de servicio de gestión de aws. dada la naturaleza crítica de nuestras operaciones en línea, incluso una breve interrupción del servicio podría tener un impacto significativo en nuestras funciones comerciales. por lo tanto, es esencial para nosotros comprender de manera más específica el alcance del mantenimiento y cualquier paso proactivo que debamos tomar para minimizar la interrupción. ¿podrían aclarar el cronograma esperado y cualquier ventana potencial durante la que pudiéramos experimentar una funcionalidad reducida o una interrupción completa? aunque la comunicación oficial menciona que se proporcionarán actualizaciones durante la ventana de mantenimiento, el monitoreo continuo de nuestra parte podría ser esencial para mitigar cualquier problema imprevisto. conocer los horarios exactos de inicio y la duración de las actividades de mantenimiento nos ayudaría a preparar mejor a nuestro equipo técnico para asegurar que todos nuestros sistemas y procesos continúen operando de la manera más fluida posible. además, agradeceríamos cualquier recomendación de su parte respecto a planes de contingencia o medidas que podamos tomar durante este período de mantenimiento para mitigar los riesgos de tiempo de inactividad. también sería útil saber si hay acciones críticas que deban llevarse a cabo antes del inicio del mantenimiento, posiblemente algunas tareas preparatorias de nuestra parte para facilitar una transición sin problemas durante y después del mantenimiento. valoramos la fiabilidad de sus servicios de ti y entendemos la necesidad de mantenimiento regular. sin embargo, la comunicación proactiva y la planificación estratégica pueden aliviar significativamente las preocupaciones. espero con interés su respuesta para discutir cómo prepararnos mejor para este próximo evento de servicio. gracias por su atención y asistencia. atentamente, <name> <tel_num> <company_name>",it services
"urgente: se requiere resolución inmediata por tiempo de inactividad de aws estimado servicio de atención al cliente, escribo para llamar su atención inmediata sobre un problema crítico que estamos experimentando con nuestra infraestructura de aws, gestionada a través de su servicio de gestión de aws. debido a una interrupción severa, nuestro sitio web está actualmente fuera de servicio, causando inconvenientes significativos y posibles pérdidas comerciales. este problema ha llevado a nuestro equipo de ti a explorar soluciones potenciales y posibles escenarios de recuperación, pero la experiencia requerida para gestionar y resolver efectivamente este asunto recae en sus servicios de soporte. en las últimas horas, ha quedado claro que la causa subyacente es compleja, posiblemente relacionada con actualizaciones recientes o malconfiguraciones. necesitamos intervención urgente para diagnosticar y rectificar este problema, asegurando que todos los sistemas sean restaurados a su funcionalidad completa. la infraestructura de aws es integral para nuestras operaciones, y un tiempo de inactividad prolongado no es sostenible. para aclarar, nuestro número de cuenta es <acc_num> y nuestra preocupación más urgente es minimizar el tiempo de inactividad. les rogamos que prioricen esta consulta, desplieguen los recursos necesarios y proporcionen una solución a la mayor brevedad posible. no duden en contactarme directamente al <tel_num> si se necesita información adicional. esperamos su pronta respuesta. atentamente, <name>",it consulting firm
"se requiere ayuda inmediata para una discrepancia de facturación estimado equipo de soporte, espero que este mensaje los encuentre bien. me estoy comunicando con ustedes para destacar un problema urgente relacionado con una discrepancia de facturación que he descubierto. recientemente, recibí una factura relacionada con los servicios de consultoría de ti prestados por su organización para la cuenta de mi empresa, y parece que hay un cargo excesivo que necesita ser abordado urgentemente. la factura a la que me refiero fue creada el 10 de octubre, asociada con el número de cuenta <acc_num>. al examinar los detalles de la factura, observé inconsistencias que parecen indicar un cargo excesivo por los servicios de consultoría proporcionados. el monto total facturado supera sustancialmente las tarifas acordadas, como se detalla en nuestro contrato original y en las conversaciones con su equipo de ventas. considerando la necesidad de corregir este error financiero, agradecería si pudieran priorizar este asunto y ayudarme a clarificar y rectificar la factura. es imperativo que nuestros registros sean precisos y reflejen los términos acordados de nuestra colaboración. por favor, infórmenme si necesitan información adicional o documentación de mi parte para facilitar el proceso de revisión. además, agradecería si pudieran compartir un plazo para corregir la factura y emitir el estado correcto a la brevedad posible. confío en que podamos resolver esta situación rápidamente y mantener nuestra relación comercial beneficiosa en el futuro. gracias por su consideración respecto a esta urgente preocupación de facturación. si necesitan discutir esto por teléfono, no duden en contactarme al <tel_num>. esperando ansiosamente su pronta respuesta. saludos, <name>",it consulting firm
"solicitud de intercambio por problemas de conectividad con canon pixma mg3620 estimado cliente del soporte de tech online store, estoy escribiendo para solicitar un intercambio por una impresora canon pixma mg3620 comprada el 1 de octubre de 2023, número de pedido <ord_num>. a pesar de numerosos intentos de solución de problemas, esta unidad no mantiene una conexión inalámbrica confiable, lo que a menudo resulta en interrupciones de impresión. después de consultar el manual del usuario y los foros de soporte, actualicé el firmware pero encontré los mismos problemas. este problema persistente impacta significativamente mis actividades diarias, obstaculizando tanto el trabajo como las tareas personales. por lo tanto, creo que la unidad podría estar defectuosa. según su política de intercambio, agradecería un reemplazo a la brevedad. para verificación, mi id de cliente es <cust_id> y la transacción se realizó bajo la cuenta registrada a <name>. por favor, háganme saber si se requieren pasos adicionales de mi parte para acelerar el proceso. pueden comunicarse conmigo a <email> o <tel_num> para más información. gracias por su pronta atención a este asunto. saludos cordiales, <name>.",tech online store
"solicitud de asistencia para configurar zoom de manera eficiente estimado equipo de soporte de tech online store, espero que este mensaje le encuentre bien. estoy escribiendo para solicitar asistencia con respecto a una función del producto zoom 5.11.0 que compré en su tienda. mi nombre es <name>, y estoy interesado en utilizar el servicio de videoconferencias de zoom de manera efectiva para nuestras reuniones de negocios. nuestro equipo ha estado utilizando zoom y, aunque ha sido una herramienta valiosa, estamos ansiosos por asegurarnos de que estamos maximizando sus capacidades. recientemente, hemos encontrado algunos desafíos para configurar las opciones de programación de reuniones recurrentes y gestionar la configuración de los participantes de manera eficiente. agradecería mucho cualquier orientación o recurso que pueda ofrecer que ayude a simplificar este proceso. específicamente, tutoriales o guías sobre cómo optimizar las opciones de uso compartido de pantalla y los controles del anfitrión beneficiarían enormemente a nuestro equipo. además, si hay algún consejo sobre cómo mantener una calidad de audio y video alta durante nuestras conferencias, serán muy bienvenidos. asegurar una experiencia fluida y profesional durante cada reunión es crucial para nuestro éxito y colaboración continuos. ¿podría alguien de su equipo de soporte comunicarse conmigo al <tel_num> para discutir cómo podríamos mejorar nuestro uso de zoom? gracias por su tiempo y apoyo. atentamente, <name>",tech online store
"asistencia urgente necesaria: tiempo de inactividad del cisco isr4331 estimado equipo de soporte al cliente, espero que este mensaje les encuentre bien. me pongo en contacto para informar de un problema urgente con el router cisco isr4331, que recientemente experimentó un tiempo de inactividad repentino, afectando significativamente el rendimiento de nuestra red en la oficina. esta interrupción inesperada ha interrumpido nuestras operaciones diarias y requerimos asistencia técnica inmediata para mitigar estos problemas. el router es crítico para nuestra infraestructura de red y cualquier tiempo de inactividad prolongado podría obstaculizar nuestros procesos comerciales fundamentales. hemos intentado diagnósticos iniciales, pero no pudimos resolver el problema por nuestra cuenta. a continuación, he incluido algunos detalles pertinentes para su referencia: - modelo del producto: router cisco isr4331 - fecha/hora del problema: [por favor inserte fecha/hora] amablemente pedimos que se asigne un especialista técnico a este asunto lo antes posible para ayudarnos en la solución de problemas y resolver el problema. por favor, háganos saber si se requieren más detalles de nuestra parte o si debemos seguir algún paso preliminar antes de que su equipo se involucre. muchas gracias por su pronta atención a este asunto. esperamos tener noticias suyas pronto. atentamente, <name> <tel_num> <acc_num>",it services
"ayuda inmediata necesaria: mejora de aws estimado equipo de soporte al cliente, confío en que este mensaje los encuentre bien. me contacto con ustedes para solicitar ayuda inmediata con la configuración de nuestra infraestructura en la nube de aws. hemos estado utilizando el servicio de gestión de aws y hemos enfrentado varios problemas que están afectando tanto el rendimiento como la rentabilidad. en consecuencia, esta solicitud es de alta prioridad. en la actualidad, nuestro objetivo es mejorar el rendimiento de nuestra configuración existente mientras reducimos los costos relacionados. agradeceríamos sinceramente su experiencia y consejo para identificar posibles optimizaciones y ejecutar estrategias efectivas. además, me gustaría consultar sobre cualquier característica reciente de aws o mejores prácticas que puedan ayudar a optimizar nuestras operaciones. si es posible, ¿podrían organizar una evaluación exhaustiva de nuestra configuración actual o facilitar una reunión con uno de sus especialistas? una revisión inmediata sería increíblemente beneficiosa para nosotros para asegurar la máxima utilización de nuestros recursos. espero su pronta respuesta con ansias y deseo coordinar en su primera oportunidad. gracias por atender este asunto. mejores deseos, <name> <tel_num>",it services
"soporte necesario para solucionar problemas con extensiones estimado equipo de soporte, confío en que este mensaje los encuentre en buena salud. me comunico para solicitar ayuda con un problema persistente que he estado enfrentando mientras intento depurar extensiones en el entorno de visual studio code 1.70. este proceso ha resultado ser más difícil de lo esperado, afectando notablemente mi productividad. aunque me doy cuenta de que las características de depuración están diseñadas para promover una mejor experiencia de desarrollo, me encuentro incapaz de utilizarlas adecuadamente debido a problemas continuos. detalles del problema: - versión de aplicación: visual studio code 1.70 - tipo de problema: problemas con la depuración de extensiones. a pesar de haber pasado por varios métodos de solución de problemas, incluyendo reiniciar el ide, actualizar las extensiones y modificar la configuración de lanzamiento, el problema sigue existiendo. recibir orientación especializada para esta versión sería inmensamente útil. ¿podrían ofrecer información sobre problemas conocidos relacionados con esta versión, o posiblemente proponer un método más efectivo para solucionar este problema? estoy dispuesto a proporcionar información adicional sobre los mensajes de error o especificaciones sobre las extensiones en uso si es necesario. agradezco su atención con respecto a esta inquietud. estoy ansioso por su pronta respuesta para poder continuar con mi trabajo de desarrollo sin más interrupciones. atentamente, <name> <name> <acc_num> <tel_num>",software development company
"solicitud de consultoría en ti estimado equipo de soporte al cliente de servicios de ti, escribo para solicitar una evaluación y posible actualización de nuestra configuración actual de servidor para mejorar el rendimiento de nuestra infraestructura de ti existente. hemos estado utilizando su servicio de consultoría en ti durante algún tiempo y hemos beneficiado enormemente de su experiencia. sin embargo, a medida que evolucionan nuestras necesidades comerciales, se ha vuelto claro que podría ser necesario un enfoque más personalizado para satisfacer nuestras demandas actuales de manera efectiva. recientemente, hemos notado que algunas de nuestras operaciones han estado experimentando problemas de latencia e ineficiencias, afectando negativamente nuestra productividad. por lo tanto, creemos que un análisis integral realizado por sus servicios de consultoría especialmente adaptados podría proporcionarnos soluciones que sean tanto innovadoras como adecuadas a nuestro entorno operativo único. ¿podría programar una consulta a la brevedad posible para discutir posibles ajustes? estamos ansiosos por colaborar estrechamente con su equipo para asegurar un resultado óptimo. si se requieren pasos de preparación o documentación previamente, hágamelo saber. esperamos su rápida respuesta. gracias por su continuo apoyo. atentamente, <name> <acc_num>",it services
"atención inmediata requerida: se ha encontrado una interrupción grave del servicio de aws estimado personal de soporte al cliente, me pongo en contacto para notificarles sobre una grave interrupción del servicio que hemos encontrado durante nuestra última implementación de infraestructura utilizando su servicio de gestión de aws. nuestra organización, <name> solutions, depende en gran medida de la estabilidad y fiabilidad de este servicio para operar sin interrupciones y apoyar adecuadamente las aplicaciones de nuestros clientes. desafortunadamente, esta interrupción afectó severamente la estabilidad de nuestro entorno e impairó nuestra capacidad para ofrecer un excelente servicio a nuestros clientes. inicialmente observamos el problema la noche del 15 de octubre de 2023, cuando varios intentos de desplegar componentes cruciales en diferentes regiones no respondieron y eventualmente fallaron, impactando múltiples entornos de clientes. la situación provocó un tiempo de inactividad inesperado y interrupciones durante varias horas, generando preocupaciones sustanciales sobre la funcionalidad y tolerancia a fallos del servicio de gestión de aws según nuestros patrones de uso. solicitamos amablemente ayuda inmediata y claridad sobre esta situación. ¿podría su equipo técnico investigar las razones detrás de esta falla y compartir información sobre cualquier estrategia de mitigación y medidas preventivas para el futuro? estamos ansiosos por colaborar para prevenir tales interrupciones, ya que nuestra reputación depende en gran medida de garantizar operaciones consistentes. además, ¿podría garantizar que los miembros relevantes de su equipo nos proporcionen un plazo estimado para la resolución y confirmar cualquier paso adicional que podamos necesitar tomar durante este tiempo? si es necesario, no dude en contactarme directamente al <tel_num>. gracias por abordar este problema urgente con prontitud. esperamos su rápida respuesta y las soluciones sugeridas. atentamente, <name> número de cuenta: <acc_num>",it services
"revisión inmediata requerida por discrepancia en la facturación de aws estimado soporte al cliente, estoy escribiendo para llamar su atención sobre una discrepancia inesperada en nuestra facturación de aws, que requiere una investigación inmediata. este problema se refiere al servicio de gestión de aws en nuestra cuenta <acc_num>. buscamos una revisión exhaustiva de nuestra infraestructura en la nube y solicitamos urgentemente sus servicios de optimización de costos. por favor, contáctenme al <tel_num> para discutir los próximos pasos. atentamente, <name>",software development company
"problema inesperado de desconexión de red estimado cliente de servicios de ti, estoy escribiendo para llamar su atención sobre un problema repentino de desconexión de red que hemos estado experimentando con nuestro enrutador cisco modelo isr4331. recientemente, hemos observado que el enrutador se desconecta intermitentemente de la red y muestra luces indicadoras parpadeantes, lo que sugiere posibles problemas de rendimiento. nuestro equipo técnico inspeccionó el dispositivo a fondo, pero no pudo identificar ninguna falla de hardware visible. esto ha causado una interrupción significativa en nuestras operaciones y estamos interesados en resolverlo lo antes posible. le solicitamos amablemente su asistencia experta para despachar un técnico para inspeccionar el enrutador en el lugar o ofrecer diagnósticos y soporte remoto. nuestra empresa depende en gran medida de la conectividad de red ininterrumpida, y resolver este problema es de importancia inmediata para nosotros. por favor, háganos saber los próximos pasos que debemos seguir para acelerar este proceso. si necesita información adicional para la solución de problemas, no dude en ponerse en contacto conmigo en <tel_num>. gracias por su pronta atención a este asunto. atentamente, <name> número de cuenta: <acc_num>",it services
"urgente: interrupción de servicios de aws estimado soporte al cliente, estoy escribiendo para informarle sobre un incidente de alta prioridad que está afectando nuestras aplicaciones alojadas debido a una interrupción en los servicios en la nube de aws, específicamente el servicio de administración de aws. este problema está causando interrupciones significativas y tiempo de inactividad para todos nuestros usuarios, y es crucial que lo resolvamos con prontitud para prevenir cualquier mayor impacto en nuestras operaciones. desde temprano hoy, hemos encontrado múltiples avisos de indisponibilidad de servicios, que han afectado gravemente nuestra capacidad para mantener operaciones sin interrupciones para los clientes que utilizan nuestras aplicaciones alojadas en aws. nuestros sistemas de monitoreo indicaron que la interrupción está vinculada directamente al servicio de administración de aws, y estamos ansiosos por entender la raíz del problema y el tiempo esperado de resolución. dependemos en gran medida de los servicios de aws para garantizar un rendimiento óptimo para nuestros clientes y cualquier asistencia en acelerar el proceso de resolución sería muy apreciada. por favor, infórmenos sobre cualquier solución temporal que pudiera aliviar las interrupciones que enfrentan nuestros usuarios. gracias por su atención inmediata a este asunto crítico. su apoyo para resolver este problema rápidamente es crucial. por favor, contácteme al <tel_num> o por correo electrónico a <email> para cualquier actualización. atentamente, <name> número de cuenta: <acc_num>",software development company
"se necesita orientación sobre optimización del sistema estimado servicio de atención al cliente, estoy buscando orientación sobre cómo optimizar el rendimiento de mi sistema e implementar las mejores prácticas de gestión eficiente de servidores. dado que el producto afectado es el servicio de consultoría de ti, su experiencia en esta área nos ayudará enormemente. gracias, <name>. contacto: <tel_num>.",it services
"problemas de conectividad intermitente con eap245 estimado cliente de tech online store, estoy experimentando problemas de conectividad intermitente con mi punto de acceso tp-link eap245. parece estar relacionado con una posible interferencia inalámbrica que afecta la funcionalidad de doble banda. ¿puede ayudarme a resolver este problema? mi número de cuenta es <acc_num>. gracias por su atención. atentamente, <name>, <tel_num>",tech online store
"consulta sobre asistencia de jira 8.20 estimado servicio al cliente, estoy interesado en aprender sobre las capacidades de integración de jira software 8.20, particularmente en la configuración efectiva de tableros scrum. ¿podría proporcionar orientación o documentación sobre cómo configurar y optimizar estos tableros para una colaboración eficiente del equipo? además, sería útil entender las mejores prácticas para maximizar la integración del software con otras herramientas. gracias por su asistencia. atentamente, <name>",software development company
"solicitando asesoría experta para la optimización de costos en los servicios de aws estimado equipo de soporte de servicios de ti, espero que este mensaje los encuentre bien. me estoy comunicando para solicitar su ayuda en la optimización de los costos de nuestra cuenta de aws. queremos garantizar operaciones e infraestructura eficientes mientras reducimos gastos innecesarios. ¿podrían guiarnos sobre las mejores prácticas o las herramientas disponibles en el servicio de gestión de aws para lograr este equilibrio? gracias por su apoyo. espero su pronta respuesta. atentamente, <name> <acc_num> <tel_num>",it services
"solicitud de administración adicional del servidor hola soporte al cliente, espero que este mensaje le encuentre bien. actualmente estamos en asociación para soluciones de ti continuas y requerimos soporte adicional en la administración del servidor. nuestras operaciones en expansión requieren una supervisión mejorada de nuestros sistemas de servidores para mantener la eficiencia y la seguridad. por favor, háganos saber las opciones disponibles y los costos asociados o cambios en nuestro acuerdo actual. esperamos continuar nuestra productiva asociación. gracias por su atención a esta solicitud. atentamente, <name> <acc_num> <tel_num>",it consulting firm
"problema con surface pro 7 el teclado de mi tableta microsoft surface pro 7 no responde y no se ilumina. por favor, aconsejen o reemplacen.",tech online store
"solicitud de mejoras en la eficiencia del servicio de ti estimado equipo de soporte al cliente, espero que este mensaje les encuentre bien. me dirijo a ustedes para abordar un ticket de prioridad media relacionado con el servicio de consultoría de ti que nuestra empresa está utilizando actualmente. nuestro objetivo es mejorar la eficiencia de la administración de servidores y optimizar en general nuestras soluciones de ti. creemos que lograr estos objetivos beneficiará significativamente nuestras operaciones y la satisfacción del cliente. a medida que nuestra empresa de consultoría continúa expandiéndose, garantizar procesos de ti ágiles y una gestión robusta de servidores se vuelve cada vez más crítico. hemos identificado áreas clave que requieren atención, específicamente en la optimización de las configuraciones actuales de los servidores y la mejora de los tiempos de respuesta a las consultas de los clientes. la integración de herramientas y estrategias eficientes nos proporcionará la capacidad de gestionar mejor estos desafíos y cumplir con las demandas de nuestros clientes de manera oportuna. agradeceríamos si su equipo pudiera proporcionar información sobre posibles soluciones o mejoras que se alineen con nuestros objetivos. además, las recomendaciones para herramientas o recursos para optimizar la administración de servidores serían muy beneficiosas. implementar estas mejoras es vital para mantener tanto la fiabilidad de nuestros servicios como la confianza de nuestros clientes. gracias por su atención a este asunto. esperamos su pronta respuesta. atentamente, <name> <acc_num>",it consulting firm
"estimado equipo de soporte al cliente, me estoy comunicando urgentemente para abordar un problema crítico relacionado con nuestra infraestructura de aws gestionada bajo su servicio de gestión de aws. hemos encontrado una interrupción significativa que está afectando a múltiples clientes, exigiendo acciones inmediatas de recuperación y un análisis exhaustivo para prevenir cualquier recurrencia. esta situación ha afectado gravemente las operaciones comerciales, lo que ha llevado a pérdidas de ingresos potenciales y la insatisfacción de los clientes, que necesita ser abordada con la mayor prioridad. estamos buscando su experiencia e intervención inmediata para restablecer nuestros servicios de aws rápidamente. también se requiere un análisis detallado de la causa raíz para comprender el problema subyacente que causó esta interrupción. nuestros clientes dependen en gran medida de la disponibilidad continua del servicio, y ante tal tiempo de inactividad, debemos asegurarles soluciones fiables y medidas preventivas. por favor, priorice este problema y proporcione actualizaciones regulares sobre su progreso. comuníquese con nuestro líder técnico, <name>, al <tel_num> o por correo electrónico según sea necesario. contamos con su apoyo para mitigar esta interrupción de manera rápida y apreciamos su atención inmediata a este asunto. gracias por su cooperación y comprensión. atentamente, <name> <position> <company> <tel_num>",it services
"solicitud para cambiar las credenciales de microsoft office 365 estimado servicio al cliente, estoy escribiendo para solicitar un cambio en mis credenciales de inicio de sesión para microsoft office 365 ya que he perdido mi contraseña. por favor, ayúdame a restablecerla lo antes posible. gracias por tu ayuda. atentamente, <name>.",it services
"problema de cargos duplicados estimado equipo de soporte al cliente, estoy escribiendo para hacerles saber sobre un problema de facturación que he encontrado. este mes, noté que me han cobrado dos veces por la renovación de la suscripción anual de microsoft office 365. mi número de cuenta es <acc_num>. es crucial para mí resolver esto con prontitud, ya que afecta mi planificación presupuestaria. he confirmado los cargos duplicados en mi estado de cuenta bancario bajo las transacciones con referencias <trn_ref>. ¿podrían verificar esto y emitir un reembolso por el cargo adicional lo antes posible? aprecio su asistencia en corregir este asunto rápidamente. gracias por su atención a este asunto. atentamente, <name>",tech online store
"problemas de conectividad con el enrutador cisco isr4331 hola equipo de soporte al cliente, espero que este mensaje los encuentre bien. les escribo para expresar nuestras preocupaciones sobre un problema de conectividad recurrente que hemos estado enfrentando, que parece estar afectando el rendimiento general de nuestra red. nuestro sistema depende del enrutador cisco isr4331 para mantener operaciones sin interrupciones, pero recientemente, los usuarios han informado sobre interrupciones ocasionales que interfieren con su flujo de trabajo. según nuestro análisis preliminar, sospechamos que estos problemas podrían estar vinculados a la necesidad de una actualización de firmware del enrutador, ya que no se ha actualizado en los últimos ciclos. nuestro equipo de ti realizó una solución básica de problemas; sin embargo, las interrupciones persisten a pesar de estos esfuerzos. estamos ansiosos por resolver este asunto rápidamente para garantizar la fiabilidad continua de nuestros sistemas. ¿podrían asesorarnos sobre los pasos necesarios para actualizar el firmware del enrutador, o si hay soluciones alternativas que deberíamos considerar? agradecemos su asistencia en este asunto. si necesitan más detalles sobre nuestra configuración o algún registro específico, háganoslo saber. gracias por su apoyo. atentamente, <name> <acc_num> <tel_num>",it consulting firm
"problema de facturación con factura reciente estimado servicio de atención al cliente, estoy escribiendo para preguntar sobre cargos inesperados en mi factura reciente por el google workspace business standard. noté cargos que no se anticiparon y agradecería una aclaración sobre estos montos. mi número de cuenta es <acc_num>, y esta anomalía apareció en el último ciclo de facturación. por favor, revise los detalles e infórmeme sobre las discrepancias. estaría agradecido si pudiera abordar este problema con rapidez. si necesita más información, puede contactarme al <tel_num>. gracias por su asistencia. saludos cordiales, <name>.",tech online store
"urgente: problema de sobrecalentamiento con dell xps 13 estimado servicio de atención al cliente de tech online store, espero que este mensaje le encuentre bien. le escribo para informarle sobre un problema que estoy experimentando con mi laptop dell xps 13 9310, que compré en su tienda. la laptop tiende a sobrecalentarse durante el uso regular, lo que resulta en una degradación significativa del rendimiento. este problema comenzó a ocurrir hace aproximadamente dos semanas y ha ido empeorando progresivamente. el número de modelo de la laptop es dell xps 13 9310. a pesar de intentar varios pasos de solución de problemas por mi cuenta, como limpiar los ventiladores, actualizar los controladores y usar una almohadilla de enfriamiento, la laptop sigue sobrecalentándose después de cortos períodos de uso típico. dado que este dispositivo es crítico para mi trabajo, las caídas de rendimiento están causando una considerable inconveniencia. me estoy comunicando para solicitar apoyo en la resolución de este asunto lo más rápido posible. agradecería orientación sobre los próximos pasos que debo tomar, ya sea llevar la laptop a un centro de servicio autorizado o hacer que un técnico revise el problema en línea. gracias de antemano por su pronta atención a este asunto. espero su respuesta. atentamente, <name> <email_address> <tel_num>",tech online store
"estimado cliente de tech online store, estoy experimentando un problema con el teclado desmontable del microsoft surface pro 7. no se mantiene conectado de manera confiable mientras se utiliza. ¿podría proporcionarme una solución o un reemplazo? gracias, <name>, <tel_num>",tech online store
"problema de rendimiento con dell xps 13 estimado cliente del soporte técnico de la tienda en línea, me pongo en contacto para informar un problema de rendimiento con mi ultrabook dell xps 13 9310 adquirido recientemente. desde que lo compré, he notado que su rendimiento es significativamente más lento de lo esperado para una máquina de este calibre y rango de precio. los programas tardan mucho en cargar, y la capacidad de respuesta general del sistema es lenta, incluso al realizar tareas básicas. ya he intentado algunos pasos básicos de solución de problemas, como reiniciar el dispositivo, verificar si hay actualizaciones y ejecutar un análisis de virus para asegurarme de que no haya malware afectando el rendimiento. a pesar de estos esfuerzos, el problema persiste. como mi período de garantía aún está activo, agradecería su orientación sobre los próximos pasos que debería tomar para resolver este problema. si es necesario, estoy dispuesto a enviar mi dispositivo para un chequeo diagnóstico completo o reparación. además, por favor hágame saber si este es un problema conocido con este modelo y si hay soluciones específicas recomendadas. gracias por su pronta atención a este asunto. espero su rápida respuesta. atentamente, <name>",tech online store
"solicitud para actualizar los detalles de pago para el pedido de epson ecotank et-4760 hola soporte al cliente, espero que este correo te encuentre bien. estoy escribiendo para solicitar una actualización de mis detalles de pago para mi pedido reciente del epson ecotank et-4760. por favor, actualiza tu sistema de facturación con la nueva información de pago vinculada al número de cuenta <acc_num>. si necesitas más información, no dudes en contactarme al <tel_num> o enviarme un correo electrónico. gracias por tu asistencia. saludos, <name>",tech online store
"asistencia requerida: resolución de discrepancias de facturación de aws estimado equipo de soporte de servicios de ti, espero que este correo le encuentre bien. le escribo para llamar su atención sobre un problema que nuestro cliente, <name>, ha estado experimentando con el sistema de facturación de aws proporcionado a través del servicio de gestión de aws. hemos observado algunas discrepancias en su informe de asignación de costos mensual y necesitamos su asistencia para resolver estas preocupaciones a la mayor brevedad. nuestro cliente ha informado que los cargos reflejados no se alinean completamente con su uso real del mes. han señalado instancias específicas en las que los recursos estaban subutilizados, pero los gastos eran más altos de lo estimado. sospechamos que podría haber un error en el ciclo de facturación o posiblemente un error de cálculo en las métricas de asignación de recursos. en un intento por abordar esto internamente, hemos revisado los informes de uso y verificado con los detalles de facturación proporcionados. sin embargo, los gastos descritos continúan apareciendo inconsistentes. por lo tanto, solicitamos amablemente su experiencia en la auditoría de los estados de cuenta de facturación actuales y la identificación de cualquier anomalía que pueda haber resultado de errores del sistema o posiblemente problemas de entrada de datos. dada la importancia de una facturación precisa para la planificación y el presupuesto, nuestro cliente está ansioso por recibir un informe revisado de asignación de costos. agradeceríamos si pudiera acelerar esta consulta y proporcionarnos soluciones o medidas compensatorias donde sea aplicable para abordar cualquier cargo no justificado. para su referencia, el número de cuenta de aws del cliente es <acc_num>. no dude en comunicarse conmigo a <email> o por teléfono al <tel_num> para cualquier aclaración adicional necesaria para facilitar el proceso de resolución. gracias por su pronta atención a este asunto. esperamos su rápida respuesta. atentamente, <name> coordinador de servicios de ti",it services
"urgente: problema de desconexión del router cisco isr4331 el router cisco isr4331 de la empresa está desconectado, lo que afecta gravemente la conectividad de la red. se necesita una resolución inmediata para restaurar los servicios críticos. por favor, priorice este problema y proporcione asistencia oportuna.",it services
"problemas con la pantalla táctil del surface pro 7 estimado servicio de atención al cliente, estoy experimentando congelamientos intermitentes de la pantalla táctil en mi microsoft surface pro 7. este problema está afectando la usabilidad del dispositivo. ¿podrían ayudarme a resolver este asunto? gracias de antemano. saludos, <name>",it services
"urgente: problema de procesamiento de cargos incorrectos de facturación de aws estimado soporte al cliente, estoy escribiendo para llamar su atención urgente sobre un cargo de facturación incorrecto que ha sido procesado en mi cuenta de aws, <acc_num>. la discrepancia de facturación está relacionada con el servicio de administración de aws, que fue cobrado incorrectamente y requiere un ajuste y resolución inmediatos. al revisar mi factura reciente, descubrí un cargo inesperado que no se alinea con los términos de servicio acordados que tengo con su empresa. mi cuenta siempre ha mantenido un saldo preciso hasta que surgió este último problema. por favor, investigue esta situación de inmediato y proporcione una resolución, ya que este error ha creado una carga financiera indebida. solicito un ajuste rápido para rectificar este asunto, asegurando que no haya un impacto adicional en los ciclos de facturación futuros. para acelerar el proceso de investigación, he adjuntado toda la documentación de facturación relevante y la correspondencia relacionada con este asunto. si necesita más información, no dude en contactarme directamente al <tel_num>. gracias por su pronta asistencia en la resolución de este problema. atentamente, <name>",it services
"problemas de facturación en los servicios de aws estimado soporte al cliente, estoy escribiendo para llamar su atención sobre los cargos inesperados que han aparecido en mi cuenta relacionados con su servicio de gestión de aws. noté estos cargos en el ciclo de facturación más reciente y estoy preocupado por su origen. el número de cuenta asociado con estos cargos es <acc_num>. le solicito amablemente que investigue las discrepancias y brinde una explicación o solución a la brevedad posible. no dude en contactarme al <tel_num> si necesita información adicional. gracias por su pronta atención a este asunto. atentamente, <name>",it services
"solicitud de cambio de instancias de aws estimado soporte al cliente, estoy escribiendo para solicitar cambios a nuestras instancias de computación de aws como parte de su servicio de gestión de aws. nuestro objetivo es optimizar el rendimiento y reducir costos para nuestra aplicación de software de escala media. por favor, háganos saber la mejor manera de avanzar a su conveniencia. gracias por su asistencia. atentamente, <name> <tel_num> <acc_num>",it services
"solicitud de reemplazo inmediato para el televisor samsung dañado recibido estimado servicio al cliente, recientemente recibí mi televisor samsung qled qn90a, número de orden <order_num>, y, desafortunadamente, llegó con daños significativos. la pantalla tiene grietas visibles, y el paquete parecía manipulado al momento de la entrega, lo cual es altamente preocupante. debido a estos problemas, no puedo utilizar el producto como se pretendía. le insto a procesar un reemplazo inmediato para esta unidad, ya que fue una inversión significativa y esperaba un mejor manejo. por favor, ayuden con el proceso de devolución y aseguren un rápido reemplazo para evitar más inconvenientes. gracias por su pronta atención a este asunto. sinceramente, <name>",tech online store
"informe de publicidad engañosa hola soporte al cliente, adquirí recientemente un lenovo ideapad 5 debido a una promoción en línea, pero parece que es engañosa. ¿podrían ayudarme a solventar este inconveniente? saludos, <nombre>",online store
problema de adjunto de ticket necesita resolución en jira.,it services
"asistencia urgente requerida para problemas de aws estimado equipo de soporte de servicios de ti, estoy escribiendo para expresar que estoy encontrando desafíos significativos con el despliegue en la nube, específicamente usando el servicio de gestión de aws. el servicio ha estado experimentando tiempos de inactividad frecuentes, creando un impacto severo en nuestra eficiencia operativa y en los procesos comerciales en general. esta interrupción repetida requiere una intervención técnica inmediata para mitigar cualquier impacto adicional. hemos asegurado que nuestras configuraciones se alineen con las prácticas recomendadas, pero estos problemas persisten sin importar. la rápida resolución de este problema es primordial. ¿podrían coordinarse con sus expertos técnicos para investigar y proporcionar una solución lo antes posible? gracias por su pronta atención a este asunto urgente. por favor, háganme saber si se necesita más información en este momento. atentamente, <name>",it services
"asistencia requerida para la configuración del idioma de macbook estimado equipo de soporte de tech online store, espero que este mensaje les encuentre bien. estoy escribiendo para solicitar su asistencia en el cambio de la configuración de idioma en mi macbook air m1 a francés. a pesar de mis esfuerzos, no he podido navegar con éxito a través de la configuración del sistema para completar esta tarea. como comprador reciente en su sitio web, creo que su equipo de soporte podría proporcionar la guía necesaria para resolver este problema de manera oportuna y eficiente. actualmente, parece que las configuraciones de idioma están limitadas al inglés, y me gustaría asegurarme de que la opción de idioma francés esté configurada correctamente para todas las aplicaciones y mensajes del sistema. ¿podrían proporcionarme una guía paso a paso o instrucciones sobre cómo podría proceder para ajustar la configuración del idioma? además, si hay actualizaciones de software específicas o ajustes de configuración requeridos para habilitar el soporte del idioma francés, agradecería su opinión al respecto. para referencia, el número de serie de mi macbook air es <acc_num>, y lo compré recientemente el <purchase_date>. si hay más detalles que puedan ayudar a proporcionar orientación, no duden en contactarme en <email_address> o llamarme al <tel_num>. muchas gracias por su asistencia. espero su pronta respuesta. atentamente, <name>",tech online store
"estimado equipo de atención al cliente, estoy experimentando dificultades con el teclado de mi macbook air m1, el cual adquirí recientemente a través de su tienda en línea. parece que malfunciona a menudo. ¿podrían asistirme para resolver este inconveniente? agradecido, <nombre>",online store
"asistencia necesaria para la configuración de microsoft office 365 estimado equipo de soporte, estoy solicitando ayuda para configurar cuentas de correo electrónico y carpetas compartidas utilizando microsoft office 365 en un nuevo dominio. por favor, brinden orientación para completar este proceso con éxito. gracias. atentamente, <name>",software development company
"asistencia necesaria con problemas de conexión de la impresora hp deskjet 3755 hola, estoy experimentando dificultades para conectar mi impresora hp deskjet 3755 a mi red wi-fi doméstica. a pesar de seguir el proceso de configuración recomendado, la impresora no logra establecer una conexión inalámbrica. agradecería cualquier orientación o pasos de solución de problemas que el equipo de soporte pueda proporcionar para resolver este problema. mi correo electrónico es <email@domain.com>, y mi número de cuenta es <acc_num>. por favor, hágamelo saber si se necesita información adicional para ayudar con mi solicitud. gracias por su pronta atención a este asunto. saludos cordiales, <name>",tech online store
"solicitud para mejorar las capacidades del servidor estimado equipo de soporte de la firma de consultoría de ti, espero que este mensaje los encuentre bien. estoy escribiendo en nombre de nuestro equipo en <name>, ya que seguimos extremadamente satisfechos con los excepcionales servicios de consultoría de ti proporcionados por su organización. actualmente, nuestro negocio está experimentando un aumento en el volumen de datos y un incremento en el tráfico de usuarios, lo que hace necesaria una mejora en nuestras capacidades del servidor y características de seguridad. teniendo en cuenta esta trayectoria de crecimiento, buscamos orientación sobre cómo actualizar nuestra infraestructura de servidor existente para manejar mejor esta carga de datos elevada mientras garantizamos estándares de seguridad robustos. una mayor capacidad del servidor no solo optimizará nuestra eficiencia operativa, sino que también asegurará la entrega de servicios sin problemas a nuestros clientes. además, dado el creciente volumen de datos sensibles que se procesan a diario, estamos interesados en incorporar protocolos de seguridad de última generación para salvaguardar contra amenazas cibernéticas. esto incluye implementar estándares de cifrado más avanzados y soluciones de inteligencia de seguridad en tiempo real para identificar y mitigar proactivamente posibles vulnerabilidades antes de que amenacen nuestras operaciones. creemos que con su experiencia y recomendaciones, podemos implementar con éxito estas mejoras, manteniendo nuestro impulso de crecimiento mientras mantenemos los más altos estándares de integridad y seguridad de los datos. ¿podrían proporcionarnos una propuesta detallada que esboce las opciones disponibles para las actualizaciones del servidor, así como un resumen de las posibles mejoras de seguridad adaptadas a nuestras necesidades específicas? además, agradeceríamos cualquier información sobre la línea de tiempo para estas mejoras, teniendo en cuenta nuestras capacidades actuales del servidor y los objetivos estratégicos para el próximo trimestre. nuestro objetivo es completar esta actualización de manera óptima con la mínima interrupción a nuestros procesos en curso. muchas gracias por su atención a este asunto. estamos ansiosos por colaborar estrechamente con su equipo para lograr estas mejoras de manera eficiente, garantizando un soporte de ti continuo y confiable que se alinee con nuestras crecientes demandas comerciales. esperamos su pronta respuesta. atentamente, <name> <tel_num> <email_address> número de cuenta: <acc_num>",it consulting firm
"asistencia inmediata requerida: problemas de conexión de zoom hola, he estado enfrentando problemas de conectividad con zoom versión 5.11.0 durante las reuniones en video. esto está obstaculizando enormemente nuestra eficiencia de comunicación y discusiones importantes. solicito amablemente su ayuda en la primera oportunidad. gracias. saludos cordiales, <name> cuenta: <acc_num>.",it services
"solicitud de optimización de costos de aws hola, espero que este mensaje te encuentre bien. estoy escribiendo para solicitar asistencia con la optimización del uso del servicio de gestión de aws para nuestra empresa con el fin de reducir eficientemente los gastos operativos. por favor, proporciona ideas o acciones que podamos considerar para lograr ahorros de costos. gracias por tu apoyo. atentamente, <name> número de cuenta: <acc_num> número de teléfono: <tel_num>",it services
"problemas con los servicios de aws hola, estamos enfrentando problemas de replicación en el servicio de gestión de aws que están llevando a problemas de acceso esporádicos en nuestros servidores de producción. necesitamos ayuda inmediata. gracias, <name> <acc_num>",it services
"hola, soporte al cliente, estoy experimentando un problema con microsoft office 365. después de la última actualización, el cliente de correo de outlook se bloquea mientras compongo correos electrónicos. este problema está causando interrupciones significativas en mi lugar de trabajo. ¿puedes aconsejarme sobre una solución o arreglo para este problema? gracias, <name>",software development company
"problema de energía del dell xps 13 estimado soporte de tech online store, estoy experimentando problemas de energía con mi dell xps 13 9310. a pesar de estar completamente cargado, el dispositivo se niega a encenderse. por favor, ayúdame a resolver este problema lo antes posible. gracias, <name>.",tech online store
"solicitud urgente de revisión de facturación estimado equipo de atención al cliente, espero que este mensaje los encuentre bien. estoy escribiendo para solicitar una revisión urgente de algunas discrepancias identificadas en nuestra reciente facturación de aws bajo el servicio de gestión de aws. hemos notado cargos inesperados que no se alinean con nuestros patrones de uso y tarifas contratadas. dada la naturaleza crítica de nuestras operaciones, es fundamental que abordemos estas discrepancias lo antes posible para prevenir interrupciones. ¿podrían proporcionarnos un desglose detallado de los cargos y resaltar cualquier desviación de nuestras tendencias de facturación habituales? también agradeceríamos obtener información sobre optimizaciones de costos que podríamos estar pasando por alto. nuestro objetivo es asegurar que nuestra facturación se alinee con precisión con nuestro uso del servicio. para su referencia, nuestro número de cuenta es <acc_num>. por favor, utilicen esto para acceder a nuestra información de facturación. además, si una conversación directa facilitaría este proceso, estoy disponible en <tel_num> para cualquier discusión necesaria. gracias por su pronta atención a este asunto. esperamos su valiosa asistencia para resolver estas discrepancias de manera rápida. saludos cordiales, <name>",it services
"urgente: incidente de jira software que afecta a los equipos estimado soporte al cliente, espero que este mensaje le encuentre bien. le escribo para informarle que nuestro sistema de tickets en jira software 8.20 se bloqueó inesperadamente, lo que está afectando significativamente la gestión de proyectos en curso para múltiples equipos. este problema requiere atención inmediata para restaurar la funcionalidad y minimizar la interrupción. por favor, proporcionen orientación sobre cómo resolver esto lo más rápido posible. nuestro equipo depende en gran medida de este sistema para las operaciones diarias, y cualquier retraso está obstaculizando la productividad. gracias por su pronta asistencia. saludos cordiales, <name> <name> servicios de ti",it services
"problemas de conexión para iniciar sesión en jira software estimado equipo de soporte al cliente, les escribo para informarles sobre un problema persistente que estamos enfrentando con nuestra implementación de jira software versión 8.20. los miembros de nuestro equipo han informado una falta de respuesta constante en el sistema, particularmente al intentar iniciar sesión. la situación ha sido bastante frustrante ya que parece ser un problema de tiempo de espera de conexión del servidor, causando importantes interrupciones en nuestro flujo de trabajo. a pesar de varios intentos, los usuarios se encuentran atascados durante el proceso de inicio de sesión, incapaces de acceder a funciones críticas de gestión de proyectos. dependemos mucho de jira para facilitar nuestras tareas diarias y mantener los cronogramas de los proyectos. estas interrupciones están causando retrasos e impactando la productividad de nuestro equipo. ¿podrían investigar este problema con prioridad y proporcionar una solución a la brevedad? sospechamos que podría ser un problema subyacente de conexión del servidor o quizás una configuración que necesita ajustes. si pudieran compartir algún paso de solución de problemas o ideas que podríamos transmitir a nuestro departamento de ti para ayudar a resolver esto, sería apreciado. gracias por su pronta atención a este asunto. espero su rápida respuesta y una solución para que podamos restaurar el acceso sin problemas a nuestro sistema. atentamente, <name> <acc_num>",it services
"solución inmediata necesaria para la caída del servidor estimado equipo de soporte de servicios it, me pongo en contacto para notificarles de un problema urgente que estamos experimentando con nuestros sistemas de correo electrónico y canales de comunicación interna. debido a una caída del servidor que afecta nuestras operaciones, requerimos asistencia inmediata. nuestras operaciones empresariales dependen del servicio de consultoría it proporcionado por su empresa. por favor, contáctenme a la mayor brevedad posible al <tel_num> para discutir una solución urgente. gracias, <name>",it services
"enfrentando problemas de desaceleración del rendimiento estimado equipo de atención al cliente,<br><br>espero que estén bien. me comunico para expresar mis preocupaciones sobre los problemas de rendimiento que estoy encontrando con mi macbook air m1, que compré en tech online store. a pesar de que solo estoy ejecutando algunas aplicaciones, el sistema se cuelga con frecuencia, lo que reduce enormemente mi eficiencia.<br><br>en el momento de la venta, el macbook air m1 fue elogiado por su notable velocidad y potencia, por lo que lidiar con estos desafíos de rendimiento es tanto sorprendente como frustrante. he verificado que mi dispositivo cuenta con las actualizaciones de software más recientes y he intentado cerrar todas las aplicaciones no esenciales que se ejecutan en segundo plano, pero el problema continúa.<br><br>agradecería sinceramente su ayuda para diagnosticar y abordar este asunto. ¿podrían recomendarme alguna medida de solución de problemas que pueda haber pasado por alto? alternativamente, si este es un problema reconocido, les agradecería sus instrucciones sobre cómo resolver la situación de la mejor manera posible y rápidamente. gracias por su tiempo y consideración.<br><br>atentamente,<br><br><name>",tech online store
"problemas de conectividad con la impresora hp deskjet 3755 hola servicio al cliente, espero que este mensaje te encuentre bien. me estoy poniendo en contacto respecto a algunos problemas de conectividad que he estado experimentando con mi impresora hp deskjet 3755 al intentar conectarla inalámbricamente a mi laptop. para contextualizar, recientemente compré esta impresora en su tienda en línea - número de pedido <order_num>. inicialmente, el proceso de configuración parecía sencillo, pero desafortunadamente, mi laptop no ha reconocido consistentemente la impresora durante los intentos de establecer una conexión inalámbrica. he intentado varios métodos de solución de problemas descritos en el manual de la impresora y en su centro de ayuda en línea, incluyendo reiniciar ambos dispositivos y asegurarme de que estén conectados a la misma red wi-fi. a pesar de estos esfuerzos, el problema persiste. la luz inalámbrica de la impresora sigue parpadeando, indicando dificultades de conexión. en este punto, no estoy seguro si se trata de un problema de hardware con la impresora o un conflicto de software con el sistema operativo de mi laptop. por lo tanto, estoy buscando su orientación sobre los próximos pasos a seguir. ¿podría su equipo proporcionar una solución a este problema, o debería considerar un reemplazo? gracias por su asistencia, y espero su pronta respuesta. saludos cordiales, <name> <email>",tech online store
"solicitud de cambios en la configuración del servidor estimado equipo de soporte al cliente, espero que este mensaje los encuentre bien. durante una reciente sesión de consultoría de ti con su empresa, se recomendó realizar ciertos cambios en la configuración de nuestro servidor para mejorar tanto el rendimiento como la seguridad. encontramos estas sugerencias prometedoras y estamos ansiosos por implementarlas a la mayor brevedad posible. ¿podríamos programar una sesión en su primera disponibilidad para guiarnos a través de estos cambios, asegurándonos de que los ajustes se implementen de manera correcta y sólida? agradeceríamos que confirmaran su próximo horario disponible para una sesión remota o en el sitio, según la preferencia de su equipo. asegurar que nuestros sistemas estén optimizados es una alta prioridad, y cualquier información adicional o recomendaciones que puedan tener para mejoras continuas serían muy apreciadas. por favor contáctenme directamente al <tel_num> o a través de mi correo electrónico en cualquier momento para una discusión adicional. gracias por su pronta atención a este asunto. atentamente, <name> empresa: <company_name>",it services
"estimado servicio de atención al cliente, le escribo para informar sobre un problema persistente con mi macbook air m1, adquirido en su tech online store. el dispositivo experimenta consistentemente un sobrecalentamiento, lo que afecta significativamente su rendimiento y la duración de la batería. a pesar de haber intentado varios pasos de solución de problemas, el problema persiste, causando preocupación. dependo en gran medida de esta laptop para mis tareas diarias, y la situación actual obstaculiza su uso óptimo. por favor, aconseje sobre los pasos apropiados para la rectificación o posibles opciones de reemplazo. hágame saber cómo proceder y si necesita información adicional para la asistencia. espero su pronta respuesta. gracias, <name>",tech online store
"problema con visual studio code estimado soporte de servicios de ti, estoy experimentando problemas frecuentes de congelamiento con visual studio code 1.70 durante la depuración de código en windows 10. esto afecta significativamente mi productividad. por favor, ayuden a resolver este problema a la brevedad. gracias. saludos, <name> <tel_num>",it services
"solicitud de intercambio por problema con la impresora estimado servicio al cliente, escribo para solicitar un intercambio para mi canon pixma mg3620. la impresora no se conecta de forma inalámbrica, a pesar de múltiples intentos de configuración de acuerdo con las instrucciones del manual. ¿podrían guiarme a través del proceso de intercambio o sugerir alguna solución inmediata? gracias por su asistencia. saludos, <name>",tech online store
"problemas de conectividad con el enrutador cisco estimado servicio de atención al cliente, estoy experimentando problemas de conectividad esporádicos con mi enrutador cisco isr4331, que compré recientemente. la conexión se interrumpe inesperadamente y sospecho que puede haber un problema de configuración. agradecería cualquier orientación o apoyo que pueda proporcionarme para resolver este problema. por favor, ayúdenme lo antes posible. gracias, <name> <acc_num>",tech online store
"incidente con asistencia de rendimiento del servidor estimado soporte de servicios de ti, me pongo en contacto para informar un problema de rendimiento con nuestros servidores relacionado con su servicio de consultoría de ti. por favor, ayúdenos a través de su sistema de tickets para una pronta resolución. asegurar soluciones de ti eficientes es crucial para nuestras operaciones. gracias, <name>",it services
"estimado equipo de soporte, nuestro cliente, <name>, ha informado de un ligero parpadeo en la pantalla al desconectar el teclado de su microsoft surface pro 7. ¿podría ayudarnos a resolver este problema para ellos? saludos cordiales, <name>",it services
el cliente enfrenta problemas de wi-fi con la hp deskjet 3755. no puede imprimir de forma inalámbrica. necesita asistencia para la solución de problemas.,it services
"error en el sistema estimado equipo de soporte de ti, encontré un fallo del sistema mientras utilizaba windows 11 pro. este inconveniente ha continuado a pesar de varios intentos de resolución. ¿podrían asistir me en la solución y corrección de este problema? muchas gracias. cordialmente, <nombre>",it services
"asistencia urgente de aws necesaria estimado equipo de soporte de servicios de ti, mi nombre es <name>, y necesito urgentemente asistencia con respecto a los servicios de gestión de aws. actualmente estamos enfrentando dificultades para optimizar nuestros costos de aws y necesitamos ayuda para desplegar una nueva infraestructura escalable. esto está afectando críticamente nuestras operaciones y requiere atención inmediata. ¿podrían, por favor, agilizar esta solicitud y proporcionar el apoyo necesario lo antes posible? si es necesario, puedo ser contactado al <tel_num> para más detalles. espero su rápida asistencia. atentamente, <name>",it services
"solicitud de transferencia de licencia de intellij idea hola, soporte al cliente, solicitamos una transferencia de licencia para intellij idea 2024.1 debido a cambios internos en nuestro departamento dentro de la empresa. por favor, guíenos a través del proceso y proporcione cualquier documentación necesaria para la transferencia. gracias, <name> <company_name>",software development company
error con la integración del canal de slack el departamento de recursos humanos no puede acceder a las comunicaciones vitales en slack 4.23.0.,it services
dell xps 13 9310 fallido de compra reciente - solicita ayuda he recibido un dell xps 13 9310 en mal estado y necesito asistencia lo antes posible.,online store
"problema urgente con la herramienta de aws estimado servicio al cliente, espero que este mensaje le encuentre bien. estoy escribiendo para abordar un problema crítico que estamos experimentando con la herramienta de optimización de costos de aws, que es crucial para nuestra presupuestación dentro del servicio de computación en la nube. desafortunadamente, este problema está afectando significativamente nuestra planificación financiera y nuestros procesos de toma de decisiones. el producto afectado es el servicio de administración de aws. nuestro equipo depende en gran medida de esta herramienta para gestionar y prever con precisión los gastos en la nube, y el mal funcionamiento actual está generando discrepancias en nuestros informes de análisis de costos. solicito amablemente su atención inmediata a este asunto y apreciaría cualquier orientación o solución que puedan ofrecer para resolver el problema rápidamente. no dude en contactarme directamente a su conveniencia. gracias por su ayuda de antemano. saludos cordiales, <name>",it services
"investigación sobre discrepancias en la facturación de aws estimado soporte al cliente, estoy escribiendo para solicitar una revisión detallada de una discrepancia en la facturación relacionada con mi factura reciente por el servicio de gestión de aws. mi número de cuenta es <acc_num>. noté algunos cargos inesperados que no se alinean con mi comprensión o uso del servicio. dado esto, requiero un desglose y explicación completos de los costos incurridos, especialmente en torno a los nuevos cargos que han aparecido. ¿podrían por favor proporcionar un análisis detallado, aclarando cada partida y explicando estas discrepancias? una respuesta rápida para resaltar cualquier error de cálculo o aclarar los cargos sería muy apreciada, ya que ayudará a garantizar una facturación precisa y mantener la confianza en sus servicios. por favor, háganme saber si se requiere información adicional de mi parte para facilitar una investigación exhaustiva. espero su pronta respuesta. gracias. atentamente, <name> contacto: <tel_num>",it services
"solicitud de devolución: función hdr defectuosa del samsung qn90a estimado soporte de tech online store, estoy escribiendo para solicitar una devolución de mi samsung qled qn90a debido a una función hdr defectuosa. el problema fue descubierto dentro del periodo de devolución. por favor, infórmame sobre los próximos pasos para procesar esta devolución. gracias, <name> <acc_num> <tel_num>",tech online store
"problemas con la epson ecotank et-4760 estimado cliente del soporte de tech online store, espero que este mensaje le encuentre bien. le escribo para expresar mis preocupaciones sobre mi reciente experiencia con la impresora epson ecotank et-4760. tras la última actualización de software, he encontrado problemas de conectividad que parecen interrumpir la funcionalidad inalámbrica del dispositivo. antes de la actualización, la impresora estaba funcionando notablemente bien, sin interrupciones en las capacidades de impresión inalámbrica. sin embargo, desde que se aplicó la actualización, la impresora no logra conectarse de forma inalámbrica a ningún dispositivo. a pesar de intentar varios pasos para solucionar el problema, como reiniciar tanto la impresora como los dispositivos conectados, así como restablecer la configuración de red, el problema persiste. esto ha afectado significativamente mi eficiencia laboral diaria, ya que la impresión inalámbrica es una característica crítica para mis necesidades. el modelo de impresora en cuestión está registrado bajo mi número de cuenta <acc_num>. para su referencia, el número de serie de la impresora es <serial_num>. le agradecería si pudiera aconsejarme sobre cualquier paso adicional que deba seguir para resolver este problema o si podría haber una solución anticipada en los próximos parches de software. gracias por su pronta atención a este asunto. espero su orientación sobre los próximos pasos. no dude en ponerse en contacto conmigo en <email> o a mi número de teléfono <tel_num>. atentamente, <name>",tech online store
"necesito soporte inmediato estimado servicio al cliente, me estoy comunicando para expresar mi preocupación urgente sobre la reciente interrupción en el servicio de gestión de aws, que ha obstaculizado considerablemente nuestra infraestructura en la nube, provocando una disminución significativa en la productividad de nuestro equipo. dependemos de los servicios de aws para el funcionamiento eficiente de nuestros sistemas de ti, y esta interrupción imprevista ha creado obstáculos sustanciales para nuestros proyectos en curso. el problema inició el <date>, y desde ese momento, nuestro acceso a funciones esenciales de aws ha estado profundamente restringido. esta interrupción está influyendo no solo en los procedimientos internos, sino también en los servicios relacionados con los clientes, lo que podría dañar potencialmente nuestra reputación comercial y las relaciones con los clientes. como puede apreciar, garantizar operaciones ininterrumpidas es crucial para cumplir con los compromisos y entregables de los clientes. busco la intervención inmediata de su equipo calificado para abordar este desafío. requerimos asistencia urgente para comprender la razón de la interrupción y para implementar medidas que restablezcan el servicio lo antes posible. una resolución oportuna es esencial para minimizar cualquier efecto adverso adicional en nuestras operaciones comerciales. para asegurar un proceso de resolución efectivo, estoy disponible a su conveniencia para una conversación en profundidad sobre la situación actual. le agradecería que proporcionara una respuesta rápida a este mensaje con actualizaciones sobre el progreso y los plazos anticipados para la resolución. gracias de antemano por su rápida atención a este asunto. anticipamos sus acciones inmediatas y esperamos un regreso rápido al funcionamiento normal de los servicios. atentamente, <name> <name.company> número de teléfono: <tel_num> id de cuenta: <acc_num>",it services
"hola, estoy experimentando fluctuaciones en mi estado de cuenta de aws y necesito claridad sobre este asunto. parece que se ve afectado por el uso cambiante del servicio y las actualizaciones de auto-escalado relacionadas con el servicio de administración de aws. ¿puedes ayudarme a entender estos cambios? gracias, <name>",it services
"problema con zoom 5.11.0 durante el seminario web estimado soporte, durante nuestro reciente seminario web utilizando zoom 5.11.0, los asistentes experimentaron cortes de audio repetidos y problemas de conectividad. por favor, guíenos sobre cómo resolver este asunto urgente. gracias, <name>",it services
"saludos al equipo de atención al cliente, adquirí recientemente un apple watch series 7 gps en su sitio web, y lamentablemente, la pantalla parece estar dañada. ¿podrían ayudarme con el procedimiento para realizar una devolución o un intercambio? mi número de pedido es <order_num>. agradecido, <name> <tel_num>",online store
"problemas de autenticación con el enrutador cisco isr4331 estimado servicio de atención al cliente, estamos experimentando desafíos significativos con nuestro enrutador cisco isr4331. parece que no está autenticando a los usuarios adecuadamente, lo que está causando problemas generalizados de inicio de sesión en la red para nuestro departamento de ti. dependemos de este enrutador por su estabilidad y seguridad, por lo que este problema está impactando nuestras operaciones diarias. solicitamos amablemente su asistencia inmediata para resolver este problema y restaurar la funcionalidad normal de la red. por favor, háganos saber a la brevedad cómo proceder o si sería necesario un reemplazo o reparación. gracias por su pronta atención a este asunto. atentamente, <name>",it services
"asistencia requerida para la configuración de hp deskjet 3755 estimado servicio de atención al cliente, recientemente compré una hp deskjet 3755 en su tienda en línea y estoy enfrentando desafíos con su configuración. dado que este modelo inalámbrico es crítico para mi flujo de trabajo, necesito su orientación para configurarlo correctamente. por favor, proporcione instrucciones detalladas o programe una sesión con un técnico a la brevedad posible. mi id de cliente es <cust_id>. contáctenme a <email> o <tel_num> para un seguimiento posterior. gracias, <name>",tech online store
"solicitud de cambio en las configuraciones de aws para optimización estimado equipo de soporte al cliente de it services, espero que este mensaje los encuentre bien. estoy escribiendo para solicitar modificaciones a nuestras configuraciones actuales de instancia de aws bajo su servicio de gestión de aws. nuestro objetivo es lograr una mejor optimización de costos mientras mejoramos el rendimiento dentro de nuestra infraestructura de ti. actualmente, parece que las configuraciones que tenemos podrían no estar totalmente alineadas con nuestros requisitos empresariales en evolución y las restricciones presupuestarias. por lo tanto, estamos buscando orientación profesional para ajustar estas configuraciones y maximizar la eficiencia y reducir gastos. ¿podríamos organizar una consulta para discutir esto? además, sería útil obtener un análisis de nuestros patrones de uso existentes junto con recomendaciones adaptadas a nuestras necesidades específicas. gracias por su atención a este asunto. atentamente, <name> <name> <email>",it services
"asistencia inmediata requerida para la interrupción de la red estimado servicio de atención al cliente, actualmente estamos experimentando un incidente de alta prioridad que involucra nuestro cisco router isr4331, lo que está causando interrupciones significativas en el rendimiento de nuestra red empresarial. este problema ha llevado a una interrupción parcial que afecta a varias operaciones críticas. le solicitamos amablemente su atención y experiencia inmediatas para resolver este problema lo más rápido posible. por favor, proporcione orientación sobre los próximos pasos para la solución de problemas o confirme el despacho de un equipo técnico. puede comunicarse conmigo a nuestra línea directa: <tel_num> o por correo electrónico a <email_address>. gracias por su pronta respuesta. atentamente, <name> <company_name>",it services
"consulta sobre servicios de ti hola, tengo algunas preguntas generales sobre su proceso de desarrollo de software y apreciaría cualquier consejo sobre administración de servidores. el producto afectado es su servicio de consultoría de ti. espero su orientación y gracias por su apoyo. saludos, <name>.",it services
"solicitud urgente de modificación de ticket de jira estimado soporte al cliente, espero que este mensaje lo encuentre bien. me estoy comunicando con una solicitud urgente para modificar la configuración de categorización de tickets en nuestro jira software 8.20 para mejorar la gestión del proyecto. esta modificación es de alta prioridad y mejorará significativamente el flujo de trabajo de nuestro equipo. por favor, indíquenos cómo pueden ayudarnos a acelerar este proceso. gracias por su atención inmediata. atentamente, <name> <acc_num> <tel_num>",software development company
"problema con la canon pixma mg3620 estimado servicio de atención al cliente, espero que este mensaje te encuentre bien. me estoy comunicando para reportar un problema relacionado con una impresora canon pixma mg3620 que compré en su tienda online tech. el problema ocurrió mientras intentaba realizar un trabajo de impresión a doble cara, una función esencial que utilizo frecuentemente. durante este proceso, la impresora experimentó un atasco de papel, que se ha convertido en un problema recurrente que afecta su funcionalidad y mi productividad. tras mis intentos de resolver el problema, que incluyeron eliminar cuidadosamente el papel atascado y reiniciar la impresora, lamentablemente el problema persiste. cada intento de impresión a doble cara resulta en un atasco de papel similar, lo que sugiere que podría haber un problema técnico subyacente con la propia impresora. he consultado el manual del usuario y seguido todos los pasos básicos de solución de problemas recomendados para tales problemas, pero sin éxito. agradecería su orientación sobre cómo proceder a continuación. específicamente, me gustaría saber si hay pasos adicionales de solución de problemas que puedan recomendar o si este problema podría estar cubierto por alguna garantía o acuerdo de servicio. gracias por su asistencia en resolver este asunto rápidamente. espero su orientación a la mayor brevedad posible. atentamente, <name> <tel_num>",tech online store
"solicitud de servicio de garantía estimado servicio de atención al cliente de la tienda online tech, espero que este mensaje lo encuentre bien. escribo para llamar su atención sobre un problema preocupante que he estado experimentando con mi laptop dell xps 13 9310 que compré en su tienda. recientemente, la pantalla del dispositivo comenzó a parpadear inesperadamente, y este problema ha crecido más frecuente en las últimas semanas, afectando significativamente mi productividad y experiencia de usuario. dado que el parpadeo de la pantalla parece sugerir un posible mal funcionamiento del hardware, espero aprovechar el servicio de garantía para obtener asistencia. he intentado pasos básicos de solución de problemas, como actualizar los controladores de pantalla y asegurarme de que todo el software de mi dispositivo esté actualizado, pero, lamentablemente, estos pasos no han resuelto el problema. además, esta laptop todavía está muy dentro del período de garantía ofrecido por dell y su tienda, ya que fue comprada hace menos de seis meses. por lo tanto, solicito amablemente orientación sobre cómo procesar esta queja a través del servicio de garantía. estoy particularmente interesado en saber qué pasos debo seguir a continuación, y si necesitaría enviar la laptop a su centro de servicio o si podría haber una resolución alternativa. además, por favor háganme saber si se requiere documentación adicional de mi parte para acelerar la reclamación o cualquier información relacionada con los detalles de mi compra. mi número de pedido es <order_num>, y compré esta laptop el <purchase_date>. el número de serie de la laptop es <serial_num>. por favor contáctenme a la brevedad a través de mi correo electrónico o al <tel_num> si necesitan más información. gracias de antemano por su pronta asistencia en este asunto. espero resolver este problema rápidamente con su ayuda. saludos cordiales, <name>",tech online store
"consulta sobre la compatibilidad del macbook hola, espero que este mensaje te encuentre bien. me gustaría confirmar si el macbook air m1 es compatible con el monitor de pantalla <monitor_brand>. agradezco tu ayuda en este asunto. gracias, <name>. saludos, <name>.",tech online store
"dificultad para activar kaspersky apreciado equipo de atención al cliente, estoy enfrentando dificultades para llevar a cabo la activación de kaspersky internet security 2024. les agradezco me brinden su apoyo. atentamente, <nombre>, <número_de_cuenta>.",it services
"asistencia necesaria para el dell xps 13 performance estimado servicio al cliente, espero que este mensaje le encuentre bien. estoy escribiendo para buscar asistencia con respecto al portátil dell xps 13 9310 que compré recientemente en su tienda. aunque en general he estado satisfecho con el producto en muchos aspectos, he encontrado un problema con su tiempo de arranque. parece ser inusualmente lento, lo que afecta significativamente mi flujo de trabajo. he asegurado que todas las últimas actualizaciones estén instaladas y he revisado los programas de inicio para minimizar cualquier proceso innecesario que se ejecute al iniciar. a pesar de estos esfuerzos, el tiempo de arranque sigue siendo más largo de lo esperado para un dispositivo de este calibre. ¿podrían proporcionar algunas recomendaciones o pasos de solución de problemas para mejorar el rendimiento del portátil? además, si hay configuraciones o actualizaciones específicas para este modelo que podrían aumentar su velocidad, agradecería mucho su orientación. es crucial para mi eficiencia laboral tener un dispositivo que funcione de manera rápida y confiable, por lo que cualquier ayuda que puedan proporcionar sería inmensamente valorada. gracias por su atención a este asunto, y espero su asesoramiento experto. atentamente, <name> <tel_num>",tech online store
"problema con la creación de tareas estimado soporte de ti, estoy encontrando un error al intentar crear tareas e integrarlas con confluence en nuestro flujo de trabajo de gestión de proyectos utilizando jira software 8.20. se agradecería asistencia para resolver este problema, ya que está afectando nuestra productividad. por favor, proporcione una solución a la mayor brevedad posible. gracias, <name>, <email>.",it services
"asistencia para error de consulta estimado equipo de soporte al cliente, espero que este mensaje los encuentre bien. estoy experimentando un problema al consultar la base de datos postgresql 14.3. parece que solo está afectando informes menores de usuarios. he intentado varios pasos de solución de problemas, pero no he podido resolverlo. ¿podrían proporcionar orientación o algún recurso adicional que pueda ayudar a aliviar este problema? asegurar que las consultas funcionen correctamente es crucial para mantener la precisión de nuestros informes. agradezco mucho su pronta asistencia para resolver este asunto. espero su rápida respuesta. saludos cordiales, <name>, cuenta <acc_num>.",it services
"estimado cliente <nombre> del equipo de soporte, te escribo para notificar sobre un inconveniente con el trackpad de mi macbook air m1 que adquirí en su tienda en línea. a veces, el trackpad no responde, lo que complica mi labor. solicito una solución a la mayor brevedad posible. gracias, <nombre>",online store
"solicitud de intercambio para surface pro 7 estimado servicio al cliente, he discutido con su equipo sobre el intercambio de mi microsoft surface pro 7, ya que prefiero un modelo con especificaciones diferentes. por favor, guíenme a través del proceso de intercambio de manera rápida. aprecio su apoyo. saludos cordiales, <name> número de cuenta: <acc_num> teléfono: <tel_num>",tech online store
"consulta sobre disponibilidad y precios del dell xps 13 hola equipo de tech online store, espero que este mensaje los encuentre bien. estoy escribiendo para preguntar sobre la disponibilidad y las opciones de precios actuales para la computadora portátil dell xps 13 9310. he revisado el sitio web, pero no pude encontrar la información más reciente sobre este modelo. ¿podrían confirmar el estado del stock y si hay promociones o opciones de financiación disponibles? además, si hay accesorios compatibles o paquetes, agradecería sus recomendaciones. espero su respuesta. saludos cordiales, <name> <tel_num> <email>",tech online store
"solicitud de devolución del epson ecotank et-4760 defectuoso hola, necesito devolver mi epson ecotank et-4760. tiene atascos de papel frecuentes y muestra códigos de error. por favor, ayúdame con el proceso de devolución.",tech online store
"consulta sobre servicios de consultoría de ti estimado soporte al cliente, me pongo en contacto para preguntar sobre sus servicios de consultoría de ti. estamos interesados en detalles y precios, específicamente para establecer un sistema de tickets eficiente dentro de nuestra empresa. ¿podrían proporcionarnos información sobre los servicios que ofrecen en relación con esto y cualquier paquete de precios disponible? además, cualquier idea sobre cómo sus soluciones pueden mejorar nuestras operaciones actuales sería muy apreciada. por favor, háganos saber el tiempo habitual para la implementación y cualquier otro detalle relevante. puede contactarme al <tel_num> o responder a este correo electrónico a su conveniencia. gracias, <name>",it consulting firm
"problema de desconexiones frecuentes con el enrutador cisco isr4331 estimado cliente del soporte del tech online store, espero que este mensaje lo encuentre bien. le escribo para expresar algunas preocupaciones respecto al enrutador cisco isr4331, un producto suyo que compré con grandes expectativas. desafortunadamente, he estado experimentando desconexiones frecuentes mientras uso el enrutador, lo que ha ocasionado interrupciones sustanciales durante mis reuniones en línea programadas, algo que está resultando bastante disruptivo para mis compromisos profesionales. el problema principal se refiere a bajones inesperados que ocurren esporádicamente, independientemente de la hora del día o del nivel de uso. intenté procedimientos de solución de problemas de rutina, como reiniciar el dispositivo, verificar la configuración de conectividad y confirmar que el firmware estaba actualizado, pero sin ninguna mejora en este problema persistente. además, he verificado que el problema no está relacionado con mi proveedor de servicios de internet al realizar verificaciones detalladas. además, es imperativo tener una conectividad a internet estable para mi trabajo, y estas interrupciones recurrentes no solo han obstaculizado la productividad, sino que también han generado preocupaciones sobre la fiabilidad. confío mucho en el rendimiento constante de productos de red de alta calidad, que fue por lo que el enrutador cisco isr4331 parecía ser una opción ideal en el momento de la compra. en este punto, estoy interesado en resolver este asunto rápidamente, ya que está impactando significativamente en mi trabajo. por favor, advíseme sobre cualquier otro paso de solución de problemas que pueda haber pasado por alto o si hay configuraciones particulares para el enrutador cisco isr4331 que requieran ajuste. además, agradecería cualquier orientación sobre la posible sustitución o reparación del dispositivo, en caso de que mi modelo esté defectuoso. gracias por su atención inmediata a este asunto. espero su pronta respuesta. atentamente, <name> <email_address> <tel_num>",tech online store
"problemas de conectividad inalámbrica de hp deskjet 3755 estimado soporte de tech online store, estoy experimentando problemas con la conectividad inalámbrica de mi impresora hp deskjet 3755. constantemente falla en conectarse de forma inalámbrica, lo que afecta significativamente mis tareas de impresión. ¿podrían proporcionar los pasos de solución de problemas para abordar este problema? su asistencia será muy apreciada para resolver esta inconveniencia a la brevedad posible. gracias, <name>",tech online store
"solicitud de intercambio para dell xps 13 estimado cliente del servicio de atención al cliente de tech online store, espero que este mensaje le encuentre bien. le escribo para expresar mi preocupación por la reciente compra que hice en su tienda, un producto afectado: dell xps 13 9310, que desafortunadamente ha estado experimentando un problema de rendimiento defectuoso de la batería. la laptop fue comprada bajo el número de cuenta <acc_num> el <date>. desde el primer uso, noté que la batería no mantenía una carga como se esperaba. se descarga rápidamente, causando una gran inconveniencia, especialmente durante tareas importantes. dada la reputación premium de la serie xps de dell, creo que esto puede ser una anomalía, y estoy interesado en resolver este problema. solicito un intercambio por la unidad afectada por una nueva. mis datos de contacto para cualquier comunicación adicional son: nombre: <name>, teléfono: <tel_num>, id de pedido: <order_id>. espero una resolución rápida y estoy más que dispuesto a devolver este producto defectuoso a la mayor brevedad para agilizar el proceso. gracias por su atención a este asunto. espero su pronta respuesta y continuar mi experiencia con tech online store. atentamente, <name>",tech online store
"usuario enfrenta problemas con la mensajería de slack estimado equipo de soporte de servicios de ti, nuestro colega <name> no puede enviar mensajes en slack versión 4.23.0. la comunicación en los departamentos de pluto es crucial y este problema interrumpe nuestro flujo de trabajo. le agradeceríamos que nos brindara asistencia o una solución a la mayor brevedad posible. saludos cordiales, <name>.",it services
"problema urgente del servidor estimado soporte al cliente, estoy escribiendo para informar sobre un problema urgente del servidor que está afectando actualmente nuestro sistema de tickets. nuestra empresa, <name>, depende en gran medida de su servicio de consultoría de ti para un funcionamiento fluido. sin embargo, estamos experimentando interrupciones significativas, y este problema requiere asistencia y análisis inmediatos para garantizar una solución rápida. ¿podrían proporcionarnos el apoyo necesario para abordar este asunto con prontitud? la productividad de nuestro equipo depende en gran medida de un sistema de tickets funcionando. agradecemos su pronta atención a este problema. por favor, contáctenme a su conveniencia. gracias, <name> <tel_num> <email>",it consulting firm
"fallo en el despliegue en la infraestructura de aws estimado soporte al cliente, estoy escribiendo para informar sobre un problema continuo con nuestra infraestructura de aws gestionada a través de su servicio de gestión de aws. estamos experimentando fallos en el despliegue, lo que afecta gravemente a nuestros servicios en la nube. esta interrupción está afectando nuestras operaciones comerciales y a los clientes. sospechamos que podría haber ineficiencias en estos despliegues, razón por la cual es esencial una revisión detallada de la optimización de costos. este problema ha sido persistente durante los últimos días y requiere una resolución urgente. agradeceríamos su atención inmediata para diagnosticar y resolver este problema. por favor, contácteme a la mayor brevedad posible. atentamente, <name> <acc_num>",it services
"solicitud urgente de consultoría de ti estimado soporte al cliente de servicios de ti, espero que este mensaje lo encuentre bien. estoy escribiendo para buscar su experiencia en servicios de consultoría de ti para abordar algunas vulnerabilidades de seguridad urgentes en nuestros sistemas de servidores. hemos identificado múltiples problemas que están afectando las funcionalidades de nuestros servidores existentes, y es crucial para nosotros mejorar estas áreas rápidamente para mantener la seguridad y la integridad del rendimiento de nuestro sistema. hemos estado utilizando su servicio de consultoría de ti y siempre hemos apreciado su apoyo rápido y confiable. por lo tanto, confío en su capacidad para ayudarnos de manera eficiente a identificar e implementar las mejoras necesarias. ¿podría proporcionarnos los próximos pasos para abordar estas vulnerabilidades? además, si es posible, agradeceríamos programar una consulta con uno de sus consultores expertos a la brevedad para discutir remedios y soluciones en detalle. gracias de antemano por su pronta atención a este asunto. esperamos su valioso apoyo y estamos listos para proporcionar cualquier información adicional que se necesite. no dude en contactarme directamente al <tel_num>. atentamente, <name> <acc_num>",it services
"urgente: reemplazo inmediato requerido para el enrutador defectuoso estimado soporte al cliente, estoy escribiendo para llamar su atención urgente sobre el mal funcionamiento de nuestro enrutador cisco isr4331. este problema ha interrumpido nuestra conectividad de red, afectando gravemente nuestras operaciones comerciales diarias. dependemos de una conectividad constante para mantener la productividad y alcanzar nuestros objetivos. dada la naturaleza crítica de esto, solicitamos amablemente un reemplazo inmediato para el enrutador defectuoso. asegurar un rendimiento de red fluido es crucial para nosotros. por favor, háganos saber el proceso para agilizar este reemplazo. gracias por su pronta atención a esta solicitud urgente. atentamente, <name>",it services
"error sql recurrente que afecta la recuperación de datos para proyectos estimado equipo de soporte de servicios de ti, estoy escribiendo para informar un problema que uno de nuestros clientes, <name>, ha estado experimentando con postgresql 14.3. han identificado errores sql recurrentes al intentar acceder a la base de datos, lo que está impactando significativamente su capacidad para recuperar datos para varios proyectos críticos. este problema está causando considerables interrupciones en sus operaciones diarias, y están buscando una resolución inmediata. el cliente informa que los errores sql son impredecibles pero se han vuelto más frecuentes en las últimas semanas. estos problemas surgen durante la ejecución de consultas de datos, deteniendo el progreso en tareas esenciales para la finalización del proyecto. hemos revisado su configuración actual y nos hemos asegurado de que esté alineada con los parámetros estándar recomendados para un rendimiento óptimo. por favor, aconseje sobre los próximos pasos que debemos seguir para solucionar y resolver este problema persistente. agradeceríamos mucho cualquier asistencia acelerada que pueda proporcionar para minimizar el impacto en la productividad de nuestro cliente. gracias por su atención inmediata a este asunto. atentamente, <name> <name>@company.com <tel_num>",it services
"dificultades en la instalación de norton antivirus plus estimado equipo de atención al cliente, he encontrado un inconveniente al realizar la instalación de norton antivirus plus. ¿podrían asistirme para solucionarlo? saludos cordiales, <name> <tel_num> <email>",it services
"problema de desconexiones frecuentes con el router cisco isr4331 estimado cliente del soporte técnico de la tienda en línea, espero que este mensaje le encuentre bien. le escribo para expresar algunas preocupaciones respecto al router cisco isr4331, un producto suyo que compré con grandes expectativas. lamentablemente, he estado experimentando desconexiones frecuentes mientras utilizo el router, lo cual ha estado creando interrupciones sustanciales durante mis reuniones en línea programadas, algo que está resultando bastante disruptivo para mis compromisos profesionales. el problema principal se refiere a caídas inesperadas que ocurren esporádicamente, independientemente de la hora del día o del nivel de uso. intenté procedimientos rutinarios de resolución de problemas como reiniciar el dispositivo, verificar la configuración de conectividad y confirmar que el firmware estaba actualizado, pero sin ninguna mejora en este problema persistente. además, he verificado que el problema no está relacionado con mi proveedor de servicios de internet al llevar a cabo controles detallados. además, es imperativo tener una conectividad a internet estable para mi trabajo, y estas interrupciones recurrentes no solo han obstaculizado la productividad, sino que también han generado preocupaciones sobre la fiabilidad. confío mucho en el rendimiento constante de productos de redes de alta calidad, que fue la razón por la que el router cisco isr4331 parecía ser la opción ideal en el momento de la compra. en este punto, estoy interesado en resolver este asunto rápidamente ya que está impactando significativamente mi trabajo. por favor, recomiende cualquier otro paso de solución de problemas que pueda haber pasado por alto o si hay configuraciones particulares para el router cisco isr4331 que requieran ajuste. además, agradecería cualquier orientación sobre un posible reemplazo o reparación del dispositivo, en caso de que mi modelo esté defectuoso. gracias por su atención inmediata a este asunto. espero su pronta respuesta. atentamente, <name> <email_address> <tel_num>",tech online store
"solicitud urgente de solución de problemas para el router cisco isr4331 estimado soporte al cliente, estoy escribiendo para informar sobre un problema de conectividad de red que afecta a nuestro router cisco isr4331. este problema es crítico y requiere una solución urgente para restaurar la conectividad a nivel empresarial. el problema ha interrumpido nuestras operaciones diarias, y estamos interesados en resolverlo lo antes posible. por favor, aconsejen sobre los próximos pasos para diagnosticar y solucionar el problema o si hay asistencia remota disponible. gracias por su pronta atención a este asunto. atentamente, <name>",it services
"buscando asistencia inmediata para el problema de ruido de la hp deskjet 3755 estimado equipo de soporte al cliente, espero que este mensaje los encuentre bien. me pongo en contacto para solicitar asistencia con respecto a un problema que he estado experimentando con mi impresora hp deskjet 3755, la cual ha estado emitiendo un ruido inusualmente fuerte durante el proceso de impresión. este problema comenzó recientemente, y es bastante preocupante ya que interrumpe la función de impresión silenciosa que esperaba de este modelo. el ruido fuerte aparece cada vez que se inicia un trabajo de impresión, continuando durante todo el proceso. no estoy seguro si se trata de un problema mecánico o de algo que se puede ajustar a través de configuraciones o mantenimiento. dado que la hp deskjet 3755 es vital para mis necesidades diarias de impresión, estoy ansioso por encontrar una solución a este problema rápidamente. agradecería su orientación sobre los pasos necesarios de solución de problemas o si se requiere una visita de servicio. cualquier instrucción o sugerencia detallada sobre cómo resolver este problema de ruido sería muy útil. por favor, hágame saber si necesita más información de mi parte para facilitar el proceso de solución de problemas. gracias por su pronta atención a este asunto. espero su respuesta rápida y una solución. saludos cordiales, <name>",it services
"asistencia necesaria con las extensiones de chrome hola, necesito asistencia para configurar extensiones en google chrome 102.0 para mejorar mi experiencia de navegación. he estado tratando de optimizar mi navegador web, pero he encontrado algunos desafíos. ¿puedes proporcionar instrucciones detalladas o soporte para ayudarme a resolver este problema? es importante para mí mejorar mi eficiencia de navegación. gracias por tu ayuda de antemano. espero tu orientación experta. saludos cordiales, <name>.",tech online store
"solicitud para modificar flujos de trabajo de jira estimado equipo de soporte al cliente, espero que este mensaje les encuentre bien. me estoy comunicando en nombre de nuestro equipo en <company_name>. hemos estado utilizando jira software 8.20 como una herramienta esencial para la gestión de nuestros flujos de trabajo de proyectos, y ha mejorado significativamente nuestra productividad y capacidades de gestión de proyectos. sin embargo, debido a cambios recientes en nuestras políticas internas de la empresa, necesitamos modificaciones en nuestros flujos de trabajo existentes para acomodar mejor las nuevas directrices relacionadas con la priorización de tickets. de acuerdo con nuestras nuevas políticas de la empresa, necesitamos la capacidad de ajustar la configuración de priorización dentro de jira para reflejar los cambios en cómo se deben procesar y gestionar los problemas. específicamente, buscamos incorporar un campo de prioridad personalizado que se alinee con nuestra matriz de priorización actualizada. además, nos gustaría implementar una función que permita ajustes dinámicos basados en el estado en tiempo real de los problemas y los objetivos generales del proyecto. nuestro objetivo es garantizar que nuestros proyectos se gestionen de manera más eficiente al permitir que los miembros del equipo categoricen los problemas con el nivel de urgencia apropiado, según lo dictado por nuestro nuevo marco de políticas. por lo tanto, prevemos la necesidad de crear nuevos flujos de trabajo personalizados o modificar los existentes para incluir estados adicionales y condiciones de transición que puedan reflejar con precisión estas estrategias de priorización. ¿podrían por favor proporcionarnos orientación sobre el mejor enfoque para implementar estas modificaciones en los flujos de trabajo? estamos particularmente interesados en comprender la viabilidad técnica, los plazos potenciales y cualquier asistencia que puedan ofrecer en términos de configuración o complementos necesarios que puedan necesitarse para apoyar estos cambios. sería extremadamente útil tener documentación o mejores prácticas de implementaciones similares anteriores para ayudarnos a navegar esta ajuste sin problemas. agradecemos su atención a este asunto y esperamos su asesoría experta sobre cómo avanzar. por favor, háganos saber un momento adecuado para discutir esto en mayor detalle o si hay recursos iniciales que podrían proporcionarnos para dar inicio a este proceso. muchas gracias por su apoyo. atentamente, <name> <position>, <company_name> <email_address> <tel_num>",software development company
"solicitud de intercambio por un dell xps 13 defectuoso estimado servicio de atención al cliente de tech online store, espero que este mensaje le encuentre bien. estoy escribiendo para solicitar un intercambio de mi dell xps 13 9310 recientemente comprado. desafortunadamente, la pantalla del dispositivo estaba defectuosa desde el primer momento, lo cual ha sido bastante decepcionante. mi número de pedido es <order_num>, y fue entregado el <delivery_date>. creo que soy elegible para un intercambio según la política de su tienda. por favor, indíqueme cómo proceder con este proceso. estoy ansioso por recibir un reemplazo que funcione correctamente. gracias por su pronta atención a este asunto. atentamente, <name> <email> <tel_num>",tech online store
"necesito asistencia para la respuesta lenta de consultas en mysql 8.0.30 estimado soporte al cliente de servicios de ti, estoy escribiendo para solicitar asistencia con respecto a los problemas de rendimiento que estamos enfrentando con nuestra base de datos mysql 8.0.30. hemos notado que las respuestas a las consultas se han vuelto significativamente lentas, lo que está afectando nuestra productividad general y el rendimiento de la aplicación. creemos que podría ser necesario una optimización del rendimiento para resolver estos problemas. ya hemos intentado optimizar los índices y realizar diagnósticos, pero lamentablemente, el problema persiste. sospechamos que podría estar relacionado con configuraciones específicas de la versión de mysql o cuellos de botella en los recursos. ¿podrían por favor asesorarnos sobre las optimizaciones potenciales que deberíamos considerar o ayudarnos a solucionar estos problemas de manera más efectiva? cualquier orientación o recomendación por parte de su equipo sería muy apreciada. nuestro número de cuenta es <acc_num>, y estamos disponibles para discutir más al respecto en su mayor conveniencia. gracias por su atención a este asunto. atentamente, <name> equipo de soporte de <company> contacto: <tel_num>",it services
"hola, estoy teniendo problemas con mi microsoft surface pro 7, donde la pantalla táctil ocasionalmente se vuelve insensible. me gustaría recibir asistencia para diagnosticar el problema y estoy interesado en conocer las posibles opciones de reparación o reemplazo. por favor, háganme saber cómo podemos proceder. mi número de cuenta es <acc_num>. gracias. saludos cordiales, <name>",tech online store
"problema de alta prioridad con la actualización de jira estimado equipo de soporte al cliente, escribo para expresar nuestra urgencia por asistencia con respecto a un problema crítico que estamos experimentando con jira software 8.20. todo nuestro equipo de proyecto ha estado unable para actualizar los estados de los tickets, lo que está interrumpiendo significativamente nuestro flujo de trabajo. este problema ha hecho que sea imposible para nosotros gestionar tareas, prioridades y plazos de manera efectiva. es imperativo que resolvamos este asunto rápidamente para asegurar que nuestro equipo pueda continuar su trabajo sin retrasos adicionales. el problema comenzó el 10 de octubre de 2023, y a pesar de varios intentos de solucionar el problema de nuestra parte, no hemos tenido éxito en resolverlo. se han probado los cambios en los permisos de usuario y la limpieza de cachés sin resultados positivos. la constante incapacidad para transitar problemas a través de nuestro flujo de trabajo ha causado una creciente frustración y retrasos en los plazos de entrega del proyecto. considerando la importancia de esta herramienta para nuestras operaciones diarias y su papel central en nuestras estrategias de gestión de proyectos, agradeceríamos que su equipo técnico pudiera priorizar esta solicitud. esperamos obtener información o encontrar una solución de su parte en el momento más pronto posible. estoy feliz de proporcionar cualquier información adicional que pueda requerir. nuestro gerente de proyecto, <name>, está disponible en <email> o <tel_num> si necesita registros técnicos detallados o si se desea realizar una sesión remota. por favor, aconseje sobre los próximos pasos para facilitar una rápida y eficiente resolución de este asunto. esperamos recibir su respuesta positiva pronto. gracias por su comprensión y atención urgente a este asunto apremiante. atentamente, <name> número de cuenta: <acc_num> <company name> <email> <tel_num>",it services
he recibido un samsung galaxy tab s7 que está dañado. requiero asistencia.,online store
"urgente: problema de acceso a google workspace después de la migración estimado equipo de soporte, después de la reciente migración de la cuenta, no puedo acceder a mi correo electrónico de google workspace ni a mi almacenamiento en la nube. esto es crucial para las operaciones de mi negocio. estoy usando el plan business standard. ¿podrían, por favor, priorizar este problema y resolverlo lo antes posible? gracias por su pronta atención. atentamente, <name> <email_address> <tel_num>",tech online store
"problemas con la videoconferencia de zoom estimado equipo de soporte de tech online store, estoy escribiendo para solicitar asistencia con un problema recurrente que he estado experimentando durante las sesiones de videoconferencia utilizando la aplicación zoom versión 5.11.0, que compré en su tienda. el problema afecta la sincronización de audio y video, causando retrasos e interrupciones durante las llamadas. he asegurado que mi conexión a internet sea estable y que el dispositivo cumple con todos los requisitos necesarios para ejecutar zoom sin problemas. agradecería si pudieran proporcionar algún paso de solución de problemas o una posible actualización para resolver estos problemas. mis detalles de cuenta son los siguientes: el número de cuenta es <acc_num>. estoy adjuntando un registro de mi llamada reciente que podría ayudar a diagnosticar el problema. por favor, avisen sobre los próximos pasos que debo seguir. pueden contactarme en <email> o comunicarme por teléfono al <tel_num>. gracias por su atención a este asunto. atentamente, <name>",tech online store
"estimado servicio de atención al cliente, estoy escribiendo para solicitar cambios en nuestra configuración de aws cloud bajo el servicio de gestión de aws. nuestro objetivo es optimizar la entrega de servicios y mejorar la eficiencia de costos. por favor, revise nuestra configuración actual y proporcione recomendaciones para ajustes. hágame saber si se necesitan más detalles. gracias, <name>",it consulting firm
"asistencia necesaria para el problema de rendimiento del dell xps 13 9310 estimado equipo de soporte al cliente, espero que este mensaje les encuentre bien. estoy escribiendo para solicitar asistencia respecto a un problema de rendimiento que he estado experimentando con mi portátil dell xps 13 9310, que compré recientemente en su tienda en línea tech. se me aconsejó que contactara a su equipo de soporte para obtener asistencia, y espero que puedan proporcionar la ayuda necesaria para resolver este asunto. desde que compré la portátil, he experimentado desaceleraciones significativas durante las operaciones regulares, incluso con aplicaciones básicas como navegar por internet y utilizar software de productividad. estos problemas están afectando mis actividades diarias y no cumplen con las expectativas de rendimiento de un dispositivo premium. he probado algunos pasos estándar de solución de problemas, como actualizar controladores y verificar conflictos de software, pero, desafortunadamente, estos no han resuelto el problema. dado que mis conocimientos técnicos son limitados, agradecería mucho una guía detallada o pasos que podría seguir. alternativamente, si pudieran informarme sobre opciones de reparación o servicio disponibles, sería muy apreciado. para su referencia, la portátil fue comprada el <purchase_date>, y mi número de cuenta es <acc_num>. por favor, háganme saber si necesitan más información de mi parte o si desean iniciar una solicitud de servicio de garantía. muchas gracias por su atención. espero con ansias su pronta asistencia para resolver los problemas de rendimiento de mi portátil. atentamente, <name> <tel_num>",tech online store
"se necesita asistencia de alta prioridad para problemas con visual studio code estimado soporte al cliente, estoy enfrentando problemas de depuración en aplicaciones utilizando visual studio code 1.70 en dispositivos gestionados por rrhh. se requiere ayuda inmediata. saludos, <name>",it services
"solicitud de personalización para el flujo de trabajo de jira software hola equipo de soporte, estoy escribiendo para solicitar un ajuste específico en el flujo de trabajo del proyecto en jira software 8.20 para asegurarme de que esté más alineado con nuestras metodologías ágiles. saludos cordiales, <name>",software development company
"urgente: problema de inactividad de la base de datos mysql 8.0.30 nuestra base de datos principal de clientes, que está ejecutando mysql 8.0.30, está actualmente inactiva. esto ha llevado a importantes problemas de tiempo de actividad que afectan a varios de nuestros servicios y operaciones. necesitamos soporte urgente para resolver este asunto rápidamente.",it consulting firm
"urgente: se experimentó una interrupción crítica del servicio de aws estimado equipo de atención al cliente, les escribo para informarles sobre una interrupción crítica del servicio que experimentamos durante nuestro reciente despliegue de infraestructura mientras utilizábamos su servicio de gestión de aws. nuestra empresa, <name> solutions, depende en gran medida de la estabilidad y confiabilidad de este servicio para mantener operaciones sin problemas y apoyar las aplicaciones de nuestros clientes. sin embargo, esta interrupción afectó gravemente la estabilidad de nuestro entorno y obstaculizó nuestra capacidad para proporcionar un servicio óptimo a nuestros clientes. notamos por primera vez el problema en la noche del 15 de octubre de 2023, donde múltiples intentos de desplegar componentes críticos a través de diferentes regiones no respondieron y finalmente fallaron, afectando múltiples entornos de clientes. como esta circunstancia condujo a un tiempo de inactividad y interrupciones no anticipadas durante varias horas, ha generado preocupaciones significativas sobre la funcionalidad y la tolerancia a fallos del servicio de gestión de aws bajo nuestro patrón de uso. solicitamos asistencia inmediata y aclaración sobre este asunto. ¿podría su equipo técnico investigar la causa de esta falla y proporcionar información sobre cualquier plan de mitigación y medidas preventivas futuras? estamos ansiosos por colaborar para prevenir further disruptions, ya que nuestra reputación depende en gran medida de mantener la consistencia operativa. además, ¿podría asegurarse de que los contactos relevantes dentro de su equipo nos proporcionen una línea de tiempo para una resolución anticipada y confirmar cualquier paso adicional que debamos tomar durante este período? si es necesario, no dude en comunicarse conmigo directamente al <tel_num>. gracias por abordar rápidamente este asunto urgente. esperamos su rápida respuesta y propuestas de soluciones. saludos cordiales, <name> número de cuenta: <acc_num>",it services
"asistencia necesaria para el problema del dell xps 13 estimado soporte al cliente de la tienda en línea de tecnología, escribo para informar sobre un problema con mi dell xps 13 9310, que compré recientemente en su tienda en línea bajo el número de orden <order_num>. desafortunadamente, la computadora portátil no está arrancando correctamente. inicialmente, se enciende, pero no avanza más allá de la pantalla de inicio, lo que la hace inutilizable. debido a este problema, no puedo acceder a ninguno de mis archivos o programas de trabajo. estoy preocupado de que esto pueda ser una falla de hardware o una grave corrupción de software. antes de tomar cualquier medida por mi cuenta, me gustaría una evaluación experta para no anular inadvertidamente ninguna garantía o causar más problemas. ¿podría guiarme sobre cómo proceder con el diagnóstico o la solución de este problema? además, agradecería cualquier consejo sobre los posibles próximos pasos, ya sea enviando el dispositivo para reparación o cualquier solución en casa que pudiera realizar de manera segura. gracias por su pronta atención a este asunto urgente. espero su respuesta. atentamente, <name>",tech online store
urgente: necesidad de optimización de costos el servicio de gestión de aws requiere atención inmediata para la optimización de costos y el monitoreo de despliegues debido a cargos inesperadamente altos.,it consulting firm
"problema urgente de infraestructura en la nube estimado servicio de atención al cliente, estamos experimentando un problema crítico con nuestra infraestructura en la nube gestionada a través de su servicio de gestión de aws, lo que resulta en un tiempo de inactividad no programado de nuestros servidores de producción. esto requiere atención inmediata para evitar un mayor impacto en nuestras operaciones. por favor, priorice y aconseje sobre los próximos pasos. gracias, <name>.",it services
"asistencia requerida para la actualización del teclado surface pro 7 estimado equipo de soporte de tech online store, me estoy poniendo en contacto para recibir asistencia con la actualización del teclado desmontable para mi microsoft surface pro 7, que actualmente funciona con windows 10. recientemente, he encontrado algunos problemas de compatibilidad y necesito orientación para asegurar un proceso de actualización fluido. ¿podrían por favor proporcionar instrucciones paso a paso o consejos de solución de problemas para abordar posibles obstáculos? además, infórmenme si hay controladores específicos o actualizaciones requeridas para un funcionamiento óptimo. agradecería mucho su pronta ayuda para resolver este asunto. gracias por su atención a esta solicitud. atentamente, <name>",tech online store
"problema con las extensiones después de la actualización hola equipo de soporte, espero que este mensaje les encuentre bien. estoy experimentando un pequeño problema con la actualización de visual studio code 1.70, donde las extensiones no se están cargando correctamente. ¿podrían proporcionar asistencia para resolver esto a la brevedad posible? ¡gracias! atentamente, <name>",software development company
"problemas de mensajería en tiempo real estimado equipo de soporte de tech online store, estoy escribiendo para informar sobre problemas constantes con las capacidades de mensajería en tiempo real de slack en varios canales, que afectan seriamente la comunicación y colaboración de nuestro equipo. actualmente estamos utilizando la versión de slack 4.23.0. el problema comenzó hace unos días y afecta a todos los miembros de nuestro equipo, causando retrasos en la entrega de mensajes y sincronización. esto interrumpe nuestro flujo de trabajo y pone en riesgo los plazos. necesitamos urgentemente una solución fiable o orientación sobre los pasos de solución de problemas que podemos tomar de inmediato. por favor, aborden este problema a la mayor brevedad posible. gracias por su asistencia. saludos cordiales, <name>",tech online store
"estimado equipo de soporte técnico, les escribo para llamar su atención sobre un problema persistente con mi laptop dell xps 13 9310. he estado experimentando parpadeos frecuentes en la pantalla, lo que está causando desafíos significativos en la visualización e interrumpiendo mis tareas diarias. el problema parece empeorar de manera intermitente, causando una considerable tensión mientras intento usar el dispositivo tanto para trabajo profesional como personal. he intentado realizar varios pasos de solución de problemas, como actualizar los controladores de pantalla y verificar si hay problemas de hardware, pero el problema persiste. ¿podrían por favor proporcionarme orientación sobre pasos adicionales de solución de problemas o coordinar una revisión y reparación de la laptop? su pronta asistencia para resolver este asunto a la brevedad sería muy apreciada. no duden en contactarme al <tel_num> para cualquier detalle o consulta adicional. gracias, <name>",it services
"consulta sobre problemas con el dell xps 13 9310 hola, soporte al cliente, estoy escribiendo para buscar asistencia con un problema de parpadeo de la pantalla que he estado experimentando con mi dell xps 13 9310 ultrabook. el producto parece haber desarrollado este problema recientemente, y está causando un inconveniente significativo, especialmente durante el trabajo. he verificado las actualizaciones de controladores y asegurado que todas las actualizaciones del sistema estén instaladas, pero desafortunadamente, el problema persiste. ¿podrían por favor brindarme orientación sobre posibles soluciones o pasos que puedo seguir para rectificar esto? si es necesario, estoy preparado para proporcionar detalles adicionales como recibo de compra o registros técnicos. apreciaría su pronta ayuda para resolver este asunto. gracias por su atención. saludos cordiales, <name>",tech online store
"ayuda necesaria con la configuración de aws hola soporte al cliente, confío en que este mensaje le encuentre bien. estoy contactando para buscar ayuda con el establecimiento y la configuración de un bucket s3 de aws a través de su servicio de gestión de aws. nuestra empresa, dirigida por <name>, tiene como objetivo mejorar nuestra seguridad de datos y gestión de acceso de manera efectiva. estaríamos agradecidos por cualquier orientación o documentación de apoyo que pudieran compartir para facilitar una implementación fluida. además, si hay configuraciones recomendadas o mejores prácticas de su equipo, por favor no duden en comunicarlas. además, <name> está disponible para más comunicación en <tel_num>. esperando su ayuda experta con ansias. gracias por su asistencia. mejores deseos, <name> número de cuenta: <acc_num>",it services
"discrepancia de facturación con el servicio de aws estimado soporte al cliente, escribo para expresar mis preocupaciones sobre las discrepancias en mi factura reciente del servicio de gestión de aws. parece que se me está cobrando por un uso anormalmente alto y hay cargos inesperados que no coinciden con mis registros. ¿podría revisar mi cuenta, <acc_num>, y proporcionar aclaraciones sobre estos cargos? además, por favor, aconseje sobre cómo pueden ser rectificados. aprecio su pronta atención a este asunto. gracias, <name> <tel_num>",software development company
"solicitud de integración por favor, integre la aplicación de ventas con la base de datos de pre-ventas; etiquételo como de baja prioridad.",software development company
"problema de pantalla táctil no responsive en surface pro 7 estimado servicio al cliente, estoy experimentando una pantalla táctil que no responde en mi microsoft surface pro 7. a pesar de múltiples reinicios, el problema persiste. su asistencia para resolver este problema sería muy apreciada. gracias. atentamente, <name>",it services
"problema urgente con la infraestructura en la nube estimado servicio de atención al cliente, estamos experimentando un problema crítico con nuestra infraestructura en la nube gestionada a través de su servicio de gestión de aws, lo que ha resultado en un tiempo de inactividad no programado de nuestros servidores de producción. esto requiere atención inmediata para evitar un mayor impacto en nuestras operaciones. por favor, priorice y asesórenos sobre los próximos pasos. gracias, <name>.",it services
"solicitud de devolución: problema de fuga de tinta estimado servicio al cliente, estoy escribiendo para solicitar una devolución de la impresora epson ecotank et-4760, que compré recientemente en su tienda en línea. desafortunadamente, durante la configuración inicial de la impresora, experimenté una fuga en el tanque de tinta, lo que ha causado inconvenientes significativos. los detalles del producto son los siguientes: - producto: epson ecotank et-4760 - número de pedido: <order_number> he seguido todos los pasos de solución de problemas descritos en el manual, pero el problema persiste. agradecería asistencia urgente para procesar la devolución y recibir un reemplazo o reembolso. por favor, contáctenme a la brevedad posible al <tel_num>. gracias por su pronta atención a este asunto. atentamente, <name>",tech online store
"problema de facturación con la factura reciente estimado servicio al cliente, estoy escribiendo para preguntar sobre cargos inesperados en mi factura reciente para google workspace business standard. noté cargos que no se anticiparon y agradecería aclaraciones sobre estos montos. mi número de cuenta es <acc_num>, y esta anomalía apareció en el último ciclo de facturación. por favor, revise los detalles e infórmeme sobre las discrepancias. estaría agradecido si pudiera abordar este problema de manera rápida. si necesita más información, puede contactarme al <tel_num>. gracias por su ayuda. saludos cordiales, <name>.",tech online store
"problema con la facturación de aws estimado equipo de soporte al cliente, espero que este mensaje les encuentre bien. les escribo para llamar su atención sobre un problema relacionado con la optimización de costos de mi aws bajo el servicio de gestión de aws. este mes, he notado cargos inesperados en mi cuenta de facturación que no anticipé. como cliente valioso, confío en sus servicios para asegurarme de gestionar y prever mis gastos de manera eficiente. sin embargo, estos cargos no anticipados han causado preocupación y han afectado mi presupuesto. ¿podrían investigar este problema a la brevedad posible y proporcionar aclaraciones sobre el origen de estos cargos? además, agradecería orientación sobre cómo prevenir situaciones similares en futuros períodos de facturación. mi número de cuenta es <acc_num>, y el correo electrónico registrado es <email>. su atención inmediata y solución a este asunto serían muy apreciadas. para cualquier consulta, estoy disponible en <tel_num>. gracias por su cooperación y apoyo rápido respecto a esta situación. espero su respuesta para asegurar la continuidad del servicio sin problemas. atentamente, <name>",it services
"asistencia urgente requerida: problema de fallo de base de datos mysql 8.0.30 estimado equipo de soporte al cliente, me pongo en contacto con ustedes con respecto a un incidente de alta prioridad que ha ocurrido recientemente con la versión mysql 8.0.30, que se apagó inesperadamente. este problema ha impactado gravemente nuestro acceso a los datos y la funcionalidad del servidor, causando interrupciones significativas en nuestras operaciones diarias. como nuestro proveedor de servicios de ti, su intervención urgente es crucial para resolver este asunto con prontitud. nuestro negocio depende en gran medida del rendimiento fluido de la base de datos, y el tiempo de inactividad experimentado está afectando nuestra capacidad para satisfacer las demandas de los clientes. el fallo inesperado de la base de datos está causando interrupciones, especialmente con el procesamiento y la recuperación de datos en tiempo real. sospechamos que esto podría deberse a fallos de software inesperados, pero se necesita un análisis más detallado. por favor, trate esto como una solicitud de máxima prioridad y proporciónenos orientación sobre los pasos inmediatos de solución de problemas. además, cualquier información que pueda ofrecer sobre las posibles causas o un plan de acción para evitar tales problemas en el futuro sería inmensamente valiosa. nuestro número de cuenta es <acc_num> y puede comunicarse conmigo directamente al <tel_num> para cualquier actualización inmediata. gracias por abordar este problema crítico con prontitud. atentamente, <name>",it consulting firm
"estimado soporte al cliente, el usuario <name>, cuenta <acc_num>, no puede acceder a jira software 8.20 debido a intentos de inicio de sesión fallidos repetidos y errores imprevistos del sistema. se requiere asistencia de manera urgente para la resolución. gracias.",it services
"estimado equipo de soporte al cliente, les escribo para expresar un problema urgente que encontramos con la instancia de aws proporcionada por su servicio de gestión de aws. durante el mantenimiento rutinario, nuestras instancias de aws se apagaron inesperadamente, afectando gravemente varias de nuestras aplicaciones alojadas. este incidente ha interrumpido nuestras operaciones comerciales, causando inconvenientes significativos y posibles contratiempos financieros. es fundamental que estas instancias de aws estén operativas lo antes posible. nuestro equipo depende en gran medida de sus servicios para nuestras funciones diarias, y cualquier tiempo de inactividad compromete la eficiencia de nuestros procesos comerciales. además, es crucial abordar el problema subyacente para prevenir futuras ocurrencias de esta naturaleza. por favor, prioricen este problema y asesoren sobre los pasos inmediatos que debemos seguir para restaurar las operaciones normales. agradecemos su pronta acción y apoyo para resolver este asunto. no duden en contactarme directamente al <tel_num> para cualquier discusión o aclaración adicional. nuestro número de cuenta es <acc_num>. gracias por su atención inmediata a este asunto urgente. atentamente, <name>",it services
"necesito ayuda inmediata: problemas con zoom hola, soporte al cliente, necesito ayuda para configurar y solucionar problemas para nuestras reuniones ejecutivas a través de zoom versión 5.11.0. este asunto es urgente. gracias, <name>.",it services
"solicitud de actualización de jira estimado soporte al cliente, estoy escribiendo para solicitar una actualización a la versión 8.20 de jira software para aprovechar las nuevas integraciones de confluence para una mejor gestión de proyectos. las funcionalidades adicionales son esenciales para mejorar la productividad de nuestro equipo. gracias por su ayuda. atentamente, <name>",software development company
"urgente: problema con el router cisco isr4331 estimado soporte al cliente, estoy escribiendo para informar sobre un problema urgente con nuestro router cisco isr4331 empresarial, que está experimentando bucles de reinicio frecuentes. esta inestabilidad está afectando gravemente nuestras operaciones de red y requiere intervención inmediata para evitar más interrupciones. hemos intentado pasos básicos de solución de problemas, pero el problema persiste, lo que indica un posible problema más profundo dentro del hardware o la configuración. solicitamos amablemente su asistencia experta para diagnosticar y resolver este asunto crítico a la brevedad. por favor, priorice este caso, ya que es crucial para mantener la continuidad de nuestro negocio. gracias por su rápida atención a este problema. atentamente, <name>",it services
"urgente: resolver problema de latencia del servicio de gestión de aws estimado cliente de soporte de servicios de ti, estamos experimentando un incidente severo con el servicio de gestión de aws, específicamente relacionado con la escalabilidad de nuestra infraestructura, lo que está causando alta latencia en nuestras aplicaciones desplegadas. esto impacta severamente el rendimiento y requiere atención y resolución inmediatas. por favor, priorice este problema y proporcione una actualización sobre el progreso de la resolución tan pronto como sea posible. gracias por su pronta respuesta. atentamente, <name> <tel_num> <acc_num>",it services
"asistencia con la depuración de extensiones estimado servicio de atención al cliente, actualmente estoy enfrentando desafíos con las extensiones de depuración en visual studio code versión 1.70, particularmente durante las sesiones de programación colaborativa. estos problemas están afectando nuestra productividad. ¿podrían proporcionar pasos o recursos para abordar estas complicaciones? asegurar un funcionamiento suave de las extensiones ayudaría enormemente a nuestro flujo de trabajo. su experiencia y cualquier actualización sobre los próximos parches serían apreciados. espero su orientación. gracias por su apoyo. saludos, <name>",software development company
"problemas de caídas de aplicaciones estimado cliente del soporte técnico de la tienda en línea, estoy escribiendo para informar sobre un problema que estoy experimentando con mi microsoft surface pro 7. desde que actualicé mi dispositivo a la última versión de windows 10, he estado enfrentando caídas frecuentes de aplicaciones. esto ha interrumpido significativamente mi flujo de trabajo y se está volviendo cada vez más frustrante. ¿podrían por favor proporcionarme orientación sobre cómo resolver este problema? cualquier solución o recomendación disponible sería muy apreciada. mi surface pro 7 todavía está bajo garantía con el número de cuenta <acc_num>. por favor, hágamelo saber si necesitan información adicional. gracias por su asistencia. atentamente, <name> <tel_num>",tech online store
"consulta sobre un problema de facturación estimado servicio al cliente, espero que este mensaje lo encuentre bien. estoy escribiendo para expresar mi preocupación acerca de un problema de facturación que he encontrado con una compra reciente en su tienda. el 12 de octubre de 2023, compré una suscripción para adobe photoshop 2024 usando mi número de cuenta <acc_num>. sin embargo, he notado una discrepancia entre el monto cobrado y el precio oficial listado. el precio publicado en su sitio web en el momento de la compra era de $49.99, pero mi tarjeta fue cobrando $59.99. estoy seguro de que esto es un error y apreciaría ayuda para resolver este sobrecargo. he adjuntado una copia de mi recibo de facturación para referencia. por favor, hágame saber si necesita información adicional de mi parte para acelerar el proceso de revisión. espero que tales problemas se traten con urgencia, y confío en que su empresa valora la satisfacción del cliente. si debo contactar a otro departamento para una resolución más rápida, amablemente diríjame en consecuencia. espero su pronta respuesta sobre este asunto. gracias por su atención a este problema. atentamente, <name> <tel_num>",tech online store
"estimado soporte al cliente, me pongo en contacto con ustedes para informarles sobre un problema crítico que estamos experimentando con el servicio de gestión de aws. actualmente, el tablero de gestión de aws está fuera de servicio, y los usuarios no pueden acceder a ningún servicio en la nube. esta interrupción está teniendo un impacto empresarial significativo y requiere una resolución inmediata. la indisponibilidad de este servicio está obstaculizando la productividad de nuestro equipo y afectando nuestras operaciones. ¿podrían investigar este problema urgentemente y proporcionar un cronograma estimado para la resolución? si hay alguna solución alternativa o temporal conocida, les agradeceríamos que nos lo informaran lo antes posible. mantener una comunicación continua hasta que se resuelva el problema sería muy apreciado. su pronta atención a este asunto es muy apreciada. gracias, <name> <tel_num> <acc_num>",it services
"aclaración urgente necesaria para la factura de servicios de ti estimado soporte al cliente, mi nombre es <name> y mi número de cuenta es <acc_num>. estoy escribiendo para solicitar una aclaración urgente con respecto a una factura que recibí por los servicios de consultoría de ti proporcionados el mes pasado. los detalles en la factura parecen ser inconsistentes con el acuerdo inicial y mi comprensión de los servicios entregados. contratamos su servicio de consultoría de ti para mejorar la infraestructura de ti de nuestra empresa desde <date1> hasta <date2>. si bien confío en la calidad de sus servicios, tengo algunas preocupaciones respecto a ciertos cargos listados en la factura con fecha <date3>, número de factura <inv_num>. específicamente, el desglose de horas de soporte adicionales y costos de materiales parecen ser más altos de lo que discutimos inicialmente durante la fase de consultoría. además, agradecería una explicación detallada de las horas de consultoría contabilizadas, ya que el resumen en la factura indica una cifra significativamente más alta de la que muestran nuestros registros internos. ¿podría revisar los cargos asociados y proporcionar una aclaración completa o una factura corregida si es necesario? es crucial para nuestra responsabilidad financiera y planificación presupuestaria asegurar que nuestros registros se alineen con su facturación. entiendo que pueden ocurrir errores, y busco resolver este asunto rápidamente. por lo tanto, se agradecería una aclaración rápida para mantener nuestra relación comercial positiva. si es necesario, estoy disponible para discutir esto por teléfono al <tel_num> durante el horario laboral, o puede enviarme un correo electrónico a mi dirección registrada con su empresa. gracias por su atención a este asunto. espero su pronta respuesta. saludos cordiales, <name> <position> <company_name>",it services
"solicitud de actualización de configuración de impresora estimado soporte de tech online store, estoy escribiendo para solicitar un cambio en la configuración de la impresora para mi canon pixma mg3620 para facilitar una impresión móvil más sencilla y mejorar el rendimiento de la impresión a doble cara. la configuración actual parece ineficiente al imprimir desde dispositivos móviles. ¿podría proporcionar orientación o una solución paso a paso para mejorar las capacidades de impresión? su asistencia para resolver estos problemas sería muy apreciada. gracias, <name> <tel_num>",tech online store
"macbook air m1 defectuoso estimado servicio al cliente, recientemente recibí un macbook air m1 defectuoso de su tienda. la pantalla parpadea constantemente y el teclado no funciona. mi número de cuenta es <acc_num>. por favor, indíqueme cómo proceder con un reemplazo o reembolso. gracias, <name>",tech online store
"urgente: resolver el problema de latencia del servicio de gestión de aws estimado cliente de servicios de ti, estamos experimentando un incidente grave con el servicio de gestión de aws, específicamente relacionado con la escalabilidad de nuestra infraestructura, lo cual está causando una alta latencia en nuestras aplicaciones desplegadas. esto impacta severamente el rendimiento y requiere atención y resolución inmediata. por favor, prioricen este problema y proporcionen una actualización sobre el progreso de la resolución lo antes posible. gracias por su rápida respuesta. atentamente, <name> <tel_num> <acc_num>",it services
"problema de inicio de sesión - jira software 8.20 estimado servicio de atención al cliente, estoy experimentando dificultades para iniciar sesión en mi cuenta y acceder a mis proyectos en jira software 8.20. a pesar de ingresar las credenciales correctas, el sistema falla continuamente en la autenticación y solicita la reentrada sin mostrar ningún mensaje de error. este problema está obstaculizando mi capacidad para colaborar efectivamente con mi equipo. agradecería que pudieran investigar el problema con prontitud. mi número de cuenta es <acc_num>, y mi nombre de usuario es <name>. no dude en contactarme al <tel_num> para cualquier información adicional o asistencia técnica. gracias por su ayuda. saludos, <name>",software development company
"solicitud de asistencia en consultoría de ti estimado equipo de soporte de la firma de consultoría de ti, espero que este mensaje les encuentre bien. mi nombre es <name> y me estoy comunicando para solicitar su asistencia respecto a los servicios de consultoría de ti, específicamente orientados a mejorar nuestra administración de servidores y optimizar la implementación actual de nuestras soluciones de ti. como organización, estamos esforzándonos por lograr una mayor eficiencia y rendimiento en nuestras operaciones de ti, y creemos que su experiencia y conocimientos serían invaluables para alcanzar nuestros objetivos. estamos especialmente interesados en entender cómo podemos modernizar nuestros procesos de administración de servidores para garantizar una mayor seguridad, confiabilidad y accesibilidad en toda la organización. además, buscamos optimizar la implementación de nuestras soluciones de ti para asegurarnos de que están operando a su máximo potencial. anticipamos que, con sus servicios de consultoría, podemos identificar áreas de mejora e implementar cambios estratégicos para mejorar nuestra infraestructura de ti en general. ¿podrían proporcionarnos más información sobre cómo podemos iniciar este proceso? estamos ansiosos por conocer los pasos involucrados, los plazos aproximados, así como los costos asociados a sus servicios de consultoría. gracias por su tiempo, y espero su pronta respuesta. no duden en contactarme a <email> o <tel_num> para cualquier discusión adicional. saludos cordiales, <name>",it consulting firm
"pregunta sobre la selección de teclados hola equipo de soporte de tech online store, estoy en busca de opciones de teclados desmontables compatibles para mi microsoft surface pro 7. ¿podrían proporcionarme información sobre los productos disponibles, sus precios y cualquier sugerencia que tengan? aprecio su ayuda para mejorar la funcionalidad de mi dispositivo. atentamente, <name> <acc_num>",tech online store
"problemas frecuentes con la impresora estimado cliente del soporte técnico de la tienda en línea, me pongo en contacto para informar varios problemas con mi impresora hp deskjet 3755. recientemente, ha estado experimentando atascos de papel frecuentes y mostrando varios códigos de error, lo que dificulta la ejecución de trabajos de impresión de manera eficiente. además, he enfrentado desafíos con la configuración de conectividad inalámbrica, ya que la impresora no logra conectarse con mi red de manera consistente. ¿podría por favor proporcionar orientación o soluciones para resolver estos problemas persistentes? espero recibir una guía de solución de problemas paso a paso o sugerencias para opciones de servicio si es necesario. gracias por su ayuda para abordar estas preocupaciones a la mayor brevedad posible. sinceramente, <name> id del cliente: <acc_num> teléfono: <tel_num>",tech online store
"asistencia urgente necesaria para el problema de implementación de software estimado equipo de soporte al cliente, les escribo para llamar su atención sobre un problema que estamos experimentando con la alineación de la implementación de software de su servicio de consultoría de ti. este problema causó un tiempo de inactividad inesperado durante nuestras horas pico de negocio, lo que ha impactado severamente nuestras operaciones. necesitamos asistencia inmediata para resolver este asunto, ya que nuestro negocio depende en gran medida de que estos servicios estén disponibles en todo momento. ¿podría priorizar nuestra solicitud y guiarnos a través de los pasos necesarios para abordar este problema con prontitud? aprecio su comprensión y acción rápida en este asunto urgente. si necesita más información, no dude en comunicarse. gracias, <name> <tel_num> <acc_num> saludos cordiales, <name>",it services
"asistencia requerida para el problema de configuración de la pantalla táctil estimado cliente del soporte al cliente de tech online store, espero que este mensaje te encuentre bien. me pongo en contacto para solicitar asistencia con la configuración de los ajustes de la pantalla táctil en mi microsoft surface pro 7. he estado experimentando algunas dificultades para configurarlo según mis preferencias y agradecería enormemente cualquier orientación o apoyo que pudieras proporcionar. intenté resolver el problema usando los pasos de solución de problemas que se enumeran en su sitio web, pero desafortunadamente, el problema persiste. ¿podrías ofrecer instrucciones más detalladas o sugerir soluciones alternativas? si es necesario, también estoy disponible para una llamada o una sesión remota para diagnosticar más a fondo el problema. gracias por tu atención y asistencia por adelantado. atentamente, <name>",tech online store
"solicitud para actualizar intellij idea para mejorar funciones estimado equipo de soporte al cliente, espero que este mensaje los encuentre bien. estoy escribiendo para solicitar una actualización de nuestra instalación actual de intellij idea a la última versión, intellij idea 2024.1. hemos estado experimentando algunas limitaciones con nuestra configuración existente, particularmente en lo que respecta a las capacidades de finalización de código y refactorización, que son cruciales para nuestros proyectos en curso. después de revisar las nuevas funciones introducidas en la última versión, es evidente que la actualización podría mejorar significativamente la productividad y eficiencia de nuestro equipo de desarrollo. las características avanzadas prometidas, como un mejor análisis de código, opciones de refactorización más robustas y una mejor integración con varios marcos, son precisamente lo que estamos buscando aprovechar. ¿podrían proporcionarnos orientación sobre el proceso de actualización? además, si hay algún costo asociado o posibles obstáculos de los que deberíamos estar al tanto, háganoslo saber a la brevedad. gracias por su atención a esta solicitud. espero su pronta respuesta para que podamos proceder rápidamente con la actualización. atentamente, <name> <position>, <company_name> <email_address> <tel_num>",software development company
"solicitando asistencia para el error de atascos de papel de la impresora hola equipo de soporte al cliente, estoy experimentando un problema continuo con mi impresora canon pixma mg3620. cada vez que intento utilizar la funcionalidad de impresión inalámbrica todo en uno, ocurre un error de atascos de papel repetidamente, lo que hace imposible continuar con mis tareas de impresión. a pesar de varios intentos de resolver esto por mi cuenta, el error persiste. compré esta impresora hace unos meses en su tienda en línea tech y he estado enfrentando este problema desde entonces. ¿podrían por favor proporcionar orientación sobre cómo solucionar este problema o facilitar un reemplazo si es necesario? agradezco su pronta asistencia en este asunto, ya que está afectando mis tareas laborales diarias. gracias de antemano. atentamente, <name>",tech online store
"fallas en el despliegue y solicitud de optimización de costos estimado servicio de atención al cliente, nuestro cliente <name> está experimentando fallas en el despliegue con su servicio de gestión de aws. también les gustaría explorar opciones para la optimización de costos de su configuración e infraestructura existente de aws. el número de cuenta del cliente es <acc_num>. por favor, asista con este asunto a la brevedad posible. puede contactarme al <tel_num> gracias. atentamente, <name>",it services
"problemas de integración estimado equipo de apoyo al cliente de it services, les escribo para llamar su atención sobre un problema significativo que nuestro equipo ha encontrado con la integración del sistema de tickets, el cual está afectando gravemente nuestra gestión del flujo de trabajo. a partir de octubre, hemos notado errores constantes del servidor que interrumpen nuestras operaciones relacionadas con el servicio de consultoría de ti. estos errores han llevado a retrasos y a un aumento de la carga de trabajo en nuestro equipo, ya que no podemos gestionar eficientemente las solicitudes de los clientes y el procesamiento interno. parece ser un problema continuo que no se ha resuelto a pesar de nuestra solución inicial. agradeceríamos que pudieran investigar este asunto con urgencia, ya que está impactando nuestras operaciones diarias y la satisfacción del cliente. les agradeceríamos que lo escalaran a sus expertos técnicos lo antes posible para que podamos evitar más interrupciones. por favor, manténgannos informados sobre cualquier actualización o si se necesita más información de nuestra parte. gracias de antemano por su pronta asistencia. saludos cordiales, <name> <acc_num> <tel_num> nombre de la empresa",it services
"estimado equipo de atención al cliente, escribo para expresar un problema urgente que encontramos con la instancia de aws proporcionada por su servicio de gestión de aws. durante el mantenimiento rutinario, nuestras instancias de aws se apagaron inesperadamente, afectando gravemente varias de nuestras aplicaciones alojadas. este incidente ha interrumpido nuestras operaciones comerciales, causando un inconveniente significativo y posibles contratiempos financieros. es crítico que estas instancias de aws estén operativas lo antes posible. nuestro equipo depende en gran medida de sus servicios para nuestras funciones diarias, y cualquier tiempo de inactividad compromete la eficiencia de nuestros procesos comerciales. además, es crucial abordar el problema subyacente para prevenir futuras ocurrencias de esta naturaleza. por favor, priorice este problema y asesórenos sobre los pasos inmediatos que debemos tomar para restaurar las operaciones normales. agradecemos su pronta acción y apoyo para resolver este asunto. no dude en comunicarse conmigo directamente al <tel_num> para cualquier discusión o aclaración adicional que se requiera. nuestro número de cuenta es <acc_num>. gracias por su atención inmediata a este problema urgente. atentamente, <name>",it services
"estimado servicio de atención al cliente, espero que este mensaje le encuentre bien. estoy escribiendo para llamar la atención sobre una discrepancia que noté en mi reciente facturación por la suscripción de microsoft office 365 asociada con mi número de cuenta <acc_num>. la cantidad cargada no coincide con la tarifa de suscripción acordada y no puedo localizar un estado de factura detallado para entender los cargos adicionales aplicados. ¿podría proporcionarme un estado de factura completo que detalle todos los cargos relacionados con este período de facturación? si es posible, también agradecería cualquier desglose o explicación de los cargos adicionales que se hayan aplicado. creo que tener esta información ayudará a aclarar cualquier malentendido y asegurará la precisión en la facturación futura. gracias por su atención a este asunto. espero tener noticias suyas pronto. atentamente, <name>",tech online store
"estimado equipo de soporte de servicios de ti, escribo para solicitar asistencia con el despliegue en aws para mejorar la optimización de costos y mejorar la eficiencia de nuestra infraestructura en la nube. actualmente estamos utilizando el servicio de gestión de aws y creo que hay un potencial significativo para optimizar nuestros gastos y rendimiento. para proporcionar un poco de contexto, nuestra organización ha experimentado algunas inconsistencias con la asignación y uso de recursos. dada la complejidad y la amplitud de los servicios involucrados, es crucial para nosotros contar con orientación experta para navegar y optimizar eficazmente nuestro entorno actual de aws. apreciaría si pudieran asignar a un especialista conocedor que nos guíe a través de las mejores prácticas para gestionar y optimizar los costos de aws mientras mantenemos altos niveles de eficiencia en nuestra infraestructura en la nube. esperamos aprovechar la amplia experiencia y perspicacia de su equipo en arquitecturas de aws para implementar cambios recomendados que produzcan mejoras tangibles de manera pronta. espero abordar este problema con su apoyo. por favor, dirijan sus respuestas a mi correo electrónico, o pueden contactarme al <tel_num> si una conversación es más conveniente. gracias por su atención a este asunto. atentamente, <name> <acc_num>",it services
"solicitud de consulta sobre desarrollo de software y asesoramiento en administración de servidores estimado soporte al cliente, espero que este mensaje le encuentre bien. mi nombre es <name>, y me pongo en contacto respecto a problemas recurrentes de inestabilidad del sistema que hemos estado experimentando. actualmente estamos suscritos a su servicio de consultoría de ti, y creo que necesitamos una consulta de desarrollo de software y asesoría en administración de servidores para abordar estos problemas de manera efectiva. ¿podría por favor guiarnos sobre cómo proceder para programar una consulta en su earliest convenience? puede contactarme por correo electrónico o llamarme al <tel_num>. su pronta asistencia es muy apreciada, ya que estos problemas están afectando nuestras operaciones comerciales. gracias por su atención a este asunto. atentamente, <name>",it services
"estimado servicio de atención al cliente de tech online store, espero que este mensaje te encuentre bien. me estoy comunicando respecto a un problema que estoy experimentando con mi dell xps 13 9310 adquirido recientemente. originalmente compré este dispositivo para ayudar con mi trabajo, particularmente tareas como la edición de video, que requieren un rendimiento robusto. sin embargo, he notado que la laptop se sobrecalienta significativamente al manejar tareas tan intensivas. el problema de sobrecalentamiento se manifiesta principalmente al usar software de edición de video y otras aplicaciones que demandan mucho rendimiento. los ventiladores del dispositivo se vuelven extremadamente ruidosos, y la parte inferior de la laptop está bastante caliente al tacto. este sobrecalentamiento persiste a pesar de mis intentos de mitigarlo trabajando en un ambiente fresco, manteniendo la laptop sobre una superficie dura y plana para una ventilación óptima, y actualizando todos los controladores y software a las últimas versiones. este problema me preocupa, no solo porque afecta el rendimiento y la usabilidad de mi laptop, sino también porque me preocupa el posible daño a largo plazo a los componentes debido al calor excesivo. soy consciente de que la serie dell xps 13 es conocida por su diseño compacto, lo que a veces puede causar limitaciones térmicas, pero no anticipé encontrarme con un sobrecalentamiento tan severo. agradecería enormemente si pudieran ofrecer orientación sobre cómo abordar este problema. ¿recomendarían algún paso específico para la solución de problemas, o debería considerar llevar la laptop a servicio? por favor, háganme saber cómo podría proceder para prevenir más ocurrencias de sobrecalentamiento. gracias por su asistencia. espero con ansias sus recomendaciones sobre este asunto. atentamente, <name>",tech online store
"urgente: problema de acceso a google workspace después de la migración estimado equipo de soporte, después de la reciente migración de la cuenta, no puedo acceder a mi correo electrónico de google workspace y almacenamiento en la nube. esto es crucial para las operaciones de mi negocio. estoy utilizando el plan business standard. ¿podrían por favor priorizar este problema y resolverlo lo antes posible? gracias por su pronta atención. atentamente, <name> <email_address> <tel_num>",tech online store
"estimado servicio al cliente, estoy escribiendo para reportar un problema continuo con mi macbook air m1, comprada en su tienda en línea de tecnología. el dispositivo experimenta constantemente sobrecalentamiento, lo que afecta significativamente su rendimiento y vida útil de la batería. a pesar de intentar varios pasos de solución de problemas, el problema persiste, lo que causa preocupación. dependo mucho de esta computadora portátil para mis tareas diarias, y la situación actual dificulta su uso óptimo. por favor, asesórenme sobre los pasos apropiados para la rectificación o posibles opciones de reemplazo. hágame saber cómo proceder y si necesita información adicional para asistencia. espero su pronta respuesta. gracias, <name>",tech online store
"problemas con la impresora hp deskjet 3755 hola, soporte al cliente, escribo para expresar mi preocupación por mi impresora hp deskjet 3755, que está fallando. encuentra errores al imprimir de forma inalámbrica, lo que afecta a todos los dispositivos conectados en mi red doméstica. esto ha interrumpido significativamente mi capacidad para gestionar tareas diarias. ¿podrían ayudar a diagnosticar y resolver este problema? cualquier ayuda sería apreciada. saludos cordiales, <name> <acc_num> <tel_num>",tech online store
"solicitud para mejorar la configuración de aws estimado equipo de atención al cliente, espero que este mensaje les encuentre bien. les escribo para expresar nuestra necesidad de ajustes en nuestra configuración del servicio de gestión de aws para mejorar el rendimiento de nuestro sistema y optimizar la eficiencia en la gestión de costos. creemos que con cambios estratégicos, podemos aprovechar los recursos de aws de manera más efectiva. nuestro equipo ha realizado un análisis preliminar e identificado varias áreas para una posible mejora. primero, estamos considerando ajustar los grupos de auto-escalado para alinearlos mejor con nuestras necesidades actuales de carga de trabajo. esto podría reducir gastos innecesarios manteniendo niveles óptimos de rendimiento. además, deseamos explorar opciones de almacenamiento más económicas dentro de aws. creemos que la transición de ciertos componentes de almacenamiento de datos a niveles más económicos podría generar ahorros significativos sin comprometer la eficiencia en la recuperación de datos. agradeceríamos orientación sobre las mejores prácticas para implementar estos cambios mientras se asegura una transición fluida y la continuidad operacional. sería genial tener un resumen detallado de cualquier impacto o consideración potencial. por favor, háganme saber el mejor momento para una conversación de seguimiento, donde podamos discutir estas posibilidades con más detalle. gracias por su atención y espero sus valiosos comentarios. atentamente, <name> <email_address> <tel_num> <company_name>",it services
"errores de despliegue urgentes estimado soporte al cliente, espero que este mensaje te encuentre bien. te escribo para llamar tu atención urgente sobre un problema crítico que estamos experimentando con nuestra infraestructura de aws gestionada a través de tu servicio de gestión de aws. recientemente, hemos encontrado errores de despliegue que, desafortunadamente, han resultado en un tiempo de inactividad significativo de la aplicación. esto está afectando negativamente nuestras operaciones comerciales y necesita una resolución inmediata. a pesar de nuestros continuos esfuerzos por resolverlo, la causa raíz de estos errores de despliegue sigue siendo elusiva. nuestro equipo de desarrollo ha identificado que los errores ocurren principalmente durante actualizaciones y despliegues de rutina. dada la naturaleza crítica de este problema, solicitamos urgentemente tu intervención experta para diagnosticar y resolver los problemas subyacentes rápidamente. por favor, infórmanos sobre los próximos pasos y prioriza una sesión de soporte con tu equipo técnico. puedes comunicarte conmigo al <tel_num> o por correo electrónico a <name>@example.com. nuestro número de cuenta con tu servicio es <acc_num> para tu referencia. apreciamos mucho tu asistencia oportuna y tu respuesta a este asunto urgente. gracias por tu pronta atención. atentamente, <name> <position> <company name>",it services
"urgente: error mayor en el sistema de tickets estimado servicio de atención al cliente, estamos experimentando interrupciones significativas en nuestro flujo de trabajo en la gestión de proyectos debido a un error mayor en el sistema de tickets de jira software 8.20. este problema requiere su atención inmediata para la solución de problemas y la resolución. por favor, proporcione una actualización a la mayor brevedad posible, ya que esto afecta gravemente nuestras operaciones diarias. por favor, priorice esta solicitud. gracias. atentamente, <name>",it services
"asistencia necesaria para el problema de calidad de impresión de canon pixma mg3620 hola, soporte de la tienda en línea de tecnología, espero que este mensaje te encuentre bien. estoy escribiendo para pedir asistencia con respecto a un problema recurrente con mi impresora inalámbrica canon pixma mg3620, ya que últimamente he estado experimentando una mala calidad de impresión. a pesar de seguir pasos básicos de solución de problemas como verificar los niveles de tinta y asegurarme de que la configuración de conectividad sea correcta, el problema persiste y afecta la claridad y precisión de los documentos. agradecería si pudieras proporcionar alguna orientación o instrucciones detalladas de solución de problemas para resolver este problema de manera efectiva. ¿podrías informarme también si hay algún problema conocido con este modelo de impresora que quizás requiera una actualización de firmware o cualquier otra intervención? los detalles de mi producto están bajo el número de cuenta <acc_num>. espero con ansias tu pronta asistencia para ayudarme a restaurar la funcionalidad de mi impresora. gracias por tu apoyo. saludos cordiales, <name>",tech online store
"asistencia requerida para la implementación de aws estimado servicio de atención al cliente de it, espero que este mensaje los encuentre bien. requiero asistencia para implementar nuevas aplicaciones en la infraestructura de aws, específicamente en cuanto a la configuración óptima de escalado y seguridad. estamos utilizando el servicio de gestión de aws y agradecería cualquier orientación disponible. por favor, háganme saber qué información adicional podrían necesitar o si hay un momento conveniente para discutir esto más a fondo. su experiencia y apoyo son cruciales para asegurar una implementación sin problemas. gracias, <name> número de cuenta: <acc_num> teléfono: <tel_num>",it services
"{""greeting"": ""estimado equipo de atención al cliente,"", ""message"": ""recientemente adquirí un dell xps 13 9310 defectuoso a través de su tienda en línea. la laptop no está funcionando adecuadamente. ¿podrían asistirme con el procedimiento para realizar una devolución o un reemplazo? agradezco su ayuda."", ""closing"": ""atentamente, <nombre>""}",online store
"solicitud de asistencia con el error de instalación de office 365 estimado soporte al cliente, estoy experimentando un error de instalación con excel en microsoft office 365 y requiero asistencia para resolver el problema de manera rápida. el error ocurre durante la fase de instalación y ha impedido mi capacidad para utilizar características necesarias en excel, afectando mi productividad. como usuario de suscripción, esto está causando inconvenientes y necesita atención inmediata para solucionar el problema e implementar una solución adecuada. por favor, guíenme a través del proceso para resolver este problema o programen una sesión de soporte si es necesario. es crucial resolver esto lo antes posible para evitar más interrupciones. espero su pronta respuesta y una resolución exitosa. gracias, <name>",it services
"asistencia urgente requerida: macbook air m1 no enciende estimado soporte al cliente de tech online store, espero que este mensaje lo encuentre bien. estoy escribiendo para reportar un problema que estoy enfrentando con mi macbook air m1 comprado bajo el número de cuenta <acc_num>. a pesar de estar completamente cargado, el dispositivo se niega a encenderse, dejándome incapaz de acceder a trabajo y comunicaciones esenciales. este asunto es urgente y requiere atención inmediata. por favor, aconseje sobre los pasos de solución de problemas que puedo seguir antes de enviar el dispositivo de vuelta para reparaciones o reemplazo. compré esta laptop por su fiabilidad y ahora necesito su rápida asistencia para abordar este problema. espero su pronta respuesta. gracias por su atención urgente a este asunto. atentamente, <name>",tech online store
"problema de conectividad: no se pueden enviar mensajes de slack en el escritorio estimado soporte al cliente, me pongo en contacto con respecto a mis problemas de conectividad con slack versión 4.23.0 en mi escritorio. no puedo enviar mensajes, lo que causa una grave interrupción en las comunicaciones del equipo. ya he intentado las soluciones integradas y los pasos de solución de problemas proporcionados por el soporte de slack, pero desafortunadamente, estos intentos no han resuelto el problema. agradezco su pronta asistencia para encontrar una solución. si necesita información adicional o más detalles, no dude en contactarme en su conveniencia. saludos cordiales, <name>",it services
"ayuda urgente necesaria: problemas de sincronización hola equipo de atención al cliente, espero que esta nota les encuentre de buen ánimo. estoy escribiendo para reportar problemas de sincronización que están afectando tanto mis correos electrónicos como mi calendario en mi cuenta de google workspace business standard (<acc_num>). esta situación está obstaculizando significativamente mi productividad, y necesito urgentemente su asistencia técnica para rectificarlo. parece que la sincronización es inconsistente, lo que resulta en retrasos y, en ocasiones, en la falta de sincronización de ciertos eventos o correos electrónicos por completo. por favor, proporcionen orientación sobre un curso de acción inmediato para remediar estos inconvenientes. pueden contactarme al <tel_num>. gracias por su rápida respuesta. saludos cordiales, <name>",software development company
"problema del cliente con el acceso al servidor hola, estoy escribiendo para informar sobre un problema encontrado por nuestro cliente, <name>. han estado experimentando problemas para acceder a ciertas funcionalidades del servidor, lo que ha resultado en un tiempo de inactividad operativo para sus soluciones de software. este problema afecta particularmente a nuestro servicio de consultoría en ti. actualmente, está causando una gran inconveniencia y un posible impacto financiero. nuestro cliente ha expresado que al intentar utilizar las operaciones estándar del servidor, reciben mensajes de error que interrumpen su flujo de trabajo. parece que podría haber una discrepancia en sus permisos de acceso al servidor, o posiblemente un error temporal en las operaciones del servidor. por favor, prioriza este problema para una pronta resolución y para restaurar la eficiencia del servicio de nuestro cliente. si es necesario, puedo proporcionar detalles adicionales de los registros de interacción o conectarte directamente con el equipo técnico del cliente. gracias por tu atención rápida a este asunto urgente. nuestro cliente realmente valora la fiabilidad de tus servicios y espera ver las funcionalidades del servidor completamente restauradas pronto. atentamente, <name> departamento de ti <company>",it consulting firm
"estimado equipo de soporte de servicios de ti, estoy enfrentando un problema urgente con microsoft office 365 donde excel no abre ningún archivo. este problema está afectando gravemente mi trabajo y requiere asistencia técnica inmediata. por favor, prioritice esta solicitud y ayúdeme a resolver este problema lo antes posible. atentamente, <name>",it services
"problema con la gestión de capas en photoshop hola servicio al cliente, me comunico para solicitar asistencia con adobe photoshop 2024. actualmente, estoy enfrentando un problema con la gestión de capas que está retrasando significativamente mi proceso de edición de obras de arte. dependo en gran medida de esta función para mis proyectos, y cualquier interrupción obstaculiza mi flujo de trabajo. por favor, aconsejen sobre cualquier solución o actualización disponible que pueda resolver este problema de gestión de capas. gracias por su atención a este asunto. espero su pronta respuesta, la cual será muy apreciada. saludos cordiales, <name>",it services
"asistencia en el despliegue de aws estimado equipo de soporte al cliente, estoy escribiendo para solicitar asistencia con el despliegue de aplicaciones a través de aws. estamos enfrentando desafíos para optimizar nuestros costos de infraestructura en la nube mientras utilizamos su servicio de gestión de aws. hemos probado diferentes estrategias, pero los resultados no han sido satisfactorios. ¿podrían proporcionar alguna orientación o materiales de apoyo para abordar estos problemas? su ayuda sería muy apreciada. espero su pronta respuesta. gracias, <name>",it services
"solicitud de actualización del flujo de trabajo en jira estimado equipo de soporte al cliente, espero que este mensaje los encuentre bien. mi nombre es <name> y estoy escribiendo para solicitar una actualización de nuestro flujo de trabajo de gestión de proyectos existente para mejorar el seguimiento y la previsión de ventas utilizando jira software 8.20. hemos estado utilizando jira software para nuestras necesidades de gestión de proyectos de manera efectiva; sin embargo, hemos identificado áreas en el seguimiento y la previsión de ventas que se pueden optimizar. con su experiencia, estoy seguro de que podemos integrar características mejoradas y personalizaciones para agilizar estos flujos de trabajo. no duden en contactarme al <tel_num> o a través de mi correo electrónico para discutir esta solicitud más a fondo. además, si requieren alguna verificación de cuenta, mi número de cuenta es <acc_num>. gracias por su apoyo, <name>",software development company
"solicitud de asistencia con el problema de pantalla del lg oled c1 estimado equipo de atención al cliente, espero que este mensaje les encuentre bien. estoy escribiendo para expresar mis preocupaciones respecto a una compra reciente en la tienda online tech. mi pedido, con el número de cuenta <acc_num>, incluía el lg oled c1 smart tv. desafortunadamente, estoy experimentando problemas persistentes con la pantalla de este modelo en particular. los problemas comenzaron no más de una semana después de la entrega y han empeorado progresivamente, afectando la calidad de la pantalla y la experiencia visual general del dispositivo. para abordar este problema de manera rápida, solicito amablemente un intercambio por el lg oled c1 smart tv, dado que aún está bajo garantía. detalles adicionales de la fecha de compra y la confirmación del pedido pueden estar disponibles a solicitud para facilitar el proceso de intercambio. además, he intentado solucionar el problema siguiendo las pautas de soporte, pero lamentablemente, el problema sigue sin resolverse. ¿podrían por favor asesorarme sobre cómo podemos acelerar el proceso de intercambio? agradecería instrucciones claras sobre cómo devolver la unidad defectuosa mientras aseguro la entrega más rápida de la nueva. gracias por su asistencia y comprensión. estoy ansioso por resolver este problema rápidamente y continuar disfrutando de mi experiencia visual. saludos cordiales, <name> <tel_num> <email_address>",tech online store
"solicitud de ayuda para la configuración de aws y optimización de costos estimado servicio de atención al cliente, estoy escribiendo para solicitar asistencia con la configuración de aws y la optimización de costos utilizando su servicio de gestión de aws. actualmente estoy enfrentando desafíos para configurar nuestro entorno de aws de manera eficiente para maximizar el ahorro de costos y agradecería cualquier orientación que puedan ofrecer. por favor háganme saber cómo puedo aprovechar su servicio para una mejor optimización de costos. mi número de cuenta es <acc_num>. no duden en contactarme a <email_address> o llamarme al <tel_num>. gracias por su asistencia. atentamente, <name>",it services
"orientación para la configuración de microsoft office 365 necesaria estimado equipo de soporte de servicios de ti, me pongo en contacto para solicitar orientación y asistencia con la configuración y el ajuste de las características de microsoft office 365 en nuestro entorno empresarial. recientemente adquirimos el paquete de software y, para la mejor integración con nuestra infraestructura existente, agradeceríamos su consejo experto. nuestro equipo necesita apoyo para configurar el software y asegurar un flujo de trabajo fluido y eficiente. las áreas específicas donde requerimos orientación incluyen la configuración de cuentas de usuario, la configuración de ajustes de seguridad para proteger información sensible y la gestión de permisos para diferentes miembros del equipo. además, estamos interesados en consejos sobre cómo utilizar de manera efectiva herramientas de colaboración como microsoft teams y sharepoint. por favor, háganos saber sobre cualquier recurso disponible, como guías detalladas, tutoriales en línea o sesiones de capacitación personalizadas que puedan ayudarnos en el proceso de configuración. si es posible, también nos gustaría organizar una llamada a la mayor brevedad posible para discutir cualquier complejidad o requisitos específicos que podamos tener. gracias por su atención a este asunto. esperamos su respuesta útil. atentamente, <name> <company> <tel_num> <email>",it services
"problema con la pantalla táctil - necesito ayuda inmediata estimado equipo de soporte al cliente, he encontrado un problema con la pantalla táctil de mi microsoft surface pro 7, ya que ha dejado de responder. este problema está dificultando mi capacidad para realizar tareas necesarias en el dispositivo. urgentemente necesito apoyo para abordar este asunto. gracias por su rápida atención a este problema. por favor, pónganse en contacto conmigo a la brevedad posible para discutir posibles soluciones o los próximos pasos. espero su pronta respuesta. atentamente, <name>",tech online store
"asistencia para compartir pantalla en zoom hola, necesito ayuda para configurar la función de compartir pantalla en la aplicación de zoom (versión 5.11.0). también no puedo conectarme a webinars en video desde mi computadora portátil. ¿podrían por favor proporcionar orientación o pasos de resolución de problemas para resolver estos problemas? gracias. <name>, <tel_num>, <acc_num>.",it services
"problema de parpadeo de pantalla con dell xps 13 estimado soporte de tech online store, estoy experimentando un parpadeo de pantalla en mi dell xps 13 9310 al ejecutar múltiples aplicaciones. este problema afecta gravemente mi productividad. por favor, realicen una investigación técnica para resolver este problema. gracias, <name>",tech online store
"informe de problema con la cámara en samsung galaxy s21 ultra apreciado servicio al cliente, he adquirido recientemente un samsung galaxy s21 ultra en su plataforma en línea y he notado que la cámara presenta un defecto. ¿sería posible que me asistieran para resolver este inconveniente o gestionar un reemplazo? gracias, <nombre>",online store
"fallos frecuentes en macos con adobe photoshop 2024 hola servicio al cliente, estoy experimentando fallos frecuentes en macos al intentar aplicar efectos de capa en adobe photoshop 2024. este problema está obstaculizando gravemente mi trabajo de diseño. ¿podrían por favor ofrecer asistencia para resolver este asunto con prontitud? gracias, <name>. contacto: <tel_num>.",it services
"solicitud de devolución: problema de fugas en el tanque de tinta estimado soporte al cliente, escribo para solicitar una devolución de la impresora epson ecotank et-4760, que compré recientemente en su tienda en línea. lamentablemente, durante la configuración inicial de la impresora, experimenté una fuga en el tanque de tinta, lo que ha causado una gran inconveniencia. los detalles del producto son los siguientes: - producto: epson ecotank et-4760 - número de pedido: <order_number> he seguido todos los pasos de solución de problemas descritos en el manual, pero el problema persiste. agradecería asistencia urgente para procesar la devolución y recibir un reemplazo o reembolso. por favor, contáctenme a la mayor brevedad posible al <tel_num>. gracias por su pronta atención a este asunto. atentamente, <name>",tech online store
"asistencia para la configuración de impresión inalámbrica estimado soporte de la tienda en línea de tecnología, necesito ayuda para configurar mi epson ecotank et-4760 para impresión inalámbrica con múltiples dispositivos en casa. estoy esperando su asistencia. gracias, <name>",tech online store
"urgente: problema de tiempo de inactividad de la base de datos mysql 8.0.30 nuestra base de datos principal de clientes, que ejecuta mysql 8.0.30, está actualmente fuera de servicio. esto ha provocado problemas significativos de disponibilidad que afectan a varios de nuestros servicios y operaciones. necesitamos soporte urgente para resolver este asunto rápidamente.",it consulting firm
"estimado servicio de atención al cliente, espero que este mensaje le encuentre bien. escribo para solicitar asistencia con la instalación y activación de adobe photoshop 2024 en mi nuevo dispositivo. recientemente compré este software en su tienda online de tecnología, pero estoy encontrando dificultades para ponerlo en funcionamiento. el proceso de instalación llega a un cierto punto y se congela, mostrando un mensaje de error que no puedo descifrar. además, he intentado activarlo utilizando mi cuenta existente asociada con mi correo electrónico <name>@domain.com, pero parece que la clave de activación no es reconocida. ¿podría proporcionar instrucciones detalladas sobre cómo resolver estos problemas? si es necesario, estoy disponible para una sesión de asistencia remota en un momento conveniente. mi número de referencia de pedido es <acc_num>. gracias por su pronta atención a este asunto. espero su orientación para poder utilizar adobe photoshop 2024 de manera eficiente. si necesita contactarme, mi número de teléfono es <tel_num>. saludos cordiales, <name>",tech online store
"estimado equipo de atención al cliente, estoy teniendo dificultades con la instalación de norton antivirus plus. por favor, ayúdenme a solucionar este problema. mi número de cuenta es <acc_num>. gracias, <name>",it services
"asistencia urgente requerida para problemas de conectividad con el router cisco isr4331 estimado soporte al cliente, estoy experimentando problemas de conectividad con nuestro router cisco isr4331, lo cual está afectando el rendimiento de nuestra red empresarial y las comunicaciones seguras. este ha sido un problema urgente, que afecta las operaciones diarias. ¿podrían proporcionar asistencia urgente para resolver este asunto lo antes posible? su experiencia y acción rápida en esta situación serían muy apreciadas. gracias de antemano por su cooperación. atentamente, <name>",it services
"se necesita soporte para la infraestructura de aws hola, espero que este mensaje te encuentre bien. necesitamos ayuda con la configuración y optimización de nuestra infraestructura de aws para lograr una mejor eficiencia de costos y gestión del rendimiento. estamos utilizando su servicio de gestión de aws y requerimos orientación experta. por favor, aconseje sobre los siguientes pasos para facilitar este proceso. gracias por su apoyo. saludos cordiales, <name> <company_name>",it services
"estimado equipo de soporte al cliente, espero que este mensaje los encuentre bien. estoy contactándolos con respecto a un problema que estamos experimentando con nuestro equipo de red, particularmente el router cisco isr4331 con número de serie <ser_num>. durante las últimas semanas, hemos encontrado problemas de conectividad intermitentes que están afectando significativamente nuestras operaciones. hemos verificado que la configuración de nuestra red interna no ha cambiado, lo que nos lleva a sospechar posibles problemas con la configuración del router o la necesidad de actualizaciones de firmware. dado que la estabilidad es crucial para nuestras actividades diarias, es imperativo que resolvamos este problema lo antes posible. agradecería que su equipo de soporte técnico pudiera ayudarnos examinando la configuración actual de nuestro router cisco isr4331 y asesorándonos sobre cualquier ajuste necesario. también queremos asegurarnos de que la versión del firmware esté actualizada, ya que sospechamos que esto podría jugar un papel en las interrupciones de conectividad. por favor, háganos saber los pasos que podemos seguir para facilitar una sesión de resolución de problemas remota, o si requieren que traigamos el router para inspección. nuestro equipo está disponible para proporcionar cualquier información adicional que puedan necesitar, incluidos registros detallados o momentos específicos de eventos. pueden contactarme por correo electrónico o al <tel_num> durante nuestro horario de oficina, y me aseguraré de proporcionar cualquier asistencia requerida de nuestra parte. gracias de antemano por su pronta atención a este asunto. esperamos trabajar estrechamente con su equipo técnico para rectificar este problema. si necesitan ponerse en contacto directamente, siéntanse libres de contactar a <name> en <email>. atentamente, <name> <position> <company_name> <contact_information>",it services
"problemas de conectividad con la infraestructura del servidor estimado equipo de soporte, me pongo en contacto para informar que hemos estado experimentando problemas de conectividad con nuestra infraestructura de servidor proporcionada por su servicio de consultoría de ti. hemos intentado algunos pasos básicos de solución de problemas, pero el problema persiste. solicitamos amablemente una sesión de solución de problemas detallada para resolver este problema, ya que está afectando nuestras operaciones. por favor, háganos saber sus horarios disponibles para una sesión. gracias por su atención a este asunto. atentamente, <name>",it services
"solicitud de soporte de alta prioridad estimado servicio de atención al cliente, espero que este mensaje le encuentre bien. estoy escribiendo para solicitar soporte inmediato de alta prioridad para un problema encontrado con el desarrollo del front-end de la aplicación javascript react. este problema ha impactado significativamente nuestro cronograma de despliegue. el problema surgió al intentar integrar algunas características críticas necesarias para el lanzamiento de nuestro próximo proyecto. dada la urgencia, necesitamos una acción rápida para minimizar cualquier interrupción adicional. el producto afectado es el servicio de desarrollo de aplicaciones javascript react, y nuestro cronograma del proyecto no puede avanzar hasta que este problema se resuelva. solicito amablemente que prioricen este asunto y desplieguen al mejor equipo para abordar el problema a la mayor brevedad posible. por favor, háganme saber si se requieren detalles adicionales para facilitar una resolución rápida. estamos interesados en resolver esto pronto para asegurar que nuestro cronograma del proyecto se mantenga en camino. gracias de antemano por su atención y cooperación para resolver este asunto. atentamente, <name>",it services
"interrupción de red debido a fallo en el router cisco isr4331 estimado soporte al cliente, estamos experimentando una interrupción crítica de la red debido a un mal funcionamiento en nuestro router cisco isr4331, lo que ha provocado problemas de conectividad generalizados en nuestra organización. este problema comenzó más temprano hoy y está afectando todos los servicios de comunicación y transferencia de datos, impactando severamente nuestras operaciones. dependemos de soluciones de red confiables y agradeceríamos asistencia inmediata para rectificar este problema. por favor, escalen este problema y prioricen nuestra solicitud, ya que está afectando la productividad de todo nuestro equipo. agradeceríamos orientación o un camino de resolución a la brevedad. gracias por su pronta atención a este asunto urgente. atentamente, <name> <name> technologies",it services
"problema de doble cobro estimado equipo de atención al cliente, estoy escribiendo para llamar su atención sobre un problema de facturación que he encontrado. este mes, noté que me han cobrado dos veces por la renovación de la suscripción anual de microsoft office 365. mi número de cuenta es <acc_num>. es crucial para mí resolver esto rápidamente, ya que afecta mi planificación presupuestaria. he confirmado los cargos duplicados en mi estado de cuenta bancaria bajo las transacciones con referencias <trn_ref>. ¿podrían verificar esto y emitir un reembolso por el cargo extra lo antes posible? agradezco su asistencia para corregir este asunto rápidamente. gracias por su atención a este problema. atentamente, <name>",tech online store
experimentando problemas de calidad de video en las reuniones del cliente de zoom se necesita ayuda urgente para los problemas de video de zoom 5.11.0.,tech online store
"asistencia necesaria para el problema de actualización de macos estimado soporte de tech online store, espero que este mensaje te encuentre bien. me dirijo a ti para solicitar asistencia con la actualización de macos en mi macbook air m1 debido a que estoy experimentando problemas de rendimiento lento. he intentado el proceso de actualización múltiples veces sin éxito. el modelo del producto es macbook air m1, y creo que una actualización podría resolver los problemas de rendimiento en curso. ¿podrías guiarme a través de los pasos necesarios o proporcionar más información para ayudar a resolver este problema? espero tu pronta respuesta. muchas gracias. atentamente, <name>",tech online store
"solicitud de soporte urgente: problema con dell xps 13 9310 estimado equipo de soporte al cliente, estoy escribiendo para llamar su atención sobre un problema recurrente que he estado experimentando con mi dell xps 13 9310. después de la última actualización de windows, mi dispositivo ha comenzado a mostrar un error persistente de pantalla azul, afectando significativamente su rendimiento y usabilidad. este problema comenzó inmediatamente después de la instalación de la nueva actualización, con la pantalla azul apareciendo casi cada vez que enciendo o reinicio la computadora. además, el rendimiento general del dispositivo ha disminuido notablemente, con tareas que deberían ser simples ahora tomando considerablemente más tiempo y aplicaciones que suelen fallar con frecuencia. dependiendo en gran medida de esta computadora portátil para el trabajo y tareas personales, este problema es particularmente urgente. intenté algunos pasos básicos de solución de problemas como reiniciar en modo seguro y buscar más actualizaciones del sistema, pero el problema persiste. por favor, asesorar sobre posibles soluciones o si este es un problema conocido con una solución actual en curso. entendiendo cuán crítico es este dispositivo para mi rutina diaria, agradecería una respuesta rápida. gracias por su pronta atención a este asunto. atentamente, <name> <email_address> <tel_num> <acc_num>",tech online store
"error en la finalización de código de intellij idea estimado soporte al cliente <name>, me dirijo a ustedes para llamar su atención sobre un problema recurrente con la función de finalización de código en intellij idea 2024.1. este problema particular provoca que la aplicación se bloquee con frecuencia durante el desarrollo, lo que está obstaculizando significativamente mi productividad. cada vez que intento usar la función de finalización de código, el software se vuelve no respondedor, lo que finalmente conduce a un bloqueo. he probado los pasos habituales de solución de problemas, como la reinstalación y la aplicación de las últimas actualizaciones, pero el problema persiste. agradecería su orientación sobre cómo resolver este problema a la mayor brevedad posible. gracias por su atención. atentamente, <name>",it services
"asistencia requerida para adobe photoshop estimado equipo de soporte de tech online store, espero que este mensaje los encuentre bien. escribo para solicitar asistencia con la instalación de adobe photoshop 2024. he estado encontrando errores persistentes al intentar instalar el software a través de creative cloud, y a pesar de seguir los pasos estándar de solución de problemas, el problema sigue sin resolverse. mi objetivo es completar la instalación con éxito lo antes posible. agradecería mucho si pudieran proporcionar orientación o pasos que puedan remediar esta situación. por favor, avisen si hay algún requisito específico o si se necesitan más detalles sobre los errores encontrados. gracias por su asistencia. atentamente, <name> <acc_num>",tech online store
"asistencia para la solicitud de migración estimado servicio de atención al cliente, nuestro cliente, <name>, busca asistencia para migrar de sus cuentas gratuitas de gmail a google workspace business standard. es esencial garantizar la retención de datos durante este proceso. se apreciará el cuidado y apoyo adecuado durante esta transición. hemos enumerado todos los pasos necesarios, pero necesitamos su asistencia experta para mantener la integridad de los datos y proporcionar una experiencia de usuario fluida. por favor, aconsejen sobre las mejores prácticas a seguir y el plazo esperado. puede contactarme directamente al <tel_num> para más detalles. gracias por su atención a este asunto. atentamente, <name>",it services
"resolución de interrupciones de servicio solicitada para problemas en curso estimado cliente del soporte de servicios de ti, escribo para expresar nuestra preocupación respecto a una reciente interrupción de servicio que afectó severamente nuestras operaciones regulares. esto fue específicamente relacionado con el servicio de consultoría de ti proporcionado por su equipo. la interrupción impactó significativamente nuestro flujo de trabajo, causando retrasos y potencial pérdida de ingresos. para prevenir problemas similares en el futuro, estamos buscando su experiencia en desarrollar e implementar soluciones integrales de ti. considerando la naturaleza crítica de nuestras operaciones, es imperativo que aseguremos el máximo tiempo de actividad y confiabilidad de todos los servicios relacionados con ti. apreciamos el apoyo inmediato y las medidas preventivas que su empresa puede ofrecer. sería muy beneficioso discutir posibles soluciones que puedan mejorar la resiliencia de nuestro sistema y reducir la vulnerabilidad a interrupciones inesperadas. además, por favor háganos saber si hay servicios de mantenimiento o mejoras que deban programarse para optimizar el rendimiento y la confiabilidad de nuestra infraestructura existente. amablemente, proporciónenos una propuesta detallada a la mayor brevedad posible. gracias por su atención a este asunto crítico. esperamos su pronta acción y asociación para resolver eficazmente estos problemas. atentamente, <name> <tel_num> <acc_num>",it services
"problema de conexión urgente estimado servicio de atención al cliente, estoy escribiendo para solicitar asistencia urgente con respecto a un problema de conexión con el producto zoom versión 5.11.0. uno de nuestros usuarios, <name>, no puede unirse a una reunión de video programada. cada intento de conexión resulta en un mensaje de error que indica una falla de conexión, a pesar de que la conexión a internet es estable. este problema requiere atención inmediata, ya que interrumpe significativamente nuestras operaciones. ya hemos intentado pasos básicos de solución de problemas, como reiniciar la aplicación y verificar la configuración de la red, todo sin éxito. por favor, proporcione orientación y una posible solución a este problema a la brevedad, ya que este asunto está afectando negativamente nuestra productividad. gracias por su pronta atención a este problema. atentamente, <name> <email> <tel_num>",software development company
"problema con la impresora hp deskjet 3755 estimado cliente del soporte técnico de tienda online, estoy experimentando un problema persistente con mi impresora hp deskjet 3755. a pesar de múltiples reinicios y configuraciones, la impresora no logra conectarse a wi-fi. he probado varios pasos de solución de problemas, pero ninguno ha resuelto este problema de conectividad. ¿podría proporcionar más asistencia o proponer una solución? su pronta respuesta será muy apreciada, ya que es crucial para mis tareas diarias. gracias, <name>",tech online store
"explicación necesaria sobre la optimización de servidores con servicios de ti estimado equipo de soporte de servicios de ti, estoy escribiendo para preguntar cómo puedo optimizar nuestros servidores utilizando su servicio de consultoría de ti para mejorar la eficiencia del rendimiento del sistema. ¿podría proporcionar una explicación detallada o cualquier recurso que pueda ayudarnos a alcanzar este objetivo? estamos ansiosos por mejorar nuestras capacidades operativas y agradeceríamos cualquier orientación que pueda ofrecer. gracias por su ayuda. atentamente, <name>",it services
"urgente: problema de reinicio del router nuestro router cisco isr4331 se reinicia cada hora, afectando operaciones críticas. por favor, asista de inmediato.",it services
"urgente: problemas de control de acceso en jira software hola equipo de soporte al cliente, espero que este mensaje les encuentre bien. me pongo en contacto para informar sobre un problema significativo relacionado con los permisos de usuario en la plataforma jira software, específicamente en la versión 8.20. desafortunadamente, este problema está afectando nuestra capacidad para gestionar eficazmente el control de acceso dentro de la herramienta de gestión de proyectos. varios miembros del equipo han informado problemas donde ciertos permisos de usuario no se están concediendo o son revocados inesperadamente. esta inconsistencia ha obstaculizado nuestro flujo de trabajo y ha causado interrupciones en los plazos de finalización de proyectos. hemos intentado restablecer manualmente los permisos a sus niveles apropiados; sin embargo, estos cambios no se reflejan en la plataforma. dada la naturaleza de nuestro negocio, la necesidad de un control de acceso eficiente y preciso para gestionar los proyectos en curso es crítica. les solicitamos amablemente su atención inmediata para investigar este problema y proporcionar una solución que restablezca los permisos adecuados y la integridad funcional sin comprometer la seguridad y la eficiencia operativa de nuestros proyectos. ¿podrían guiarnos sobre los posibles pasos de solución de problemas que podríamos tomar de nuestra parte mientras esperan su evaluación técnica? su pronta asistencia para rectificar este problema sería muy apreciada. gracias de antemano por su apoyo y comprensión. saludos cordiales, <name> <company> <tel_num> <email_address>",it services
"estimado equipo de soporte al cliente, les escribo para expresar mis preocupaciones respecto a las frecuentes interrupciones de red que parecen originarse de nuestro router cisco isr4331. en las últimas semanas, hemos experimentado múltiples incidentes de interrupción probablemente causados por un malfuncionamiento del firmware o del hardware de este modelo de router. como un componente crítico de nuestra infraestructura de red, estas interrupciones han impactado significativamente nuestras operaciones diarias. inicialmente pensamos que el problema podría ser transitorio; sin embargo, la persistencia de estos problemas ha suscitado sospechas de un posible defecto. hemos intentado varios reinicios y comprobaciones de configuración, pero sin éxito. agradecería su orientación sobre cómo resolver estas interrupciones, posiblemente explorando actualizaciones de firmware o diagnósticos de hardware. por favor, asesoren sobre los pasos necesarios para iniciar una investigación formal o proceso de reparación. esperamos resolver esto rápidamente, minimizando el impacto adicional en nuestras operaciones. gracias por su atención a este asunto urgente. espero su pronta respuesta. atentamente, <name>",it services
"asistencia urgente necesaria: problema de acceso a jira después de la actualización estimado soporte al cliente, estamos experimentando un problema urgente con nuestro jira software 8.20. después de la reciente actualización, nuestro equipo no puede acceder a la función 'permiso', que es crítica para nuestra gestión de proyectos en curso. este problema está afectando directamente nuestro flujo de trabajo y productividad, ya que dependemos en gran medida de esta función para la coordinación de tareas y la gestión del tiempo. nuestro equipo necesita asistencia inmediata ya que este problema ha interrumpido varios plazos de proyectos y ha afectado nuestra eficiencia operacional general. por favor, priorice este problema y proporcione una solución lo antes posible. si necesita más detalles, no dude en contactar a nuestro gerente de ti, <name>, al <tel_num> o por correo electrónico. gracias por su pronta atención a este asunto. atentamente, <name> <acc_num>",it services
"consulta sobre los detalles del macbook air m1 estimado equipo de soporte al cliente, espero que este mensaje los encuentre bien. recientemente adquirí un macbook air m1 en la tienda online tech, y estoy buscando información detallada sobre su uso y algunos pasos iniciales de solución de problemas. aunque el dispositivo funciona bien en general, soy un recién llegado al ecosistema mac y sería beneficioso tener una comprensión más completa de cómo navegar y optimizar sus características de manera eficiente. específicamente, agradecería orientación sobre cómo gestionar la configuración del sistema, emplear modos de ahorro de energía de manera eficaz y respaldar datos de forma segura. además, cualquier consejo sobre instalaciones de software y métodos de solución de problemas comunes para problemas menores sería inmensamente útil. el número de serie de mi macbook air es <acc_num>. entender estos aspectos mejorará mi experiencia y maximizará la inversión. si está disponible, diríjame a cualquier recurso en línea, guías o tutoriales que puedan complementar la información proporcionada. si necesita más detalles de mi parte, no dude en contactarme a la brevedad. gracias por su asistencia. atentamente, <name>",tech online store
"problema de conectividad de oracle database 19c estimado equipo de soporte al cliente, actualmente estamos experimentando problemas de conectividad con oracle database 19c. nuestra aplicación empresarial no puede establecer una conexión estable con el servidor. se requiere asistencia inmediata para resolver este problema, ya que está impactando significativamente nuestras operaciones. gracias por su atención urgente a este tema. sinceramente, <name>",it services
"estimado soporte al cliente, espero que este mensaje le encuentre bien. mi nombre es <name>, y estoy escribiendo para solicitar una factura detallada de nuestra reciente suscripción a microsoft office 365. necesitamos esta factura para revisar y potencialmente actualizar nuestro plan de pago, asegurando que todo esté alineado con nuestro presupuesto actual y proyecciones futuras. ¿podría proporcionar el documento necesario a su conveniencia? creemos que tener el desglose detallado nos ayudará a gestionar nuestros gastos de manera más efectiva. si se requieren detalles específicos para recuperar la factura, por favor hágamelo saber. gracias por su asistencia y apoyo. esperamos su pronta respuesta. atentamente, <name> <tel_num> <acc_num>",it consulting firm
"consulta sobre disponibilidad y opciones de entrega para la impresora estimado servicio al cliente, espero que este mensaje le encuentre bien. estoy escribiendo para preguntar sobre la disponibilidad actual y las posibles opciones de entrega para la impresora inalámbrica hp deskjet 3755 disponible en su tienda en línea. estoy interesado en comprar este modelo debido a su diseño compacto y sus capacidades inalámbricas, que se adaptan perfectamente a mi configuración de oficina en casa. ¿podría proporcionar información sobre si esta impresora está actualmente en stock? además, me gustaría saber acerca de las opciones de envío estándar y acelerado a mi ubicación. si es posible, por favor incluya cualquier posible cronograma de entrega y los costos adicionales o promociones asociadas con estos servicios. también, si la hp deskjet 3755 no está disponible en este momento, ¿podría informarme sobre un cronograma aproximado de reposición o recomendarme modelos similares que puedan estar disponibles? gracias por su asistencia. espero su pronta respuesta. no dude en comunicarse conmigo a mi correo electrónico o al <tel_num> para cualquier aclaración necesaria. saludos cordiales, <name>",tech online store
"asistencia necesaria para la configuración inalámbrica de la impresora estimado equipo de soporte al cliente, espero que este mensaje los encuentre bien. mi nombre es <name>, y me estoy comunicando para solicitar asistencia con la configuración de una impresora hp deskjet 3755 para conectarse de forma inalámbrica con nuestra red de oficina. recientemente adquirimos esta impresora, y hemos encontrado algunos desafíos para lograr que se conecte sin problemas a nuestra infraestructura inalámbrica existente. la impresora está destinada a nuestra oficina ubicada en <address>, y que funcione es crucial para nuestras tareas diarias. mi equipo y yo hemos intentado el proceso de configuración utilizando las instrucciones proporcionadas, pero no hemos podido establecer una conexión estable. parece que puede haber configuraciones específicas de la red o ajustes de compatibilidad en los que necesitamos orientación para asegurar una instalación exitosa y un rendimiento fiable. agradeceríamos mucho si pudieran proporcionar una guía detallada paso a paso o un servicio de soporte remoto para facilitar esta configuración. alternativamente, si un técnico pudiera visitar para ayudarnos, esa opción también sería deseable. nuestro horario de oficina es de 9:00 am a 5:00 pm, y estoy disponible a su conveniencia para cualquier información adicional que puedan necesitar. pueden contactarme directamente a <email> o en mi línea telefónica directa, <tel_num>. gracias por su pronta atención a este asunto. esperamos su orientación experta para resolver este problema rápidamente. saludos cordiales, <name>",it services
"interrupciones frecuentes del servicio con zoom estimado soporte al cliente de tech online store, estoy escribiendo para expresar mi frustración con las interrupciones recurrentes del servicio que he estado experimentando durante las videoconferencias utilizando zoom versión 5.11.0, que compré a través de su plataforma. estas interrupciones han interrumpido notablemente varias reuniones virtuales en equipo de alta prioridad, afectando nuestra productividad general. como usted puede entender, estas reuniones son cruciales para nuestras operaciones comerciales, y cualquier interrupción puede llevar a oportunidades perdidas y malas comunicaciones entre los miembros del equipo. el problema ocurre generalmente varias veces durante cualquier sesión de conferencia, causando un retraso significativo e incluso caídas completas en la conexión, a menudo requiriéndonos reiniciar la sesión. esto no solo ha sido inconveniente, sino que ha llevado a considerables retrasos y ha puesto presión en nuestros horarios. he intentado resolver este problema asegurándome de que mi conexión a internet sea estable e implementando todos los ajustes de configuración recomendados que encontré en foros de usuarios; sin embargo, el problema persiste. considerando la naturaleza crítica de estas sesiones, solicito amablemente su asistencia para resolver el asunto lo antes posible. agradecería que su equipo pudiera investigar este problema y ayudar a facilitar una experiencia de usuario más fluida. gracias por su atención a este asunto. espero su pronta respuesta. atentamente, <name>",tech online store
"asistencia requerida para la optimización de mysql estimado equipo de soporte al cliente, espero que este mensaje los encuentre bien. me pongo en contacto para solicitar asistencia relacionada con los problemas de rendimiento de mysql 8.0.30 que están afectando significativamente la velocidad de transacción de nuestras bases de datos. nuestra empresa, representada por <name>, ha estado utilizando mysql 8.0.30 intensamente en los últimos meses. recientemente, hemos encontrado problemas con un rendimiento más lento a pesar de mantener las bases de datos con actualizaciones regulares y configuraciones optimizadas. optamos por mysql 8.0.30 debido a sus características avanzadas y la eficiencia prometida. sin embargo, las velocidades de transacción lentas están obstaculizando nuestras operaciones comerciales. dada la urgencia de este problema, solicitamos orientación sobre posibles soluciones o mejores prácticas para optimizar el rendimiento de mysql 8.0.30 específicamente para nuestro escenario. nuestro equipo técnico, liderado por <name>, ha intentado varios ajustes como alterar configuraciones de caché, ajuste de consultas e incluso escalado de hardware, pero el impacto ha sido mínimo. quizás hay configuraciones o ajustes adicionales que podríamos haber pasado por alto. ¿ofrecen consultoría experta, o hay recursos específicos a los que podríamos referirnos para mejorar estos problemas? a continuación, se encuentra la información de contacto para una comunicación directa: nombre: <name>, teléfono: <tel_num>, correo electrónico: [redacted]. gracias por su atención a este asunto. esperamos contar con su experiencia para resolver este problema rápidamente. saludos cordiales, <name>",it services
"necesito asistencia para implementar un nuevo microservicio estimado equipo de soporte de servicios de ti, necesito asistencia para implementar un nuevo microservicio en la infraestructura de nube de aws utilizando el entorno completo de aws. el producto afectado es el servicio de gestión de aws. por favor, aconsejen sobre las mejores prácticas y proporcionen un proceso guiado para una implementación fluida. aprecio su pronta atención a este asunto. gracias, <name>",it services
"fallos persistentes al usar adobe photoshop 2024 estimado cliente del soporte técnico de la tienda en línea, espero que este mensaje le encuentre bien. me dirijo a usted para expresar mis preocupaciones sobre los frecuentes fallos que estoy experimentando con adobe photoshop 2024, que compré recientemente a través de su tienda en línea. a pesar de mantener el software actualizado con todos los parches disponibles, el problema persiste durante las sesiones de edición de fotos. estos fallos están obstaculizando mi productividad, causando una frustración significativa en mi rutina laboral. no estoy seguro si el problema reside en el software en sí o en la configuración de mi sistema. por favor, aconseje sobre posibles soluciones o pasos para rectificar este problema. cualquier asistencia o guía que pueda proporcionar sería muy apreciada, ya que estoy ansioso por resolver esta cuestión lo antes posible. gracias por su atención a este asunto. atentamente, <name> <acc_num>",tech online store
"problema con la impresora canon - problema de conexión wifi estimado servicio de atención al cliente,<br><br>espero que este mensaje le encuentre bien. estoy escribiendo para expresar mi problema con una canon pixma mg3620 que compré recientemente. la impresora tiene dificultades para conectarse a través de wifi. después de seguir los pasos de solución de problemas proporcionados en el manual y de múltiples intentos de restablecer el dispositivo, el problema persiste.<br><br>me gustaría iniciar un proceso de devolución y solicitar un reemplazo de acuerdo con la política de su tienda. no puedo realizar mis tareas necesarias debido a este mal funcionamiento. por favor, infórmeme sobre los siguientes pasos y cualquier documentación o información requerida que deba enviar. puede comunicarse conmigo en mi dirección de correo electrónico o en mi teléfono al <tel_num>.<br><br>gracias por su atención inmediata a este asunto. espero resolver este problema rápidamente.<br><br>atentamente,<br><br><name>",tech online store
"asistencia inmediata requerida hola, soporte al cliente, estoy teniendo dificultades al intentar instalar adobe photoshop 2024 después de la reciente actualización. solicito amablemente su pronta ayuda para rectificar este problema. mi número de cuenta es <acc_num>. pueden contactarme al <tel_num>. gracias, <name>.",tech online store
se requiere ayuda inmediata para un problema importante de jira los paneles de jira no se están cargando en la versión 8.20.,it consulting firm
"estimado servicio de atención al cliente, soy <name> y me pongo en contacto para solicitar el servicio de gestión de aws para optimizar nuestros costos en la nube y mejorar el rendimiento de la infraestructura. el producto afectado es el servicio de gestión de aws. por favor, aconsejen sobre los próximos pasos y proporcionen cualquier detalle necesario para proceder. gracias, <name>",it services
"problemas de red con el enrutador cisco estamos experimentando un rendimiento deficiente de la red en nuestro enrutador cisco isr4331. el problema comenzó después de una actualización reciente del firmware. por favor, ayúdenos a resolver este problema.",it services
"solicitud de proceso de intercambio de laptop dell estimado soporte de la tienda en línea de tecnología, escribo para informar que mi dell xps 13 9310 comprada bajo el número de cuenta <acc_num> no está encendiendo. por favor, inicien el proceso de intercambio e investiguen un posible problema con la batería. para cualquier actualización, contáctenme al <tel_num>. gracias, <name>",tech online store
"asistencia requerida: problema con el teclado del surface pro 7 estimado soporte al cliente, espero que este mensaje le encuentre bien. estoy escribiendo para solicitar asistencia con mi microsoft surface pro 7, ya que el teclado desmontable no está funcionando correctamente, impidiendo que el dispositivo entre en modo tableta. he intentado solucionar el problema siguiendo las instrucciones del manual; sin embargo, nada parece resolverlo. ¿podría guiarme sobre los pasos adicionales que necesito seguir, o debería proceder con la intervención del soporte técnico? su pronta asistencia para resolver este asunto sería muy apreciada. gracias de antemano. atentamente, <name>",tech online store
"estimado servicio al cliente, espero que este mensaje te encuentre bien. estoy escribiendo para preguntar sobre la disponibilidad y precios del microsoft surface pro 7 en tu tienda en línea. estoy especialmente interesado en las distintas configuraciones y cualquier promoción que pueda estar disponible actualmente. ¿podrías proporcionar información sobre las diferentes especificaciones, como la ram, las opciones de almacenamiento y si hay paquetes o descuentos ofrecidos? además, agradecería si pudieras informarme sobre los tiempos de entrega estimados para este producto si está en stock. gracias por tu asistencia y pronta respuesta. espero tu respuesta. saludos cordiales, <name>",tech online store
"problemas de sincronización estimado equipo de soporte, me pongo en contacto para compartir mis preocupaciones sobre un problema que he estado enfrentando con el paquete google workspace business standard. específicamente, he encontrado dificultades con la funcionalidad de sincronización de correo electrónico al usar gmail junto con otras herramientas de colaboración proporcionadas en google workspace. este problema parece resultar en retrasos significativos en las actualizaciones en las plataformas, lo que interrumpe mi flujo de trabajo ocasionalmente. he observado que los correos electrónicos enviados o recibidos a través de gmail no se están actualizando en tiempo real dentro de las herramientas conectadas como google calendar o google drive. este retraso lleva con frecuencia a la falta de sincronización de eventos importantes y actualizaciones de archivos. en un intento de solucionar este problema, validé mi conexión a internet y confirmé que las funciones de actualización automática en todos mis dispositivos están activadas. desafortunadamente, estas acciones no han resuelto el problema. dado el papel esencial que desempeña este conjunto en mis responsabilidades diarias, cualquier asistencia para abordar este problema sería inmensamente valorada. ¿existen problemas conocidos o interrupciones en el servicio actuales que podrían estar causando este problema? alternativamente, ¿podría haber ciertas configuraciones que debería ajustar para mejorar el rendimiento de la sincronización? espero su orientación y una pronta resolución de este asunto. gracias por su asistencia y comprensión. atentamente, <name> correo electrónico: <email> teléfono: <tel_num> número de cuenta: <acc_num>",software development company
"incidente de alta prioridad: falla del router cisco isr4331 estimado soporte al cliente, estoy escribiendo para reportar un incidente de alta prioridad que involucra nuestro router cisco isr4331. desde esta mañana, el router ha dejado de responder, lo que está afectando gravemente nuestra conectividad de red y el tiempo de actividad en general. nuestro equipo ha realizado un diagnóstico preliminar, incluyendo reiniciar el dispositivo y verificar la conectividad, pero el problema persiste. este router es un componente crítico de nuestra infraestructura, y este tiempo de inactividad está impactando significativamente nuestras operaciones comerciales. ¿podría, por favor, priorizar este ticket y proporcionar orientación sobre cómo proceder con pasos de solución de problemas urgentes o reemplazos si es necesario? para obtener más detalles técnicos, no dude en contactarme directamente. espero su pronta respuesta para resolver este problema crítico lo antes posible. gracias, <name> <tel_num> <acc_num>",it services
"solicitud de integración de extensiones estimado servicio de atención al cliente, espero que este mensaje los encuentre bien. estoy escribiendo para solicitar la integración de nuevas extensiones en visual studio code versión 1.70. sería de gran beneficio si estas extensiones pudieran mejorar las capacidades de depuración y mejorar la productividad general de los desarrolladores. durante las tareas de codificación diarias, las herramientas de depuración mejoradas agilizan significativamente el proceso de desarrollo, ahorrando tiempo valioso y reduciendo posibles errores. además, las extensiones centradas en la productividad pueden aumentar la eficiencia gracias a características avanzadas que ayudan a gestionar tareas de manera más efectiva. estoy seguro de que estas mejoras serían muy apreciadas por los usuarios y facilitarían un entorno de desarrollo más robusto en visual studio code. gracias por considerar esta solicitud de integración. no dude en ponerse en contacto conmigo para cualquier otra información o aclaración que necesite. atentamente, <name>",software development company
"urgente: problemas de conectividad con el enrutador cisco isr4331 estimado servicio de atención al cliente, estoy escribiendo para informar sobre problemas de conectividad intermitentes con nuestro enrutador cisco isr4331, que afectan la estabilidad de la red en varios dispositivos. las interrupciones están impactando nuestras operaciones y necesitamos una solución inmediata para resolver este asunto. por favor, asesoren sobre los próximos pasos para asegurar la resolución más rápida posible. gracias por su pronta atención a este problema urgente. atentamente, <name> <acc_num> <tel_num>",it services
"notificaciones de tickets faltantes que afectan la retroalimentación de jira hola equipo de soporte al cliente, espero que este mensaje les encuentre bien. me pongo en contacto con respecto a un problema con las notificaciones de tickets faltantes en nuestra instancia de jira software 8.20. este problema está afectando significativamente nuestra retroalimentación de proyectos y la comunicación del equipo, que dependen en gran medida de actualizaciones oportunas. nuestro equipo no puede recibir actualizaciones cruciales sobre el estado de los proyectos y las asignaciones. ¿podrían investigar este problema y aconsejar sobre posibles soluciones? su pronta asistencia sería muy apreciada para restaurar un trabajo en equipo eficiente. gracias por su cooperación. saludos cordiales, <name>",software development company
"discrepancias de facturación con la suscripción estimado soporte al cliente de tech online store,<br><br>estoy escribiendo para llamar su atención sobre una discrepancia de facturación relacionada con el cargo reciente por mi suscripción mensual google workspace business standard en mi cuenta con el número <acc_num>. al revisar mi estado de cuenta del banco, noté que el monto cobrado por el último ciclo de facturación fue más alto que la tarifa mensual estándar. me gustaría solicitar una verificación detallada de esta transacción.<br><br>además, sospecho que puede haber habido un error, ya que no he realizado ningún cambio en mi plan de suscripción. si ha habido cambios que puedan afectar el costo, por favor proporciónenme una explicación completa lo antes posible. para su referencia, mi número de contacto es <tel_num>.<br><br>gracias de antemano por su pronta respuesta y asistencia para resolver este asunto. por favor, hágamelo saber si hay algún formulario o documento que necesite completar para facilitar la resolución de este problema.<br><br>espero su respuesta.<br><br>atentamente,<br><br><name>",tech online store
"urgente: rectificación requerida por cargos de facturación incorrectos estimado equipo de atención al cliente, escribo para hacerle saber de inmediato sobre un error que he encontrado con la facturación de mi suscripción a google workspace business standard. a pesar del acuerdo constante sobre los cargos mensuales, los estados de cuenta recientes han mostrado discrepancias que no se alinean con nuestros términos acordados. estoy preocupado y agradecería una pronta rectificación de este problema. asegurar una facturación precisa es crucial, y confío en que ustedes valoran la consistencia que sus clientes esperan. para ayudar en su investigación, mis datos de cuenta son los siguientes: número de cuenta: <acc_num>. además, pueden comunicarse conmigo al <tel_num> si necesitan información o aclaración adicional. espero que este problema se resuelva rápidamente y cumpla con nuestras expectativas del alto estándar de servicio por el que su empresa es conocida. por favor, confirmen la recepción de este mensaje y proporcionen un plazo estimado para la corrección. gracias por su pronta atención a este asunto. saludos cordiales, <name>",tech online store
"solicitud de devolución: problema de color del dell xps 13 hola, recientemente recibí mi pedido, un dell xps 13 9310, y el color no coincide con las especificaciones. ¿podrías ayudarme con el proceso de devolución? gracias. saludos, <name> <tel_num>",tech online store
"actualización urgente necesaria para la optimización de aws estimado servicio de atención al cliente, estoy escribiendo para solicitar un cambio de alta prioridad en nuestra infraestructura de aws, ya que hemos estado experimentando interrupciones en el servicio que afectan el rendimiento de la aplicación. la gestión eficiente y la pronta optimización de nuestro servicio de gestión de aws son cruciales, considerando las interrupciones recurrentes que actualmente afectan nuestras operaciones. ¿podrían priorizar esta solicitud y proporcionarnos detalles sobre los pasos propuestos que tomarán para resolver estos problemas? creemos que una revisión detallada y modificaciones estratégicas a nuestra configuración existente mejorarán la confiabilidad y el rendimiento. agradeceríamos mucho su pronta atención a este asunto. no duden en comunicarse conmigo al <tel_num> para cualquier aclaración adicional. gracias, <name>",it services
"solicitud para optimizar las configuraciones de aws con el servicio de gestión estimado equipo de soporte de la empresa de consultoría de ti, espero que este mensaje lo encuentre bien. estoy escribiendo para solicitar asistencia con la modificación de nuestras configuraciones de aws. nuestro objetivo es mejorar la asignación de recursos y reducir los costos de infraestructura optimizando nuestra configuración actual bajo el producto del servicio de gestión de aws. necesitamos una revisión detallada y recomendaciones de expertos sobre los cambios necesarios para lograr estos objetivos de manera eficiente. favor de proporcionar orientación a la brevedad posible para que podamos implementar los ajustes necesarios. gracias por su atención y apoyo en este asunto. puede comunicarse conmigo en cualquier momento conveniente a través del correo electrónico o número de contacto. espero su pronta asistencia. saludos cordiales, <name>",it consulting firm
"asistencia requerida para la integración de google workspace estimado equipo de soporte al cliente, espero que este mensaje los encuentre bien. estoy escribiendo para solicitar asistencia en la configuración de la integración de google workspace con nuestro software empresarial existente. recientemente nos suscribimos al plan google workspace business standard y tenemos la intención de aprovechar sus capacidades para mejorar la productividad de nuestro equipo y optimizar nuestros procesos de trabajo. nuestro objetivo principal es asegurar que nuestras aplicaciones empresariales actuales estén integradas sin problemas con los servicios de google workspace, como gmail, google drive, google calendar y google meet. transitar sin problemas sin interrumpir las operaciones en curso es esencial para nosotros, y por eso buscamos su orientación experta. ¿podrían proporcionarnos instrucciones detalladas sobre cómo configurar efectivamente esta integración? además, agradeceríamos cualquier recurso o mejores prácticas que puedan ayudar a nuestro equipo de it a alinear el entorno del software empresarial de manera efectiva con las funcionalidades de google workspace. si es posible, sería beneficioso consultar con un especialista que pueda supervisar y asistir en este proyecto de integración. gracias por su atención a este asunto y espero su pronta respuesta. no duden en contactarme por correo electrónico o por teléfono en su primera conveniencia si se necesita más información. saludos cordiales, <name> la empresa de <name> número de contacto: <tel_num>",it services
"asistencia requerida para la configuración inalámbrica estimado equipo de soporte al cliente, espero que este mensaje te encuentre bien. me pongo en contacto para solicitar ayuda con la configuración de impresión inalámbrica en mi impresora hp deskjet 3755. he estado experimentando dificultades para conectar la impresora a mi red inalámbrica y agradecería enormemente su orientación para resolver este problema. he intentado seguir las instrucciones proporcionadas en el manual del usuario, pero desafortunadamente, no he tenido éxito. dado que depende en gran medida de la impresión tanto para fines personales como profesionales, es crucial para mí resolver este problema lo antes posible. ¿podrían proporcionarme algunos pasos de solución de problemas o soporte remoto para guiarme a través del proceso de configuración? si hay algún requisito específico o configuraciones que deban realizarse, por favor, infórmenme sobre eso también. gracias por su pronta atención a este asunto. espero su respuesta y espero tener la impresión inalámbrica funcionando sin problemas pronto. atentamente, <name>",tech online store
"problemas de conectividad inalámbrica estimado cliente del soporte técnico de la tienda en línea, espero que este mensaje le encuentre bien. le escribo para expresar mis preocupaciones respecto a un problema continuo que estoy experimentando con el producto que compré en su tienda en línea, la hp deskjet 3755. el problema se refiere a la función de conectividad inalámbrica de la impresora, que ha sido tanto poco fiable como errática al intentar conectarse a mi red doméstica. inicialmente, no tuve problemas para configurar y conectar la impresora, pero en las últimas semanas ha sido cada vez más difícil mantener una conexión estable. a pesar de mis esfuerzos por solucionar el problema al trasladar la impresora más cerca del enrutador, reiniciar el dispositivo e incluso reinstalar los controladores necesarios, el problema persiste. naturalmente, esta inconsistencia está causando bastante inconveniente, particularmente ya que dependo de este dispositivo para mis tareas de oficina en casa. agradecería mucho cualquier asistencia o consejo que pueda proporcionar para resolver este problema rápidamente. por favor, háganme saber si hay pasos específicos de solución de problemas que recomiendan o si podría ser necesario un reemplazo. si necesitan más detalles de mi parte para abordar este problema de manera efectiva, no duden en comunicarse conmigo a su conveniencia. gracias por su atención a este asunto. espero su pronta respuesta. atentamente, <name>",tech online store
"asistencia requerida: problema de configuración de wi-fi para la impresora canon pixma mg3620 estimado equipo de soporte al cliente, espero que este mensaje les encuentre bien. estoy escribiendo para solicitar asistencia respecto a un problema de configuración inalámbrica que estoy experimentando con mi impresora, la canon pixma mg3620. actualmente, no puedo conectar la impresora a mi red wi-fi, lo que está afectando mi capacidad para completar tareas de impresión de manera eficiente. he intentado varios métodos de solución de problemas, incluyendo reiniciar la impresora y verificar mi conexión wi-fi para otros dispositivos, pero desafortunadamente, el problema persiste. dada la importancia de tener una conexión inalámbrica funcional para mis necesidades de impresión, agradecería mucho cualquier orientación o instrucciones detalladas que me pudieran proporcionar para resolver este problema de configuración. ¿podrían por favor aconsejarme sobre los próximos pasos a seguir, o si hay alguna documentación disponible que pueda ayudarme a abordar este problema? su apoyo sería inmensamente útil para asegurar que mi impresora funcione como debería. gracias de antemano por su asistencia. espero su pronta respuesta. saludos cordiales, <name>",tech online store
"asistencia necesaria para configurar la impresora hp deskjet 3755 por favor, ayúdame a configurar la impresión inalámbrica en mi impresora.",tech online store
"recibí un modelo erróneo de macbook air m1 estimado equipo de atención al cliente, he recibido un modelo distinto de macbook air m1 al que solicité. mi número de pedido es <acc_num>. solicito su ayuda para solucionar este inconveniente a la brevedad. cordialmente, <name>",online store
"problemas de conectividad con el router cisco isr4331 estimado equipo de soporte al cliente, estoy escribiendo para informar sobre un problema relacionado con nuestro router cisco isr4331. estamos experimentando problemas de conectividad constantes donde el router no puede establecer una conexión de red estable. el problema ha estado ocurriendo de manera continua y está causando interrupciones significativas en nuestras operaciones. inicialmente, intentamos reiniciar el dispositivo varias veces como remedio inmediato, pero los problemas persisten. el router se conecta ocasionalmente, pero desafortunadamente, solo por cortos períodos antes de desconectarse nuevamente. esto ha impactado gravemente nuestro flujo de trabajo, ya que dependemos en gran medida de una conexión a internet estable para nuestros procesos comerciales. nos hemos asegurado de que todos los cables estén conectados de forma segura y de que no haya daños físicos en el dispositivo. sin embargo, el problema sigue sin resolverse. es esencial para nosotros encontrar una solución rápida, ya que esta situación obstaculiza nuestra productividad y comunicación. ¿podría por favor proporcionar asistencia sobre este asunto en su primera oportunidad? agradeceríamos cualquier consejo o pasos de solución de problemas que debamos seguir para resolver este problema de conectividad de manera eficiente. gracias por su pronta atención a este asunto. atentamente, <name> <tel_num> <acc_num>",it services
"problema de red de la empresa estimado servicio de atención al cliente, estoy escribiendo para informar un problema con nuestro enrutador cisco isr4331 en nuestra sede. estamos experimentando cortes de conexión intermitentes que están interrumpiendo frecuentemente las actividades de la red de nuestra empresa. este problema se ha vuelto cada vez más problemático, afectando nuestras operaciones diarias y causando inconvenientes significativos. nuestro departamento de ti ha verificado que el problema no proviene de nuestro lado. apreciaríamos que su equipo nos proporcionara una solución o sugiriera los próximos pasos para la solución de problemas. su pronta atención a este asunto sería muy apreciada. gracias, <name> departamento de ti <name> ltd.",it services
"intellij idea 2024.1 se cierra después de la actualización estimado soporte al cliente, estoy escribiendo para informar sobre un problema con intellij idea 2024.1, que ha estado experimentando cierres recurrentes después de la reciente actualización. este problema está afectando significativamente mis tareas de desarrollo en java, ya que la aplicación se vuelve no receptiva y se cierra inesperadamente. dependo en gran medida de intellij idea para mis proyectos, y este problema está causando retrasos. ¿podrían investigar este asunto y proporcionar una solución o una alternativa a la brevedad posible? mi id de desarrollador es <dev_id>. gracias por su pronta atención a esta importante preocupación. saludos, <name>",software development company
"preocupación por la factura estimado servicio al cliente, me pongo en contacto para informarle sobre una preocupación de facturación relacionada con mi reciente adquisición de la computadora portátil dell xps 13 9310 en su tienda en línea. aunque había un descuento promocional disponible al finalizar la compra, mi cuenta muestra un cargo inexacto. mi número de identificación de pedido es <order_id> y la fecha de la transacción es <date>. solicito amablemente que prioricen este asunto para una rápida resolución y garantizar que no haya un impacto negativo en mi perfil de crédito. agradezco su pronta ayuda para corregir este problema. no duden en ponerse en contacto conmigo al <tel_num> para cualquier información adicional que puedan necesitar. gracias por su atención a esta situación. saludos cordiales, <name>",tech online store
"solicitud de asistencia para intercambio de producto hola, estoy experimentando problemas persistentes de conexión inalámbrica con mi recién adquirido epson ecotank et-4760. me gustaría solicitar un intercambio por este producto, ya que ha sido problemático desde el primer día. gracias por su ayuda. atentamente, <name>, número de pedido <order_num>.",tech online store
"asistencia necesaria para problemas de conectividad mysql hola, estoy experimentando problemas con la conexión a la base de datos mysql 8.0.30. a pesar de varios intentos, no puedo establecer una conectividad estable. ¿podrían ayudarme a solucionar este problema en curso? agradecería cualquier guía o recursos que puedan ofrecer. gracias, <name>, <acc_num>.",it consulting firm
"asistencia requerida para soluciones de ti estimado servicio de atención al cliente, me pongo en contacto para solicitar orientación sobre cómo mejorar nuestra administración actual de servidores y flujo de trabajo de desarrollo de software. dado que necesitamos optimización, creemos que su servicio de consultoría de ti podría ofrecer soluciones valiosas adaptadas a nuestra situación. nuestro objetivo es mejorar la eficiencia y la productividad, y por lo tanto, necesitamos consejos específicos y una estrategia para la implementación. agradeceríamos que nos proporcionaran más información sobre cómo podemos comenzar este proceso de consultoría y los requisitos necesarios. los detalles de nuestra empresa ya han sido compartidos con su equipo anteriormente. agradecemos su pronta respuesta. gracias, <name> <acc_num>",it services
"estimado equipo de soporte de tech online store, me comunico con ustedes para solicitar información adicional sobre las opciones de almacenamiento y configuración para el macbook air m1 disponible para la compra. me gustaría entender las especificaciones de las variantes disponibles, especialmente en relación con los tamaños de ram y las capacidades de almacenamiento ssd. además, cualquier información sobre las opciones de color, las actualizaciones disponibles y sus costos sería muy apreciada. el rendimiento de mi computadora portátil actual es crucial tanto para el uso personal como profesional, y estoy ansioso por asegurarme de que el macbook air m1 cumpla con todos mis requisitos. también agradecería que me informaran sobre cualquier promoción en curso para este producto. gracias por su asistencia. saludos cordiales, <name>",tech online store
"asistencia necesaria para la optimización de la red estimado equipo de soporte de la firma de consultoría it, espero que este mensaje los encuentre bien. mi nombre es <name>, y me comunico para solicitar asistencia con la optimización del rendimiento de nuestra red. actualmente estamos experimentando desafíos en esta área y creemos que una consulta sobre administración de servidores y soluciones de software podría beneficiarnos en gran medida. estamos utilizando su servicio de consultoría it y agradeceríamos cualquier experiencia que puedan ofrecer para abordar estos problemas. por favor, háganos saber los próximos pasos o los horarios disponibles para una consulta. pueden comunicarse conmigo al <tel_num> o a través del correo electrónico <email>. esperamos su pronta respuesta y una colaboración exitosa. gracias y saludos cordiales, <name> <position> <company name>",it consulting firm
"consulta sobre mejora de servidor estimado equipo de servicios de consultoría de ti, espero que se encuentren bien. me estoy comunicando en nombre de nuestra unidad en <name>, ya que seguimos expresando nuestra inmensa gratitud por los excelentes servicios de consultoría de ti que su empresa ha brindado. en este momento, nuestra empresa enfrenta un aumento en el volumen de datos junto con un incremento en el tráfico de usuarios, lo que requiere una actualización en nuestras capacidades de servidor y mecanismos de seguridad. considerando este patrón de crecimiento, estamos buscando su experiencia para actualizar nuestro marco de servidor actual para gestionar adecuadamente este aumento de datos mientras garantizamos altos estándares de seguridad. una mayor capacidad del servidor es esencial no solo para mejorar nuestra eficiencia operativa, sino también para garantizar la prestación ininterrumpida de servicios a nuestra clientela. además, con la creciente cantidad de información sensible que se maneja a diario, estamos interesados en adoptar medidas de seguridad de vanguardia para defendernos contra amenazas cibernéticas. esto incluiría integrar técnicas de cifrado avanzadas y soluciones de inteligencia de seguridad en tiempo real para detectar y abordar proactivamente riesgos potenciales antes de que pongan en peligro nuestras operaciones. confiamos en que, con su conocimiento e ideas, podemos ejecutar efectivamente estas actualizaciones, manteniendo así nuestra trayectoria de crecimiento a la vez que sostenemos los más altos estándares de confiabilidad y seguridad de datos. ¿podría brindarnos una propuesta completa detallando las opciones de mejora del servidor disponibles, junto con un resumen de las mejoras de seguridad prospectivas adaptadas a nuestras necesidades distintas? además, apreciaríamos mucho cualquier orientación sobre el cronograma para estas actualizaciones, considerando nuestras instalaciones de servidor actuales y los objetivos estratégicos para el próximo trimestre. nuestro objetivo es finalizar esta mejora de forma eficiente, minimizando cualquier interrupción del servicio durante nuestras operaciones existentes. agradecemos sinceramente su atención a este asunto. esperamos trabajar en colaboración con su equipo para lograr estas mejoras de manera eficaz, garantizando la continuidad y un soporte de ti confiable que satisfaga nuestras crecientes necesidades comerciales. esperando su pronta respuesta. saludos cordiales, <name> <tel_num> <email_address> número de cuenta: <acc_num>",it consulting firm
"estimado servicio de atención al cliente, espero que este mensaje le encuentre bien. estoy escribiendo para solicitar asistencia con la instalación y activación de adobe photoshop 2024 en mi nuevo dispositivo. recientemente compré este software en su tienda online tech, pero estoy encontrando dificultades para hacerlo funcionar. el proceso de instalación alcanza un cierto punto y se congela, mostrando un mensaje de error que no puedo descifrar. además, he intentado activarlo usando mi cuenta existente asociada con mi correo electrónico <name>@domain.com, pero parece que la clave de activación no es reconocida. ¿podrían proporcionarme instrucciones detalladas sobre cómo resolver estos problemas? si es necesario, estoy disponible para una sesión de asistencia remota en un momento conveniente. mi número de referencia de pedido es <acc_num>. gracias por su pronta atención a este asunto. espero su orientación para poder utilizar adobe photoshop 2024 de manera eficiente. si necesitan contactarme, mi número de contacto es <tel_num>. atentamente, <name>",tech online store
"problemas con macbook air m1 después de las actualizaciones recientes estimado equipo de soporte, estoy escribiendo para informar que estoy experimentando una desaceleración significativa en el rendimiento de mi macbook air m1 después de las actualizaciones de software recientes. había estado funcionando sin problemas hasta estas actualizaciones. sospecho que el problema podría estar relacionado con estas actualizaciones. ¿pueden ayudarme con los pasos de solución de problemas o posibles soluciones para resolver este problema de rendimiento? gracias por su apoyo. atentamente, <name>",tech online store
"asistencia necesaria para el problema de conectividad de mysql hola, estoy experimentando problemas con la conexión a la base de datos mysql 8.0.30. a pesar de varios intentos, no puedo establecer una conectividad estable. ¿podría proporcionar asistencia para solucionar este problema continuo? agradecería cualquier orientación o recursos que pueda ofrecer. gracias, <name>, <acc_num>.",it consulting firm
"asistencia requerida para problemas de conectividad del enrutador hola servicio al cliente, estoy experimentando problemas de conectividad con mi enrutador cisco isr4331. necesito ayuda para configurar una red wi-fi segura y optimizada. por favor, guíenme a través del proceso a la mayor brevedad posible. gracias, <name> <tel_num> <acc_num>",it services
"optimización urgente de aws estimado servicio de atención al cliente, urgentemente necesitamos ayuda con la optimización de costos de aws debido a cargos inesperados por el aumento del uso de datos y potencia de cálculo con su servicio de gestión de aws. gracias, <name>",it consulting firm
"urgente: se requiere resolución inmediata para el problema de aws estimado equipo de atención al cliente, estoy escribiendo para expresar nuestra necesidad urgente de asistencia con respecto a un problema crítico con nuestra infraestructura de aws. este problema afecta específicamente a nuestro servicio de gestión de aws y ha estado causando un tiempo de inactividad significativo, así como impactos en los costos. desafortunadamente, el problema parece escalar rápidamente, y nuestro equipo interno no ha podido mitigar los efectos desastrosos. debido a la naturaleza vital de este servicio, que es integral para nuestras operaciones diarias, estamos bajo una considerable presión de tiempo para resolver esto. nuestra principal preocupación son las implicaciones financieras y operativas que podrían empeorar si esto continúa sin una intervención rápida. por favor, escale este asunto a la más alta prioridad y aconseje sobre los próximos pasos inmediatos. su pronta acción será instrumental para ayudarnos a gestionar y prevenir posibles daños a largo plazo. ¿podría un miembro de su equipo experto contactarnos con un plan de acción a la mayor brevedad posible? puede comunicarse conmigo directamente al <tel_num> o por correo electrónico. gracias por su atención urgente a este asunto. saludos cordiales, <name> <acc_num>",it consulting firm
"solicitud de especificaciones e información comparativa estimado soporte al cliente, ¿podrían proporcionarme especificaciones detalladas y una comparación entre el dell xps 13 9310 y el macbook air m1? un cliente solicitó esta información para tomar una decisión de compra informada. gracias por su asistencia. atentamente, <name>",tech online store
asistencia inmediata requerida por disrupción del servicio de aws la interrupción del servicio de aws está causando tiempo de inactividad en la aplicación y requiere acción inmediata.,it services
"solicitud de asistencia: problema de parpadeo en la pantalla del portátil el cliente informa que la pantalla parpadea en el dell xps 13 9310. por favor, proporcione asistencia de diagnóstico para resolver el problema rápidamente.",tech online store
"consulta sobre la disponibilidad del microsoft surface pro 7 estimado soporte al cliente de tech online store, espero que este mensaje le encuentre bien. me pongo en contacto para consultar sobre la disponibilidad y las opciones de entrega de las tabletas microsoft surface pro 7. recientemente visité su sitio web, pero no pude encontrar información detallada sobre el estado actual de stock del producto. dado que estoy particularmente interesado en comprar un par de estas tabletas para mi negocio, es crucial saber si están actualmente disponibles. además, agradecería si pudieran proporcionar más detalles sobre las diferentes opciones de entrega que ofrecen, específicamente sobre el envío urgente. si hay promociones o descuentos aplicables a compras al por mayor de la microsoft surface pro 7, esa información también sería muy valiosa. sería útil si pudieran confirmar si hay requisitos o documentación especiales necesarios para clientes corporativos al realizar un pedido. para su referencia, mi número de cuenta de cliente es <acc_num>. si hay formularios que debo completar o procedimientos que necesito seguir para procesar esta solicitud, por favor háganmelo saber a la brevedad. gracias por su asistencia y espero su pronta respuesta. atentamente, <name> <tel_num> p.d.: siéntase libre de contactarme en cualquier momento si hay necesidad de aclaraciones o más detalles.",tech online store
"problema del cliente con el acceso al servidor hola, estoy escribiendo para informar sobre un problema encontrado por nuestro cliente, <name>. han estado experimentando problemas para acceder a ciertas funcionalidades del servidor, lo que ha resultado en un tiempo de inactividad operacional para sus soluciones de software. este problema afecta particularmente a nuestro servicio de consultoría de ti. actualmente, está causando considerables inconvenientes y un posible impacto financiero. nuestro cliente ha expresado que al intentar utilizar las operaciones estándar del servidor, reciben mensajes de error que interrumpen su flujo de trabajo. parece que podría haber una discrepancia en sus permisos de acceso al servidor, o posiblemente un fallo temporal en las operaciones del servidor. por favor, prioriza este problema para una resolución rápida y restaurar la eficiencia del servicio de nuestro cliente. si es necesario, puedo proporcionar detalles adicionales de los registros de interacción o conectarte directamente con el equipo técnico del cliente. gracias por tu pronta atención a este asunto urgente. nuestro cliente realmente valora la fiabilidad de tus servicios y espera ver las funcionalidades del servidor completamente restauradas pronto. saludos cordiales, <name> departamento de ti <company>",it consulting firm
"urgente: problema de parpadeo de pantalla con dell xps 13 9310 estimado servicio al cliente, estoy experimentando un problema con mi dell xps 13 9310, donde la pantalla parpadea continuamente. este problema está afectando gravemente mi trabajo y necesito una resolución inmediata. por favor, aconsejenme sobre cómo se puede resolver este problema lo antes posible. mi número de cuenta es <acc_num>. gracias, <name>",tech online store
"problemas de red con el router cisco estimado soporte al cliente, me pongo en contacto para informar sobre problemas de red recurrentes que hemos estado experimentando con nuestro router cisco isr4331, lo que ha causado una inestabilidad significativa en la conectividad a internet para nuestros usuarios. en las últimas semanas, hemos notado que el router pierde la conexión con frecuencia, lo que lleva a un acceso a internet extremadamente intermitente en nuestros sistemas. este problema está afectando gravemente nuestras operaciones diarias, productividad y capacidad para atender a nuestros clientes de manera eficiente. hemos intentado medidas básicas de solución de problemas, como reiniciar el router y revisar las configuraciones existentes, pero los problemas persisten. según algunos artículos de soporte y discusiones en foros, el problema podría estar asociado con ciertos problemas de firmware, que requieren una solución de problemas más profunda o posiblemente una actualización de firmware. ¿podría guiarnos sobre algún paso de diagnóstico específico que debamos realizar? agradeceríamos mucho si un especialista técnico pudiera ayudarnos a asegurarnos de que este problema se aborde rápidamente. además, cualquier información sobre soluciones temporales mientras esperamos más asistencia sería beneficiosa. gracias de antemano por su pronta atención a este asunto. atentamente, <name> departamento de ti de <name> <tel_num> <acc_num>",it services
"estimado equipo de atención al cliente de ti, me dirijo a ustedes para reportar un inconveniente con mi software norton antivirus plus. parece que no está operando adecuadamente y no está ejecutando análisis como era de esperarse. les agradecería me orienten sobre cómo solucionar este problema. saludos cordiales, <nombre>",it services
"necesito soporte urgente: problema con dell xps 13 estimado servicio de atención al cliente de la tienda online de tecnología, estoy escribiendo para solicitar asistencia respecto a un problema persistente que estoy experimentando con mi dell xps 13 9310, que compré en su tienda. desde que adquirí este ultrabook de alto rendimiento, he encontrado un error recurrente de pantalla azul al intentar iniciar windows 10. este problema interfiere significativamente con mi flujo de trabajo y el acceso a archivos y software importantes. el error aparece consistentemente al arrancar, mostrando códigos de error que he documentado, pero desafortunadamente no he podido rectificar la situación a través de los procedimientos estándar de solución de problemas. hasta ahora, he intentado reiniciar en modo seguro y usar las herramientas de diagnóstico de windows, pero el problema persiste. dada la gravedad del problema con el dell xps 13, agradecería enormemente cualquier orientación o solución que su equipo de expertos pudiera proporcionar. si el problema requiere un intercambio de dispositivo o diagnósticos de hardware más profundos, por favor infórmenme sobre los próximos pasos. los detalles de mi cuenta son los siguientes: número de cuenta <acc_num>. estoy disponible para discutir o aclarar más en cuanto me sea posible a través de correo electrónico o teléfono: <tel_num>. gracias por su pronta atención a este asunto. espero su pronta respuesta. saludos cordiales, <name>",tech online store
"urgente: resolver el problema de sincronización de microsoft office 365 estimado servicio de atención al cliente, estoy escribiendo para informar sobre un problema de alta prioridad que estamos experimentando con microsoft office 365. nuestros usuarios no pueden acceder a sus archivos de excel debido a un error persistente de sincronización en la nube. este problema está impactando significativamente nuestras operaciones diarias. necesitamos una resolución urgente para restaurar el acceso a nuestros archivos. por favor, priorice este asunto y proporcione orientación sobre cómo resolverlo lo antes posible o recomiende alguna solución inmediata. háganos saber si necesita más información sobre este asunto. atentamente, <name>",it services
"problema con el acceso al tablero de scrum estimado equipo de soporte al cliente, espero que este mensaje les encuentre bien. les escribo para llamar su atención sobre un problema informado por uno de nuestros clientes, <name>. encontraron un error al intentar acceder al tablero de scrum utilizando la versión 8.20 de jira software. nuestras revisiones iniciales indican que podría haber un problema relacionado con los permisos o la configuración. el error parece estar aislado a este cliente, ya que ningún otro usuario ha informado problemas similares hasta ahora. para ayudar a acelerar la resolución, he realizado una investigación preliminar. hasta ahora, asegurar que todos los permisos de usuario relevantes estén correctamente asignados no ha mostrado irregularidades significativas. apreciaríamos que sus expertos técnicos pudieran profundizar en esto, particularmente en relación con cualquier actualización reciente del producto o configuraciones del servidor que puedan haber inducido este problema. el cliente, <name>, está ansioso por continuar su proyecto sin más interrupciones y cuenta con una rápida resolución. por favor, proporcionen cualquier asistencia necesaria a la mayor brevedad posible. si necesitan más detalles, no duden en comunicarse conmigo al <tel_num> o por correo electrónico. muchas gracias por su apoyo. atentamente, <name>",it services
"urgente: problema con el sistema de tickets de ti estimado soporte al cliente, espero que este mensaje le encuentre bien. le escribo para llamar la atención inmediata sobre un problema crítico que afecta nuestro sistema de tickets de ti, el cual es parte de su servicio de consultoría de ti. este problema está causando una interrupción significativa en los flujos de trabajo de nuestros clientes y necesita una resolución urgente. el problema comenzó el 9 de octubre y ha empeorado progresivamente, lo que ha llevado a un aumento de frustraciones. ¿podría por favor priorizar este problema y proporcionar un cronograma estimado para una solución? su pronta atención para resolver este asunto sería muy apreciada. gracias, <name>, número de cuenta: <acc_num>",it consulting firm
"consulta sobre la disponibilidad y descuento del dell xps 13 9310 hola, me gustaría saber la disponibilidad de las laptops dell xps 13 9310 y preguntar si hay opciones de descuento por compras al por mayor. por favor, hágamelo saber. saludos, <name>",tech online store
"problema de sobrecalentamiento de la laptop durante las videollamadas estimado soporte al cliente, estoy experimentando un problema con mi laptop dell xps 13 9310. se sobrecalienta durante las videollamadas, a pesar de tener los controladores actualizados y sin tareas en segundo plano. este sobrecalentamiento afecta significativamente el rendimiento, dificultando las reuniones. por favor, asesoren sobre posibles soluciones o los próximos pasos. gracias, <name> <tel_num>",tech online store
"problema de guardado de hojas de excel en office 365 hola, estoy experimentando problemas con las hojas de excel que no se guardan correctamente en office 365. parece que podría haber un problema de sincronización con el almacenamiento en la nube. ¿podría su equipo ayudar a resolver este problema? espero su pronta respuesta. gracias. saludos cordiales, <name> <name>, <tel_num>, <acc_num>",it services
"asistencia inmediata requerida: interrupción del servicio de gestión de aws y optimización estimado servicio de atención al cliente de it, espero que este mensaje le encuentre bien. estoy escribiendo para informar sobre una interrupción crítica que estamos experimentando en nuestra infraestructura en la nube de aws. dada nuestra dependencia de estos servicios para las operaciones diarias, este problema requiere atención inmediata y optimización. específicamente, estamos encontrando problemas relacionados con el servicio de gestión de aws, lo que ha llevado a interrupciones significativas del servicio. el impacto ha sido extenso, dificultando nuestra capacidad para proceder con tareas rutinarias y afectando nuestra productividad general y la entrega de servicios a nuestros clientes. solicitamos la asistencia urgente de su equipo experto para resolver este asunto y optimizar el rendimiento de nuestra infraestructura para prevenir futuras interrupciones. por favor, encuentre los detalles de nuestra cuenta como sigue: número de cuenta - <acc_num>. para cualquier información adicional que pueda necesitar, no dude en contactarme directamente al <tel_num>. gracias de antemano por su pronta respuesta y resolución a este asunto urgente. esperamos su ayuda para optimizar nuestros servicios de aws y restaurar nuestras operaciones comerciales a plena capacidad. atentamente, <name> <company_name>",it services
"urgente: se necesitan parches de seguridad y validez de configuración del enrutador empresarial estimado equipo de soporte al cliente, mi nombre es <name> y me pongo en contacto con ustedes respecto a un problema crítico que ha surgido con nuestro equipo de red. nuestro enrutador cisco isr4331 ha estado experimentando problemas de conectividad intermitente, lo que afecta significativamente nuestras operaciones. estas interrupciones sugieren la necesidad potencial de una evaluación inmediata y aplicación de parches de seguridad. es crucial verificar la validez de las configuraciones actuales para garantizar un rendimiento y seguridad óptimos. nuestras operaciones dependen en gran medida de una conectividad de red estable para mantener la productividad y los canales de comunicación. solicitamos una intervención urgente de su equipo de expertos para abordar estos problemas de inmediato. por favor, contáctenme al <tel_num> para discutir más a fondo esta situación y programar un técnico para evaluar nuestro sistema a la mayor brevedad posible. gracias por su atención a este asunto. saludos cordiales, <name>",it services
"asistencia necesaria para usar canales de slack estimado soporte al cliente de tech online store, espero que este mensaje le encuentre bien. me estoy comunicando para preguntar cómo habilitar y utilizar efectivamente los canales de slack para facilitar la colaboración con potenciales clientes durante nuestras actividades de compromiso previo a la venta. actualmente estamos usando la versión 4.23.0 de slack y nuestro objetivo es optimizar la comunicación y mejorar la productividad en nuestro equipo. ¿podrían guiarnos sobre las mejores prácticas para configurar y gestionar los canales específicamente para este propósito? además, cualquier información sobre la integración de esto con nuestros procesos de ventas actuales sería muy beneficiosa. gracias por su asistencia de antemano. atentamente, <name> <acc_num> <tel_num>",tech online store
"no se puede conectar wifi en dell xps 13 9310 hola, estoy experimentando un problema de conectividad con mi nuevo portátil dell xps 13 9310. parece que no puede conectarse a mi red wifi, y sospecho que puede haber un problema con el controlador de la red. ¿podrías ayudar a diagnosticar y resolver el problema? mi número de pedido es <order_num>. cualquier orientación o apoyo en este asunto sería muy apreciado. gracias de antemano por tu ayuda.",tech online store
"investigación urgente requerida: problemas de red estimado equipo de soporte al cliente, espero que este mensaje los encuentre bien. me dirijo a ustedes para informarles de un problema urgente que estamos experimentando con nuestro cisco router isr4331. específicamente, hemos estado teniendo problemas intermitentes de conectividad de red que están causando notables interrupciones en nuestras operaciones. estos problemas de conectividad han sido persistentes y requieren atención inmediata para evitar complicaciones adicionales. dada la función crítica que desempeña este router en nuestra infraestructura de ti, insto a su equipo a iniciar una investigación urgente seguida de una resolución oportuna. su experiencia en este asunto es muy apreciada, y tengo confianza en su capacidad para abordar este defecto de manera efectiva. por favor, háganos saber el mejor enfoque para la resolución de problemas en este asunto o si se necesitan diagnósticos específicos. gracias por su pronta atención a este problema crítico. espero su respuesta rápida y efectiva. atentamente, <name> <acc_num> número de contacto: <tel_num>",it services
"problema de parpadeo de pantalla en dell xps 13 9310 hola soporte de tienda online de tecnología, estoy experimentando un parpadeo constante en la pantalla de mi dell xps 13 9310 justo después de iniciar sesión. este problema afecta significativamente mi capacidad para usar la laptop de manera eficiente. ¿podrían ayudarme a resolver este problema? gracias, <name>",tech online store
"estimado equipo de atención al cliente, estoy enfrentando dificultades para llevar a cabo la instalación de windows 11 pro en mi equipo. ¿serían tan amables de orientarme en los pasos necesarios para la instalación o ofrecerme soporte para solucionar este inconveniente? su asistencia sería muy valorada. muchas gracias, <name>, número de cuenta: <acc_num>",it services
"interrupción crítica del servicio estimado equipo de soporte de it services, escribo para notificarles sobre una interrupción del servicio detectada, lo que causa problemas críticos de inactividad con el servicio de gestión de aws. esta interrupción ha impactado considerablemente nuestras operaciones, y requerimos una inspección urgente y resolución de la infraestructura en la nube afectada. el tiempo de inactividad ha interrumpido nuestra capacidad para gestionar recursos en la nube, afectando tanto el rendimiento como la productividad. dado que esta situación es crítica, por favor prioricen nuestra solicitud e involucren a los equipos necesarios para diagnosticar y mitigar el problema rápidamente. además, agradeceríamos actualizaciones regulares sobre el progreso realizado. por favor, contacten a <name> en nuestra oficina a través de correo electrónico o comuníquense directamente al <tel_num>. nuestro número de cuenta es <acc_num>. gracias por su pronta atención a este asunto. atentamente, <name>",it services
"problema de alimentación dell xps 13 estimado soporte de la tienda en línea de tech, estoy experimentando problemas de alimentación con mi dell xps 13 9310. a pesar de estar completamente cargado, el dispositivo se niega a encenderse. por favor, ayúdame a resolver este problema a la mayor brevedad posible. gracias, <name>.",tech online store
"consulta sobre discrepancia de facturación estimado servicio de atención al cliente, me pongo en contacto para solicitar una aclaración sobre una discrepancia en la facturación de mi reciente compra del dell xps 13 9310 en su sitio web. mi factura muestra un monto diferente al que se mostró inicialmente en el momento de la compra. ¿podrían revisar los detalles de mi pedido y proporcionar una explicación para esta variación? agradecería su pronta asistencia para resolver este asunto. gracias por su apoyo. atentamente, <name>, <acc_num>.",tech online store
"problema con jira software 8.20 estimado servicio de atención al cliente, estoy escribiendo para informar sobre un problema crítico que estamos experimentando con la versión 8.20 de jira software. nuestro equipo actualmente no puede crear nuevas tareas, lo que está afectando gravemente los plazos de nuestros proyectos. el mensaje de error que se muestra no proporciona información suficiente para que podamos resolver el problema por nuestra cuenta. este problema requiere una resolución inmediata, ya que dependemos mucho de jira para gestionar nuestros proyectos. nuestro líder de equipo, <name>, ha intentado varios pasos de solución de problemas sin éxito. solicitamos su asistencia para diagnosticar y resolver el problema lo antes posible. por favor, háganos saber si necesita información adicional, o si es necesario acceder a nuestro sistema directamente para facilitar una solución más rápida. nuestros datos de contacto son los siguientes: número de teléfono <tel_num>, y correo electrónico a <email>. gracias por su pronta atención a este asunto urgente. atentamente, <name> <position> <company_name> <tel_num> <email>",it services
"problemas de conectividad con el punto de acceso tp-link estimado soporte al cliente, espero que este mensaje le encuentre bien. estoy escribiendo para informar sobre un problema que estamos experimentando con nuestro punto de acceso tp-link eap245, tras una reciente aplicación de nuevas configuraciones proporcionadas a través de su servicio de configuración de red. desde que implementamos estos cambios, hemos tenido problemas de conectividad intermitentes que han afectado gravemente nuestras operaciones. nuestro equipo ha intentado múltiples pasos de solución de problemas, incluyendo un reinicio del punto de acceso y la re-aplicación de configuraciones anteriores, pero aún enfrentamos interrupciones. dado el impacto en nuestro negocio, agradeceríamos su asistencia inmediata para resolver estos problemas. por favor, háganos saber cómo podemos proceder o si necesita más información de nuestra parte. esperamos su pronta respuesta. saludos cordiales, <name> <acc_num> <tel_num> nombre de la empresa",it consulting firm
"problemas de conectividad de red estimado soporte al cliente, me comunico para reportar un problema relacionado con la conectividad de red de mi router cisco isr4331. recientemente, he estado experimentando un rendimiento de red inconsistente, con interrupciones frecuentes y períodos prolongados de inactividad. los pasos iniciales de solución de problemas, como reiniciar el equipo y verificar si hay fallos de conexión física, no han dado resultados positivos. sospecho que el problema podría estar relacionado con una versión de firmware desactualizada. solicito amablemente su orientación sobre cómo realizar una verificación diagnóstica exhaustiva o examinar los registros del router en busca de indicios de los problemas subyacentes. además, agradecería que me aconsejara sobre la descarga de la última actualización de firmware, asegurando que aborde específicamente las mejoras de compatibilidad y conectividad para el modelo isr4331. por favor, hágamelo saber si se necesita información adicional. su pronta asistencia para resolver este asunto será muy apreciada, ya que impacta enormemente nuestras operaciones diarias. gracias por su apoyo. atentamente, <name> <acc_num> <tel_num>",it services
"solicitud de asistencia para el intercambio de productos hola, estoy experimentando problemas persistentes de conexión inalámbrica con mi epson ecotank et-4760, que compré recientemente. me gustaría solicitar un intercambio por este producto, ya que ha presentado problemas desde el primer día. gracias por su ayuda. atentamente, <name>, número de pedido <order_num>.",tech online store
asistencia para la configuración de impresión móvil necesito ayuda para configurar la impresión a través de mi impresora canon.,tech online store
"estimado servicio al cliente, mi canon pixma mg3620 está produciendo páginas rayadas a pesar de estar en modo de alta calidad. además, estoy teniendo problemas con la configuración inalámbrica. por favor, asesoren sobre posibles soluciones. gracias.",tech online store
problema de sonido después de la actualización el cliente informa que no hay sonido en el samsung qled qn90a después de una actualización de firmware. necesita una resolución urgente.,tech online store
"problema de doble carga estimado equipo de soporte al cliente, les escribo para llamar su atención sobre un problema de facturación que he encontrado. este mes, noté que me han cobrado dos veces por la renovación de la suscripción anual de microsoft office 365. mi número de cuenta es <acc_num>. es crucial para mí resolver esto prontamente, ya que afecta mi planificación presupuestaria. he confirmado los cargos duplicados en el estado de cuenta de mi banco bajo las transacciones con referencias <trn_ref>. ¿podrían verificar esto y emitir un reembolso por el cargo extra lo antes posible? agradezco su asistencia para corregir este asunto de inmediato. gracias por su atención a este problema. atentamente, <name>",tech online store
"problema del sistema de tickets: tiempos de respuesta demorados en jira estimado equipo de atención al cliente, estamos escribiendo para informar un problema con la versión 8.20 del software jira que están experimentando numerosos usuarios dentro de nuestra organización. durante las horas pico, los usuarios enfrentan tiempos de respuesta significativamente demorados al intentar usar la interfaz de gestión de proyectos. como pueden entender, este retraso está disminuyendo la productividad de nuestro equipo y causando considerables inconvenientes. nos gustaría solicitar su asistencia urgente para investigar y resolver este problema. parece que el problema ocurre principalmente en períodos de alta demanda, lo que podría sugerir la necesidad de optimización de rendimiento, tal vez debido a la carga del servidor o restricciones de configuración. si hay soluciones, actualizaciones o parches conocidos, por favor guíenos sobre cómo implementarlos de manera efectiva o ayúdennos de una manera expedita. háganos saber si más detalles o registros de nuestra parte ayudarían a diagnosticar el problema. su pronta respuesta y apoyo serían muy apreciados, ya que nuestro equipo depende en gran medida de jira para coordinar nuestras tareas de proyecto. tenemos la esperanza de una rápida resolución para mantener nuestro flujo de trabajo ininterrumpido. gracias por su atención a este asunto. cordialmente, <name> <organization's name> <email_address> <tel_num> <acc_num>",software development company
"problemas de implementación en la nube de aws y soluciones hola, estoy experimentando tiempos de respuesta retrasados en mi implementación en la nube de aws utilizando su servicio de gestión de aws. ¿podría ayudarme con la configuración óptima y la optimización de costos para resolver estos problemas? su pronta ayuda es muy apreciada. gracias. saludos, <name>",it services
"problema con la función inalámbrica de epson ecotank et-4760 hola equipo de soporte, estoy experimentando un problema con mi impresora epson ecotank et-4760. la función de impresión inalámbrica no está funcionando. he intentado todos los métodos de solución de problemas recomendados por el manual del usuario, pero sin éxito. ¿podrían ofrecerme alguna orientación para resolver esto? su asistencia sería sinceramente apreciada. gracias. atentamente, <name> <tel_num>",tech online store
"problema urgente de implementación de aws estimado servicio de atención al cliente, estamos experimentando un problema de alta prioridad con nuestra implementación de aws, causando un tiempo de inactividad significativo. esto afecta nuestro servicio de gestión de aws. requerimos su atención inmediata para restaurar los servidores. por favor, aborde este asunto con urgencia. gracias, <name> <acc_num>",it services
"asistencia urgente necesaria: tiempo de inactividad del cisco isr4331 estimado equipo de soporte al cliente, espero que este mensaje los encuentre bien. me estoy comunicando para informar un problema urgente con el enrutador cisco isr4331, que recientemente experimentó un tiempo de inactividad repentino, lo que ha impactado significativamente nuestro rendimiento de red en la oficina. esta interrupción inesperada ha interrumpido nuestras operaciones diarias y requerimos asistencia técnica inmediata para mitigar estos problemas. el enrutador es crítico para nuestra infraestructura de red y cualquier tiempo de inactividad prolongado podría obstaculizar nuestros procesos comerciales esenciales. hemos intentado realizar diagnósticos iniciales, pero no pudimos resolver el problema por nuestra cuenta. a continuación, he incluido algunos detalles pertinentes para su referencia: - modelo del producto: cisco router isr4331 - fecha/hora del problema: [por favor insertar fecha/hora] amablemente pedimos que se asigne a un especialista técnico para este asunto lo antes posible para ayudarnos a solucionar el problema. por favor, háganos saber si se requieren más detalles de nuestra parte o si debemos seguir algún paso preliminar antes de que su equipo se involucre. muchas gracias por su pronta atención a este asunto. esperamos su pronta respuesta. atentamente, <name> <tel_num> <acc_num>",it services
"urgente: interrupción de red por el router isr4331 estimado equipo de soporte, estamos experimentando una interrupción de red causada por un router cisco isr4331 defectuoso. esto requiere una intervención técnica de alta prioridad. por favor, aborden este problema lo antes posible. gracias por su asistencia. atentamente, <name>",it services
"consulta sobre el envío y la devolución del dell xps 13 estimado servicio al cliente, estoy escribiendo para solicitar más detalles sobre las políticas de envío y devolución para el ultrabook dell xps 13 9310, que estoy planeando comprar en su tienda online tech. es esencial para mí conocer los tiempos de envío esperados mientras aseguro tener flexibilidad con el proceso de devolución si el producto no cumple con mis expectativas o llega dañado. ¿podrían proporcionar aclaraciones sobre los costos asociados con el envío, además de información sobre el plazo permitido para las devoluciones? además, ¿hay alguna condición de la que deba estar al tanto con respecto al estado del producto al momento de la devolución para ser elegible para un reembolso o cambio? agradecería cualquier folleto informativo o enlaces a sus páginas de políticas oficiales que puedan guiar mi decisión de compra. gracias por su asistencia. espero su respuesta. atentamente, <name>.",tech online store
"problemas al iniciar videollamadas después de la actualización estimado servicio de atención al cliente, he estado experimentando problemas con zoom desde la última actualización a la versión 5.11.0. al intentar iniciar una videollamada, la aplicación se bloquea o congela persistentemente. anteriormente, no tenía problemas con zoom, pero después de esta actualización, estos problemas ocurren con frecuencia. las interrupciones en el servicio han impedido significativamente mi eficiencia laboral. me pongo en contacto con ustedes con la esperanza de obtener orientación o una posible solución al respecto. ¿hay un plan de acción recomendado o un parche próximo que pueda resolver estos problemas? gracias de antemano por su asistencia. por favor, háganme saber lo antes posible si se requiere más información. atentamente, <name> <acc_num>",it services
"problemas de conectividad urgentes estimado soporte al cliente de tech online store,<br><br>espero que este mensaje te encuentre bien. estoy escribiendo para expresar mi urgente necesidad de asistencia técnica con respecto a problemas persistentes de conectividad con mi recientemente adquirido cisco router isr4331. la compra se realizó bajo mi número de cuenta <acc_num>. <br><br>desde la instalación, he experimentado problemas de conectividad intermitentes que afectan gravemente mi acceso a la web y el rendimiento general de la red. a pesar de varios intentos de resolver estos problemas siguiendo guías de solución de problemas en línea y numerosos reinicios de red, el problema persiste.<br><br>me estoy comunicando con la esperanza de encontrar una solución rápida, ya que este problema está afectando mis operaciones diarias. cualquier tiempo de inactividad causado por este problema podría llevar a interrupciones significativas en mi horario de trabajo. solicito amablemente una guía a través de posibles pasos avanzados de solución de problemas o un reemplazo si se considera necesario. por favor, háganme saber cómo proceder y qué información adicional pueden necesitar. <br><br>pueden contactarme a mi número de contacto <tel_num> o por correo electrónico. espero su pronta respuesta. gracias por su asistencia.<br><br>atentamente,<br><name>",tech online store
"asistencia con macbook air m1 estimado soporte de tech online store, espero que este mensaje le encuentre bien. me estoy comunicando para solicitar su asistencia en encontrar especificaciones detalladas y la variedad de configuraciones disponibles para el macbook air m1. como posible comprador, estoy muy interesado en comprender las diversas opciones que están actualmente disponibles y cualquier característica específica que valga la pena destacar. ¿podría proporcionarme amablemente información sobre capacidades de almacenamiento, opciones de memoria y cualquier otra personalización que podría ser posible con este modelo en particular? además, si hay promociones o paquetes en curso relacionados con el macbook air m1, agradecería detalles sobre ellos también. gracias de antemano por su tiempo y asistencia. espero su pronta respuesta. atentamente, <name>",tech online store
"hola, estoy experimentando fluctuaciones en mi estado de cuenta de aws y necesito claridad sobre este asunto. parece que está afectado por el uso cambiante de servicios y las actualizaciones de auto-escalado relacionadas con el servicio de gestión de aws. ¿puedes ayudarme a entender estos cambios? gracias, <name>",it services
"problema con la impresora canon pixma mg3620 y la impresión a doble cara hola, me pongo en contacto para informar sobre un problema con mi canon pixma mg3620 comprada en la tienda online tech. el principal problema que estoy encontrando es que la impresora no inicia la impresión a doble cara, a pesar de seguir diligentemente todos los pasos de solución de problemas proporcionados en el manual del usuario. he realizado múltiples intentos de reinicio de fábrica, con la esperanza de resolver este problema por mi cuenta, pero, lamentablemente, sin éxito. la impresora, a pesar de ser relativamente nueva, no parece entrar en modo dúplex incluso cuando selecciono la opción de impresión a doble cara. también me he asegurado de que los controladores de la impresora estén actualizados y los he reinstalado como medida de precaución. agradecería que su equipo pudiera proporcionar más orientación o sugerir algún paso adicional que podría haber pasado por alto para abordar este problema de manera efectiva. si necesita algún detalle específico para poder ayudarme mejor, por favor hágamelo saber. gracias por su apoyo oportuno. espero su respuesta a la mayor brevedad posible. atentamente, <name> <tel_num> <acc_num>",tech online store
"estimado/a <name>, estoy experimentando dificultades para poder actualizar a windows 11 pro en mi cuenta (<acc_num>). te agradecería tu ayuda. puedes comunicarte conmigo al <tel_num>. gracias, <name>",it services
"problema del backlog de jira estimado servicio de atención al cliente, estoy experimentando un problema con la versión 8.20 de jira software, donde el backlog no se muestra en la interfaz de gestión de proyectos. este problema está causando interrupciones significativas en nuestro flujo de trabajo. hemos intentado pasos de solución de problemas, como borrar la caché y comprobar la configuración del navegador, pero el problema persiste. apreciaríamos una solución rápida para garantizar la efectividad de nuestro proyecto. por favor, aconsejen sobre los próximos pasos que debemos seguir. gracias, <name> <acc_num> <tel_num>",software development company
"consulta: compatibilidad del software de diseño gráfico con macbook air m1 estimado servicio de atención al cliente de tech online store, me pongo en contacto con una consulta sobre la compatibilidad del macbook air m1 para aplicaciones de software específicas utilizadas en diseño gráfico. recientemente he considerado comprar un macbook air m1 y deseo verificar si puede ejecutar de manera eficiente el software crucial para mis proyectos. específicamente, necesito determinar su compatibilidad y rendimiento con programas como adobe photoshop, illustrator y otros que se utilizan comúnmente en el campo del diseño digital. entender las capacidades técnicas del macbook air m1 en relación con estas aplicaciones es esencial para mi proceso de decisión, ya que requiero consistencia y fiabilidad en mi trabajo. además, si hay algún problema o limitación conocidos, por favor proporcione detalles junto con cualquier solución o alternativa potencial que sus productos puedan ofrecer. su asistencia para proporcionar esta información será muy apreciada y guiará mi decisión de compra. gracias por su pronta respuesta y apoyo. espero con interés escuchar de su equipo pronto. saludos cordiales, <name> <tel_num> <email_address>",tech online store
"actualización de la arquitectura del servidor estimado equipo de soporte al cliente, espero que este mensaje los encuentre bien. como parte de nuestro proceso de revisión trimestral en virtud de nuestro acuerdo de consultoría existente, les escribo para solicitar actualizaciones sobre la arquitectura del servidor en la que hemos estado trabajando. el producto afectado es nuestro servicio de consultoría it. hemos estado planificando mejoras extensas y necesitamos asegurarnos de que todo esté alineado con las expectativas del cliente. además, es crucial que estas actualizaciones se integren sin problemas con nuestro sistema actual para evitar cualquier interrupción en la operación. durante nuestra última reunión, discutimos varios enfoques y recibimos comentarios valiosos que necesitan ser incorporados para mejorar la funcionalidad. nuestro equipo agradecería si pudieran compartir el cronograma planificado para la finalización y cualquier desafío potencial que podríamos enfrentar durante su implementación. también confirmen si hay nuevas herramientas o recursos requeridos de su parte para facilitar este proceso de manera efectiva. espero su pronta respuesta para que podamos garantizar una actualización rápida y exitosa. gracias por su atención a este asunto. atentamente, <name> <acc_num>",it services
"urgente: problema de jira software 8.20 que afecta la gestión de proyectos estimado equipo de soporte al cliente, estoy escribiendo para llamar su atención sobre un problema crítico que estamos experimentando con la versión 8.20 de jira software. nuestro sistema de tickets, que es esencial para las actividades de scrum en la gestión de proyectos y la colaboración del equipo, está actualmente inactivo. este problema está causando una interrupción significativa en nuestras operaciones, y no podemos rastrear, gestionar ni revisar eficazmente las tareas y el progreso del proyecto debido a este problema de software. por favor, den prioridad a la atención de este problema urgentemente, ya que impacta directamente en la productividad y el flujo de trabajo de nuestro equipo. nuestro número de cuenta es <acc_num> y nuestro contacto del equipo es <name>, quien puede ser contactado al <tel_num> para cualquier información adicional o asistencia técnica que pueda necesitar. agradeceríamos una confirmación de este correo electrónico y un plazo estimado para la resolución. gracias por su pronta atención a este asunto. esperamos su rápida acción para restaurar la funcionalidad del sistema. saludos, <name>",it services
"estimado servicio de atención al cliente, estoy escribiendo para solicitar una revisión y alteración de la configuración actual del middleware dentro de nuestra infraestructura en la nube para mejorar la seguridad y el rendimiento. el producto en cuestión es su servicio de consultoría en ti. los ajustes son cruciales para mantener la eficiencia y los estándares de seguridad necesarios para nuestras operaciones. por favor, asesoren sobre los próximos pasos y cualquier información que puedan necesitar para facilitar este proceso. muchas gracias. saludos cordiales, <name>",it consulting firm
"asistencia necesaria con la configuración del macbook air m1 hola atención al cliente, mi nombre es <name>, y me comunico para solicitar ayuda con la compra de un macbook air m1 en su tienda online de tecnología. estoy confundido acerca de las configuraciones disponibles y agradecería mucho alguna orientación. estoy tratando de entender las diferencias en las opciones de almacenamiento y configuraciones de memoria. si es posible, ¿podría alguien ayudarme con este proceso o dirigirme a un recurso que pueda ayudar? puede contactarme al <tel_num> o a través de este correo electrónico. gracias por su asistencia. saludos, <name>",tech online store
"asistencia al cliente: incidencia con la pantalla que parpadea del lenovo ideapad 5 saludos, he observado un inconveniente de parpadeo en la pantalla de mi lenovo ideapad 5 que compré a través de su tienda en línea. agradecería su orientación sobre cómo solucionar este problema. cordialmente, <name> número de cuenta: <acc_num> teléfono: <tel_num>",online store
"urgente: tiempo de inactividad de la red - mal funcionamiento del router cisco estimado equipo de soporte de servicios de ti, les escribo para informarles sobre un problema crítico que afecta nuestra infraestructura de red. nuestro cliente, <name>, ha reportado un tiempo de inactividad significativo de la red que parece estar vinculado a un mal funcionamiento del router cisco modelo isr4331. este problema requiere atención urgente, ya que se encuentra en un área de alto tráfico crucial para nuestras operaciones. el router ha estado experimentando cortes intermitentes en los últimos días, pero hoy ha escalado, llevando a que todo el segmento de red se caiga. los impactos de este tiempo de inactividad han sido severos, causando interrupciones en nuestras operaciones de transferencia de datos y afectando nuestra capacidad para atender a los clientes de manera efectiva. se hicieron intentos para resolver el problema internamente, incluyendo reiniciar el router y comprobar si había conexiones sueltas. sin embargo, estas medidas no han tenido éxito y la situación persiste. dada la naturaleza crítica y la ubicación de este router, es imperativo que restauramos la funcionalidad completa lo antes posible. agradecemos que prioricen este problema y envíen a un técnico especializado para diagnosticar y reparar el router. ¿podrían por favor proporcionar un tiempo estimado de cuándo un técnico podría estar disponible? además, si hay alguna solución temporal o sugerencias que podríamos emplear en el ínterin, eso ayudaría enormemente a minimizar las interrupciones en el negocio. por favor, contáctenme a la brevedad posible al <tel_num> o a través de este correo electrónico para confirmar la recepción de este mensaje y comenzar a coordinar los esfuerzos de soporte. la estabilidad operativa de nuestro cliente es primordial y su pronta atención a este asunto es crucial. gracias por su inmediata asistencia. saludos cordiales, <name> gerente de soporte, <company name>",it services
"incidente de alta prioridad: resolución inmediata necesaria para el despliegue de aws estimado soporte al cliente, estamos experimentando problemas significativos con el servicio de gestión de aws que afectan el despliegue y la infraestructura. esto requiere una resolución inmediata para mantener nuestra continuidad operacional. se agradecería mucho una asistencia rápida. gracias.",it services
"solicitud de asesoramiento sobre la integración del sistema de tickets estimado equipo de atención al cliente de servicios informáticos, escribo en nombre de <name>, y actualmente estamos utilizando sus servicios de consultoría de ti. estamos explorando opciones para integrar un nuevo sistema de tickets para mejorar nuestra eficiencia en el servicio al cliente y nos gustaría solicitar su asesoramiento experto sobre este asunto. nuestro objetivo es optimizar nuestras operaciones de soporte y reducir el tiempo de respuesta, garantizando una gestión más efectiva de las consultas de los clientes. estamos interesados en entender las mejores prácticas para la implementación y cómo alinear el nuevo sistema con nuestra infraestructura existente. dada su competencia en el campo, creemos que sus ideas serían invaluables. en este momento, estamos considerando varias soluciones y agradeceríamos orientación sobre la selección de una plataforma que ofrezca escalabilidad e integración con nuestros procesos actuales. además, nuestro objetivo es evaluar los posibles impactos en nuestros sistemas y flujos de trabajo, identificando cualquier desafío previsible durante la fase de transición. por favor, háganos saber sus horarios disponibles para una consulta o si tiene recursos o representantes que puedan ayudarnos. estamos ansiosos por avanzar y valoramos su apoyo para lograr una integración sin problemas. gracias por su atención y asistencia. atentamente, <name> <contact information> <company name>",it services
"resolución inmediata necesaria: zoom 5.11.0 se cierra estimado soporte al cliente, estoy experimentando cierres constantes con zoom 5.11.0 durante reuniones de alta prioridad. este problema impacta gravemente mi trabajo. por favor, aceleren una solución para evitar más interrupciones. su pronta atención a este asunto sería muy apreciada. atentamente, <name>",it services
"solicitud de más opciones de ram para microsoft surface pro 7 estimado soporte al cliente de tech online store, espero que este mensaje le encuentre bien. estoy escribiendo para preguntar si hay opciones de actualización de ram adicionales disponibles para la tableta microsoft surface pro 7. como una persona que realiza múltiples tareas regularmente y que depende en gran medida de este dispositivo para tareas personales y profesionales, considero crucial tener capacidades de multitasking más rápidas. actualizar la ram existente podría mejorar significativamente mi productividad. ¿podría proporcionarme información sobre las soluciones de actualización disponibles o modelos alternativos que satisfagan estas necesidades? gracias por su ayuda. espero su pronta respuesta. saludos cordiales, <name>",tech online store
"urgente: necesidad de actualización del firmware del enrutador estimado equipo de soporte al cliente, estoy escribiendo para llamar su atención sobre ciertos problemas de rendimiento y vulnerabilidades de seguridad que afectan la estabilidad de nuestra red, especialmente en lo que respecta al enrutador cisco isr4331. dada la naturaleza crítica de estos problemas, solicitamos orientación y una solución inmediata para actualizar el firmware de este enrutador para abordar los desafíos de manera efectiva. con el tiempo, hemos notado una caída significativa en el rendimiento de la red, acompañada de tiempos de inactividad frecuentes e inexplicables, lo que interrumpe gravemente nuestras operaciones comerciales. no solo estos problemas de rendimiento desaceleran nuestras velocidades de procesamiento, sino que también exponen potencialmente nuestros sistemas a amenazas maliciosas, ya que el firmware actual tiene varias vulnerabilidades identificadas. hasta ahora, los intentos de resolver estas dificultades mediante métodos de solución de problemas estándar han proporcionado un alivio mínimo o simplemente han resultado infructuosos. entendemos que una versión de firmware actualizada incorpora los últimos parches de seguridad, mejoras de rendimiento y mejoras de estabilidad necesarias para mantener un ecosistema de red optimizado, lo que nos lleva a buscar esta actualización a la brevedad. por lo tanto, me estoy comunicando con su experiencia, solicitando instrucciones detalladas o asistencia sobre la programación y ejecución de este procedimiento de actualización. también infórmenos si los servicios a los que estamos suscritos cubren soporte técnico junto con estos parches. agradeceremos su pronta respuesta a '<email>' o alternativamente vía llamada al '<tel_num>', asegurándonos de una continua seguridad y eficiencia en nuestras operaciones de red. gracias por su atención y apoyo inmediato. atentamente, <name> <acc_num>",it services
"problemas con la activación de norton antivirus plus estimado/a <name>, estoy enfrentando complicaciones para activar mi norton antivirus plus. aunque he seguido las instrucciones proporcionadas, el procedimiento de activación no funciona. mi número de cuenta es <acc_num>. agradecería tu ayuda para solucionar este inconveniente a la mayor brevedad. gracias. atentamente, <name>",it services
"asistencia necesaria: gestión de contraseñas de chrome y comprensión de las características de seguridad hola, espero que este mensaje te encuentre bien. estoy escribiendo para buscar tu consejo sobre cómo gestionar varias contraseñas del navegador chrome en los diferentes dispositivos que poseo. tras actualizar recientemente a la última versión, google chrome 102.0, estoy ansioso por entender las nuevas características de seguridad que ofrece para proteger información sensible. ¿podrías proporcionarme orientación sobre las mejores prácticas para sincronizar contraseñas de forma segura, así como cualquier característica de seguridad adicional disponible en esta versión? quiero asegurarme de que mis datos permanezcan protegidos o, si es necesario, mejorar la configuración del navegador para precauciones óptimas de seguridad. tu ayuda sería muy apreciada mientras navego por estas funcionalidades. gracias por tu ayuda. saludos cordiales, <name>",tech online store
"necesito asistencia para la respuesta de consultas lentas en mysql 8.0.30 estimado cliente de soporte de servicios de ti, me dirijo a ustedes para solicitar asistencia con respecto a los problemas de rendimiento que estamos enfrentando con nuestra base de datos mysql 8.0.30. hemos notado que las respuestas a las consultas se han vuelto significativamente lentas, lo que está impactando nuestra productividad general y el rendimiento de la aplicación. creemos que puede ser necesaria una optimización del rendimiento para resolver estos problemas. ya hemos intentado optimizar los índices y ejecutar diagnósticos, pero desafortunadamente, el problema persiste. sospechamos que podría estar relacionado con configuraciones específicas de la versión de mysql o cuellos de botella de recursos. ¿podrían por favor aconsejarnos sobre las posibles optimizaciones que deberíamos considerar o ayudarnos a solucionar estos problemas de manera más efectiva? cualquier orientación o recomendación experta de su equipo sería muy apreciada. nuestro número de cuenta es <acc_num>, y estamos disponibles para más discusiones en su primera conveniencia. gracias por su atención a este asunto. atentamente, <name> equipo de soporte de <company> contacto: <tel_num>",it services
"solicitud de intercambio de impresora: canon pixma mg3620 hola equipo de soporte al cliente, espero que este mensaje les encuentre bien. me pongo en contacto con ustedes para abordar un problema que he estado experimentando con mi impresora canon pixma mg3620, que compré en la tienda en línea tech. la impresora ha fallado persistentemente en entregar una calidad de impresión satisfactoria, a pesar de múltiples intentos de solucionar el problema según el manual proporcionado y los recursos en línea. el problema implica salidas de impresión inconsistentes, incluyendo rayas y manchas en los materiales impresos, incluso después de realizar múltiples limpiezas de cabezales y alinear los cabezales de impresión. también he intentado usar diferentes tipos de papel y verificado los cartuchos de tinta por errores de instalación sin éxito. desafortunadamente, esto ha dejado a la impresora efectivamente inutilizable para mis necesidades actuales, que incluyen la preparación de documentos y fotos de alta calidad. dado que la canon pixma mg3620 todavía está dentro del período de garantía y mis esfuerzos continuos por resolver este problema no han tenido éxito, solicito un intercambio por una nueva unidad. creo que una impresora de reemplazo cumpliría mejor con mis necesidades y proporcionaría la calidad esperada de los productos canon. para facilitar este proceso, por favor háganme saber los pasos requeridos para iniciar el intercambio y si hay términos o condiciones específicos de los que deba estar al tanto. puedo proporcionar cualquier documentación necesaria, incluyendo mi recibo de compra original y los detalles de la tarjeta de garantía. mi número de cuenta es <acc_num>, y pueden contactarme al <tel_num> para cualquier consulta o aclaración adicional. por favor, háganme saber si se necesita información adicional de su parte. gracias por atender este asunto con prontitud. espero su respuesta y una resolución a este problema. aprecio su apoyo y comprensión. atentamente, <name>",tech online store
"solicitud de configuración del servidor hola, me pongo en contacto para solicitar modificaciones en la configuración actual del servidor respecto a nuestro servicio de consultoría de ti. nuestro objetivo es mejorar la eficiencia de entrega de correos electrónicos sin interrumpir las operaciones en curso. ¿podría ayudar a implementar estos ajustes a la mayor brevedad posible? gracias por su apoyo. saludos cordiales, <name> <acc_num>",it consulting firm
"el cliente reportó inconvenientes con la instalación de kaspersky internet security 2024 estimado equipo de atención, estoy enfrentando problemas para instalar kaspersky internet security 2024. ¿serían tan amables de ofrecerme ayuda para solucionar esta situación? gracias, <name>",it services
"problema de tiempo de inactividad de jira estimado soporte al cliente, experimentamos un tiempo de inactividad inesperado con jira software 8.20, impactando severamente el seguimiento de nuestros proyectos y los plazos de alta prioridad. esto ha interrumpido el flujo de trabajo entre los equipos. por favor, prioricen la resolución de este problema. necesitamos asistencia inmediata para cumplir con nuestros plazos críticos del proyecto. saludos, <name>",software development company
"solicitud de intercambio de alta prioridad estimado soporte, estoy solicitando un intercambio inmediato por el dañado samsung qled qn90a comprado bajo el número de cuenta <acc_num>. por favor, prioricen este asunto con urgencia. saludos, <name>",tech online store
"urgente: problema de parpadeo en la pantalla del surface pro 7 estimado soporte al cliente, me pongo en contacto para informar un problema con mi microsoft surface pro 7. la pantalla parpadea intermitentemente durante trabajos de alta prioridad, lo que interrumpe significativamente mis tareas. este problema requiere atención urgente ya que afecta mi productividad y eficiencia. por favor, aconsejen los pasos que puedo seguir para resolver este asunto de manera rápida. tengo la esperanza de una solución rápida ya que dependo en gran medida de este dispositivo para mi trabajo. gracias por su asistencia inmediata. atentamente, <name>",it services
"problema de inestabilidad de red el router cisco isr4331 se desconecta a menudo, interrumpiendo las comunicaciones críticas durante las conferencias empresariales.",it services
"hola soporte de tech online store, estoy escribiendo para solicitar la adición de más opciones de integración de usuarios dentro de los canales de slack, específicamente para la colaboración de nuestro equipo de ventas. actualmente estamos utilizando slack versión 4.23.0 y agradeceríamos mucho mejoras para mejorar la eficiencia del flujo de trabajo y la comunicación. gracias por considerar nuestra solicitud. atentamente, <name>",tech online store
"problemas con la implementación de aws estimado equipo de soporte al cliente, les escribo para llamar su atención inmediata sobre un problema crítico que estamos enfrentando con el servicio de gestión de aws. hemos encontrado dificultades significativas durante la implementación de una instancia de aws, lo que está causando interrupciones en el servicio para nuestras operaciones. estas interrupciones están afectando gravemente nuestra capacidad para atender a los clientes de manera efectiva y mantener operaciones comerciales fluidas. hasta ahora, nuestro equipo interno ha intentado varias estrategias para corregir los errores de configuración que causan este problema de implementación. a pesar de estos esfuerzos, el problema persiste y no hemos podido identificar la causa raíz. las interrupciones han escalado a un nivel en el que están afectando nuestros sla y las expectativas de los clientes. tenemos una necesidad urgente de su experiencia y asistencia para resolver este problema lo más rápido posible. ¿podrían asignar a un especialista para investigar los errores de configuración a la mayor brevedad? una respuesta rápida y un esfuerzo colaborativo para diagnosticar y solucionar el problema serían muy apreciados. si es necesario, estamos disponibles para una llamada de conferencia para proporcionar detalles específicos y colaborar con su equipo técnico. por favor, háganos saber un momento adecuado para que su equipo se comunique con el nuestro. gracias por su atención urgente a este asunto. atentamente, <name>",it services
"actualización de firmware necesaria estimado soporte de servicios informáticos, espero que este mensaje le encuentre bien. hemos sido informados de que nuestro router de nivel empresarial god-admin, cisco isr4331, requiere una actualización de firmware. esta actualización es esencial debido a los recientes parches de seguridad que deben aplicarse para mantener la seguridad y eficiencia de nuestras operaciones de red. ¿podría por favor guiarnos a través de los pasos necesarios para actualizar el firmware, o si es necesario, programar una ventana de mantenimiento para realizarla? gracias por su pronta atención. atentamente, <name>",it services
"urgente: desconexiones de zoom 5.11.0 estimado soporte al cliente, estoy escribiendo para informar que los usuarios están experimentando desconexiones inesperadas durante sesiones activas de videoconferencia en la versión 5.11.0 de zoom. este problema interrumpe reuniones importantes y afecta la productividad. solicitamos amablemente una solución inmediata o orientación sobre cómo resolver este problema. gracias, <name> <tel_num> <email>",software development company
"reembolso urgente requerido estimado soporte de la tienda en línea de tech, mi nombre es <name>, y me estoy comunicando en relación con un cobro excesivo en mi suscripción anual de office 365. al revisar mi factura reciente, noté que se me facturó incorrectamente. por favor, ajuste este error de inmediato y procese el reembolso necesario a mi cuenta <acc_num>. para más detalles, contáctame en cualquier momento al <tel_num>. espero una resolución rápida. gracias por su atención a este asunto. atentamente, <name>.",tech online store
"urgente: error de facturación en la compra de macbook air m1 estimado equipo de soporte, he encontrado un error de facturación en mi compra reciente del macbook air m1. la factura refleja un precio más alto que el anunciado. por favor, aborden esta discrepancia. detalles del pedido: número de cuenta <acc_num>. gracias por su pronta asistencia. saludos, <name>.",tech online store
"problema de facturación con la suscripción a office 365 hola equipo de atención al cliente, espero que este mensaje los encuentre bien. estoy escribiendo para solicitar una aclaración sobre un problema de facturación relacionado con mi suscripción a microsoft office 365. recientemente, noté un cargo inesperado en mi cuenta <acc_num> después de la renovación de mi suscripción, y me gustaría entender los términos asociados con ello. ¿podrían proporcionarme información detallada sobre el ciclo de facturación o cualquier cambio reciente en los precios que pudiera haber afectado mi cuenta? además, si hubo descuentos promocionales aplicados anteriormente que ahora han expirado y han llevado a este cargo, agradecería que me informaran sobre eso también. entender estos detalles es crucial para mí a la hora de tomar decisiones sobre mi uso futuro de los servicios de suscripción proporcionados por su estimada empresa. por favor, hágame saber si necesitan más información de mi parte o si sería preferible una llamada telefónica. pueden comunicarse conmigo al <tel_num>. gracias por su ayuda. saludos cordiales, <name>",tech online store
"interrupción del enrutador cisco estimado soporte al cliente, les escribo para informarles sobre un problema técnico de alta prioridad que estamos experimentando con el enrutador cisco isr4331. el error asociado con este equipo ha llevado a una interrupción completa del servicio, afectando a múltiples clientes, lo que requiere atención y resolución inmediatas. este problema fue detectado por primera vez el <date>, y ha impactado severamente nuestra entrega de servicios. hemos recibido numerosos informes de clientes que no pueden acceder a sus servicios, y esto está causando interrupciones operativas significativas para ellos. parece que el enrutador no puede mantener la conectividad y esta interrupción es consistente en varias redes vinculadas. hemos verificado todas las conexiones y configuraciones para asegurarnos de que el problema no reside en nuestros sistemas internos. en consecuencia, sospechamos firmemente de una falla originada en el hardware o firmware del enrutador que necesita una investigación urgente. dada la naturaleza crítica de este problema, estamos escalando este asunto a la más alta prioridad. nuestros clientes dependen de nosotros para un servicio confiable y es imperativo que esta interrupción se resuelva rápidamente para minimizar más pérdidas y restaurar la confianza de los afectados. agradeceríamos que pudieran despachar un equipo técnico senior para evaluar y abordar la causa raíz a la brevedad. ¿podrían por favor confirmar la recepción de esta comunicación y proporcionar orientación sobre los siguientes pasos? confiamos en su competencia y dependemos de su experiencia para ayudarnos a restaurar la funcionalidad completa lo más pronto posible. para fines de documentación, nuestro número de cuenta es <acc_num>. por favor, contáctenos a través de este correo electrónico o al <tel_num> si requieren más información o aclaraciones. gracias por su pronta atención a este asunto crítico. saludos cordiales, <name> equipo de servicios de ti",it services
solicitando asistencia urgente para optimizar el rendimiento lento de la base de datos mysql 8.0.30,it services
"solicitud de cambio en la configuración del servidor estimado soporte al cliente, estoy escribiendo para solicitar un cambio en la configuración del servidor para mejorar el rendimiento de nuestro servicio de consultoría de ti. estamos experimentando problemas de velocidad y eficiencia, y creemos que optimizar la configuración del servidor beneficiará enormemente nuestro servicio. por favor, háganos saber el proceso a seguir para esta solicitud. gracias por su asistencia. atentamente, <name>, gerente de ti en <company_name>.",it services
"conexión inalámbrica defectuosa de canon pixma mg3620 estimado soporte de tech online store, recientemente compré una impresora canon pixma mg3620 en su tienda, pero desafortunadamente, he encontrado un problema con su conexión inalámbrica. la impresora se desconecta frecuentemente del wi-fi, lo que hace imposible su uso. he intentado varios pasos de solución de problemas, pero sin éxito. ¿podría ayudarme a procesar un reemplazo o unidad de intercambio? mi número de cuenta es <acc_num>. puede contactarme al <tel_num> si necesita más información. gracias por su ayuda. atentamente, <name>",tech online store
"asistencia requerida para la configuración del despliegue de software estimado soporte al cliente de la empresa de consultoría de ti, espero que este mensaje te encuentre bien. me pongo en contacto para solicitar asistencia con un problema que estoy experimentando respecto a la configuración para el despliegue de software en la configuración de ti de mi empresa. recientemente contratamos los servicios de consultoría en ti de su firma para optimizar nuestras operaciones; sin embargo, hemos encontrado algunos desafíos durante la fase de implementación. específicamente, los ajustes de configuración proporcionados no parecen alinearse con nuestra infraestructura existente, lo que provoca problemas de conectividad y retrasos en el despliegue de software. he seguido de cerca las pautas incluidas en el manual de servicio, pero no he visto ninguna mejora en el rendimiento del sistema. para asegurar que la implementación progrese sin problemas, requiero más orientación sobre este asunto. ¿podría su equipo proporcionar apoyo adicional o recursos que nos ayudaran a resolver estos problemas de manera expedita? sería muy apreciado si un especialista técnico pudiera revisar nuestros ajustes de configuración a la mayor brevedad posible. gracias por su atención y pronta asistencia. espero su respuesta. atentamente, <name> <acc_num> <tel_num>",it consulting firm
"aclaración necesaria sobre los detalles de pago hola, equipo de soporte al cliente, espero que este mensaje te encuentre bien. me pongo en contacto para buscar una aclaración sobre los detalles de pago asociados con mi servicio de gestión de suscripciones de aws, específicamente bajo su servicio de gestión de aws. parece que podría haber algunas discrepancias o cargos adicionales que no anticipé, y agradecería su orientación para resolver este asunto. ¿podrían proporcionar un desglose detallado de los cargos recientes a mi número de cuenta <acc_num>? noté particularmente un cargo con fecha 10/05/2023, que fue inesperadamente más alto de lo habitual. entender los componentes específicos que contribuyen a estos cargos será de gran ayuda. además, si hay algún cambio próximo en las tarifas del servicio o algún tipo de ofertas promocionales disponibles que puedan afectar futuras facturas de servicio, agradecería que me informaran al respecto. si necesitan más información de mi parte, no duden en responder a este correo electrónico o contactarme directamente a mi número de teléfono <tel_num>. espero su pronta respuesta para aclarar estos detalles. gracias por su atención y asistencia. atentamente, <name>",it services
"problema de rendimiento con el dell xps 13 9310 demo estimado servicio de atención al cliente, escribo para expresar mis preocupaciones sobre el rendimiento del dell xps 13 9310 ultrabook que encontré durante una demostración previa a la venta en su tienda. mientras el dispositivo mostraba sus capacidades, observé frecuentes retrasos y problemas de sobrecalentamiento, los cuales fueron inesperados para este modelo. creo que esto podría afectar la percepción de los clientes potenciales. por favor, investiguen el problema y aconsejen sobre las acciones que se están tomando para resolver o explicar esta anomalía de rendimiento. su pronta atención a este asunto sería muy apreciada. gracias, <name> <acc_num>",tech online store
"urgente: se necesita resolución de error de jira software 8.20 estimado servicio de atención al cliente, espero que este mensaje lo encuentre bien. estoy encontrando un error dentro del sistema de tickets durante las actividades de gestión de proyectos en curso con jira software 8.20. este problema ha estado interrumpiendo el flujo de trabajo y requiere una resolución urgente para prevenir más retrasos. por favor, contáctame al <tel_num> o envíame un correo electrónico para programar una sesión de solución de problemas. su pronta asistencia para resolver este asunto sería muy apreciada. gracias por su atención. atentamente, <name>",software development company
"discrepancias de facturación estimado equipo de soporte al cliente, espero que este mensaje los encuentre bien. estoy escribiendo para expresar mi preocupación respecto a algunas discrepancias de facturación que noté recientemente con mi suscripción al servicio de gestión de aws, asociada con el número de cuenta <acc_num>. estas discrepancias involucran cargos inesperados que aparecieron en mi último estado de cuenta con fecha [insert date here], específicamente notados como ocurridos en [list specific dates if applicable]. después de revisar el uso de mi servicio, encontré que los cargos facturados no corresponden con la actividad y los servicios utilizados según el entendimiento y acuerdo que firmé al comienzo de nuestra relación de servicio. agradecería si pudieran proporcionar un desglose detallado y aclaración sobre estos cargos para ayudar a resolver lo que parece ser un malentendido o error. por ejemplo, se notaron cargos más altos por transferencia de datos que no se alinean con nuestra utilización promedio de datos, además de tarifas de servicio adicionales que se aplicaron bajo características de cuenta inesperadas. dado que estas inexactitudes pueden afectar significativamente nuestro presupuesto, dada la naturaleza extensa de los servicios a los que estamos suscritos, una pronta resolución a estas discrepancias sería increíblemente útil. ¿podrían confirmar la naturaleza de estos cargos o ajustarlos si ha habido algún descuido? además, agradecería orientación sobre cómo evitar discrepancias continuas en el futuro. en caso de que se requiera documentación adicional o evidencia de mi parte, por favor háganmelo saber y les ayudaré lo antes posible. gracias por su pronta atención a este asunto. espero su rápida respuesta, aclarando los cargos y asegurando procesos de facturación precisos en futuros períodos. pueden contactarme en cualquier momento al <tel_num>. saludos cordiales, <name>",it services
"estimado equipo de soporte al cliente, espero que este mensaje los encuentre bien. les escribo para informarles sobre un incidente de alta prioridad que ocurrió recientemente durante el despliegue de una aplicación de javascript react. el incidente ha causado retrasos significativos en nuestro cronograma del proyecto, lo cual se ha vuelto bastante preocupante a medida que nos acercamos a la fecha límite del proyecto. el problema ha surgido mientras utilizábamos su servicio de desarrollo de aplicaciones javascript react y parece estar afectando la funcionalidad principal del proceso de despliegue de la aplicación. desafortunadamente, esta interrupción está impactando la capacidad de nuestro equipo para entregar los servicios que prometimos a nuestros clientes, influyendo específicamente en nuestra productividad y eficiencia. hemos revisado a fondo nuestros procesos internos para asegurarnos de que el problema no provenga de nuestra parte. a pesar de nuestros esfuerzos, no hemos podido identificar la causa raíz sin su visión técnica especializada y asistencia. en consecuencia, agradeceríamos que pudieran investigar este asunto con urgencia y proporcionarnos orientación sobre cómo resolver la situación de manera eficiente. por favor, háganme saber su opinión inmediata y los horarios disponibles para una llamada para discutir esto más a fondo. gracias por abordar este asunto urgente con prioridad. su pronta respuesta será muy apreciada. atentamente, <name> <company_name> número de contacto: <tel_num>",it services
"ayuda necesaria con el problema de suscripción de norton antivirus estimado equipo de soporte, requiero asistencia con mi suscripción a norton antivirus plus. mi cuenta, a nombre de <name> y con el número de cuenta <acc_num>, está enfrentando algunos inconvenientes. agradecería su pronta atención para solucionar este tema. por favor, contáctenme al <tel_num>. muchas gracias. atentamente, <name>",it services
"asistencia requerida: problemas de conectividad de la hp deskjet 3755 estimado cliente del soporte técnico de la tienda en línea, espero que este mensaje te encuentre bien. estoy escribiendo para solicitar asistencia respecto a mi impresora hp deskjet 3755, que compré en su tienda en línea hace unos meses. desafortunadamente, he estado experimentando problemas de conectividad, específicamente con su configuración inalámbrica. al intentar conectar la impresora a mi red wi-fi, la impresora no reconoce la señal de la red. asegurándome de que la red funcione, he intentado todos los pasos de solución de problemas preliminares, como reiniciar mi enrutador e impresora, verificar las credenciales de la red y asegurarme de que todos los dispositivos estén dentro de la proximidad cercana para una señal óptima. a pesar de estos esfuerzos, el problema persiste, impactando significativamente mi capacidad para imprimir documentos de forma inalámbrica. dada la situación, agradecería si pudieran proporcionar orientación detallada o instrucciones específicas sobre cómo resolver este asunto. también sería útil si me pueden informar sobre cualquier actualización necesaria del firmware o si existen problemas conocidos con este modelo de impresora en lo que respecta a la conectividad inalámbrica. por favor, háganme saber si requieren información adicional como los detalles de compra o las credenciales del usuario para ayudarme más. espero su pronta respuesta con una solución adecuada a este problema. gracias por su apoyo. atentamente, <name> <email>",tech online store
"asistencia requerida para la navegación en amazon estimado equipo de atención al cliente, me comunico para solicitar orientación sobre cómo navegar de manera eficiente por la plataforma de amazon para localizar descuentos en electrónica durante el próximo evento de ventas. ¿podrían proporcionarme asistencia paso a paso o consejos útiles para encontrar fácilmente estas ofertas? gracias por su ayuda. atentamente, <name> <tel_num>",tech online store
"problema de pantalla táctil después de la instalación de la actualización de windows reciente hola, mi microsoft surface pro 7 tiene una pantalla táctil que no responde tras una actualización reciente de windows. he intentado reiniciar, pero el problema persiste. por favor, aconsejen sobre posibles soluciones. gracias, <name>, número de cuenta <acc_num>, teléfono <tel_num>",tech online store
"solicitud de cambios en la configuración de facturación de aws estimado soporte al cliente de servicios de ti, espero que este mensaje lo encuentre bien. estoy escribiendo para solicitar cambios en nuestra configuración de facturación de aws bajo el servicio de gestión de aws para optimizar costos y mejorar el seguimiento del uso de recursos. hemos notado que nuestra configuración actual no proporciona suficientes datos para una gestión eficiente de los recursos. por favor, aconseje sobre posibles estrategias o herramientas que se puedan implementar para mejorar nuestra estructura de facturación. además, solicitamos asistencia para modificar la configuración existente para rastrear mejor el consumo de recursos y la eficiencia de costos. gracias por su ayuda, y espero su respuesta. saludos cordiales, <name> <company_name>",it services
"estimado servicio de atención al cliente, estoy escribiendo para informar sobre un problema urgente que estoy experimentando con visual studio code (versión 1.70). después de la reciente actualización, he encontrado un problema serio al intentar depurar extensiones. la aplicación se congela y se bloquea constantemente durante el proceso de depuración, lo que obstaculiza significativamente mi flujo de trabajo. antes de la actualización, nunca enfrenté tales interrupciones, lo que me hace sospechar que podría estar relacionado con los cambios recientes. he intentado métodos de solución de problemas estándar, incluyendo reinstalar las extensiones y borrar cualquier dato almacenado en caché, pero el problema persiste. este problema está afectando mi productividad, especialmente porque dependo de este ide para mis tareas diarias de desarrollo. solicito amablemente asistencia urgente para resolver este problema, ya que es crítico para reanudar mis tareas sin más interrupciones. si es necesario, puedo proporcionar cualquier registro necesario o información adicional para ayudar en el diagnóstico de este problema. gracias de antemano por su pronta atención a este asunto. espero su rápida respuesta. atentamente, <name>",it services
"estimado equipo de atención al cliente, mi nombre es <name> y no puedo acceder al servidor tras el reciente mantenimiento. esto es urgente ya que afecta a un proyecto de alta prioridad. utilizamos su servicio de consultoría de ti. se necesita una resolución inmediata. gracias, <name> <tel_num> <acc_num>",it consulting firm
"ayuda necesaria para la configuración del surface pro 7 hola soporte de la tienda en línea tech, ¿podrían ayudarme a configurar el teclado desmontable y a configurar las funciones de la pantalla táctil en mi microsoft surface pro 7? tengo problemas con ambas funcionalidades. gracias por su asistencia. saludos cordiales, <name>",tech online store
"urgente: discrepancia de facturación en la factura estimado equipo de soporte al cliente, estoy escribiendo para llamar su atención sobre un problema de facturación de alta prioridad relacionado con nuestra cuenta de aws management service. hemos identificado cargos incorrectos en nuestra factura más reciente, afectando significativamente nuestros cálculos de costos en la nube. al revisar los detalles, parece que hay discrepancias inesperadas en los cargos por servicios que no hemos utilizado. como empresa en crecimiento, es esencial para nosotros gestionar nuestros recursos con precisión, y estos cargos erróneos interrumpen nuestra planificación presupuestaria y financiera. apreciaríamos su investigación inmediata sobre este asunto y una pronta corrección de cualquier error encontrado. por favor, contáctenos al <tel_num> para una discusión adicional si es necesario, y dirija la resolución a nuestro gerente de cuenta, <name>, con el número de cuenta <acc_num>. su respuesta inmediata a esta consulta será muy apreciada para restaurar nuestra confianza en su sistema de facturación. gracias por su atención y cooperación. atentamente, <name>",it consulting firm
dificultad con la batería del macbook air m1.,online store
"solicitud de soluciones de gestión de aws rentables estimado equipo de soporte al cliente, espero que este mensaje les encuentre bien. mi nombre es <name>, y actualmente estoy supervisando las operaciones en la oficina de <name>. hemos estado utilizando sus servicios de gestión de aws durante el último año, y si bien el servicio ha sido satisfactorio, hemos encontrado algunos desafíos con respecto a los altos costos operativos asociados a él. a la luz de estas restricciones financieras, estamos buscando asesoramiento sobre la mejor manera de optimizar nuestros servicios de gestión de aws existentes. específicamente, estamos interesados en explorar soluciones rentables que puedan ayudar a agilizar nuestras operaciones sin comprometer el rendimiento o la fiabilidad. ¿podrían amablemente proporcionarnos información o recomendaciones sobre las opciones disponibles o ajustes que podemos considerar? entender los elementos detallados de nuestro uso de aws e identificar posibles áreas de ahorro de costos podría beneficiar enormemente nuestra planificación financiera y estrategia operativa. muchas gracias por su asistencia y por considerar nuestra solicitud. espero tener noticias suyas pronto sobre posibles soluciones o para organizar una reunión con un consultor. saludos cordiales, <name> departamento de ti de <name> contacto: <tel_num>",it services
"asistencia para problemas de arranque estimado soporte al cliente, estoy experimentando problemas de arranque con mi portátil dell xps 13 9310 que utiliza windows 10. el portátil falla frecuentemente en arrancar correctamente. agradecería cualquier orientación o consejo de resolución de problemas para resolver este problema. gracias por su asistencia. atentamente, <name>",tech online store
"asistencia con la gestión de aws estimado equipo de atención al cliente, espero que este mensaje les encuentre bien. estoy escribiendo para solicitar asistencia respecto a la optimización de costos y la configuración de facturación para los servicios en la nube de nuestra organización, actualmente gestionados a través de aws. como parte integral de nuestra infraestructura de ti, estos servicios son críticos, y cualquier mejora potencial en la eficiencia de costos sería muy beneficiosa. hemos estado aprovechando el servicio de gestión de aws para manejar nuestras instalaciones y transacciones en la nube. no obstante, a medida que nuestro uso se expande, se vuelve cada vez más importante asegurarnos de que estamos empleando los enfoques más rentables. agradeceríamos mucho si pudieran guiarnos a través de las herramientas de optimización disponibles dentro del conjunto de herramientas de gestión de aws, que podrían ser relevantes para nuestra situación. además, estamos interesados en un recorrido detallado de los métodos de configuración de facturación para asegurarnos de que nuestras cuentas estén correctamente monitoreadas y gestionadas. esto ayudaría a identificar áreas donde podrían estar ocurriendo gastos innecesarios. sería genial si su equipo pudiera brindarnos este apoyo. por favor, háganos saber un momento conveniente y cualquier paso preparatorio necesario antes de cualquier reunión. esperamos su valioso apoyo. atentamente, <name> <position> <organization> <email> <tel_num>",it services
"fallos en el despliegue y solicitud de optimización de costos estimado soporte al cliente, nuestro cliente <name> está experimentando fallos en el despliegue con su servicio de gestión de aws. también les gustaría explorar opciones para la optimización de costos de su configuración e infraestructura de aws existentes. el número de cuenta del cliente es <acc_num>. por favor, asista con este asunto a la mayor brevedad posible. puede contactarme al <tel_num>. gracias. atentamente, <name>",it services
"consulta de compatibilidad estimado servicio de atención al cliente, recientemente compré un macbook air m1 en su tienda. necesito saber si este modelo es compatible con mi configuración de monitor inalámbrico externo. por favor, proporcione la información necesaria a la mayor brevedad posible. gracias, <name>",tech online store
"solicitud de asistencia para configuración estimado equipo de soporte al cliente, espero que este mensaje los encuentre bien. estoy escribiendo para solicitar ayuda con la configuración de nuestras nuevas tabletas microsoft surface pro 7 en nuestro entorno corporativo. tenemos algunos dispositivos que requieren configuración y despliegue para asegurar su funcionalidad completa. por favor, infórmenme sobre cómo podemos proceder con la configuración o arreglar la asistencia de soporte. pueden contactarme en <tel_num> o <email>. gracias por su ayuda. saludos cordiales, <name>",tech online store
"solicitud de asistencia para herramientas de administración de servidores estimado equipo de soporte al cliente, me comunico para solicitar asistencia con la implementación de herramientas de administración de servidores, con el objetivo de optimizar nuestras soluciones de ti. actualmente utilizamos el servicio de consultoría de ti, pero enfrentamos desafíos que requieren orientación experta. ¿podrían proporcionarnos información sobre cómo podemos integrar estas herramientas de manera efectiva? cualquier recurso o apoyo que puedan ofrecer sería muy apreciado. esperamos su orientación para una implementación sin problemas y una mayor productividad. gracias, <name> <acc_num> <tel_num>",it services
"solicitud de reemplazo de teclado estimado servicio de atención al cliente, espero que este mensaje los encuentre bien. estoy escribiendo para expresar mi preocupación con respecto a una compra reciente realizada en su tienda online de tecnología. pedí un teclado logitech mx keys, que lamentablemente se ha vuelto inoperativo. dada la prominencia de su tienda en la provisión de productos tecnológicos de calidad, estoy bastante sorprendido por este acontecimiento. el teclado fue pedido bajo mi número de cuenta <acc_num> y fue entregado el <date_of_delivery>. a pesar de haber intentado varios pasos de solución de problemas recomendados para tales dispositivos, incluyendo la verificación de las conexiones, el reemplazo de baterías y la actualización de controladores, el problema persiste. creo que el producto puede haber sido defectuoso desde el principio. de acuerdo con su política de satisfacción del cliente, solicito amablemente un reemplazo para el producto no funcional. entiendo que pueden surgir problemas ocasionalmente con productos tecnológicos, y confío en que su empresa valora el servicio al cliente y abordará esta preocupación rápidamente. ¿podrían guiarme a través de los pasos necesarios o la documentación requerida para el procesamiento de este reemplazo? además, si es necesario, mi información de contacto es la siguiente: número de teléfono <tel_num>; correo electrónico <email_address>. gracias por su pronta atención a este asunto. espero resolver este problema de manera oportuna y recibir un reemplazo que cumpla con los altos estándares esperados de un producto tan reputable. atentamente, <name>",tech online store
"problemas persistentes con la impresión inalámbrica estimado servicio al cliente, estoy experimentando problemas persistentes de conexión inalámbrica con mi nueva hp deskjet 3755. a pesar de seguir cuidadosamente las instrucciones iniciales proporcionadas, no logro establecer una conexión confiable para la impresión inalámbrica. este problema está causando una inconveniencia significativa. ¿podría ayudarme a resolver este asunto lo antes posible? mi número de cuenta es <acc_num>. agradecería mucho su pronta respuesta. gracias, <name> contacto: <tel_num>",it services
"impacto de la interrupción de aws en los servicios estimado equipo de soporte de la firma de consultoría de it, espero que este mensaje les encuentre bien. les escribo para expresar mi preocupación respecto a una importante interrupción del servicio que estamos experimentando, la cual parece estar relacionada con su servicio de gestión de aws. valoramos el papel estratégico que su firma desempeña en nuestras operaciones de ti, pero desde esta mañana, hemos encontrado una interrupción inesperada en nuestra infraestructura en la nube de aws que ha hecho que componentes críticos de nuestro sistema sean inaccesibles. este problema no solo está afectando nuestra eficiencia operativa diaria, sino que también impacta a nuestros clientes que dependen en gran medida de un acceso ininterrumpido a nuestros servicios. considerando la naturaleza fundamental del servicio de gestión de aws en nuestra configuración, insto a una rápida investigación y resolución. nuestro equipo ha identificado varias llamadas, correos electrónicos y tickets de ayuda, ya que los intentos internos de resolver esto no han tenido éxito. por favor, háganos saber si hay información adicional que podamos proporcionar que ayudaría a acelerar el proceso. se agradecería mucho que su equipo pudiera proporcionar un plazo estimado de cuando se puede esperar una resolución. además, agradecería cualquier consejo o soluciones temporales que puedan sugerir para mitigar el impacto mientras se resuelve el problema principal. gracias por su pronta atención a este asunto crítico. espero su rápida respuesta y resolución. atentamente, <name> compañía: <company_name> número de cuenta: <acc_num> teléfono: <tel_num>",it consulting firm
solicitud de asistencia para servicios de ti necesito ayuda con el desarrollo de software y la gestión del servidor.,it services
"ayuda necesaria: problema de parpadeo del monitor estimado equipo de soporte al cliente de tech online store, me pongo en contacto con ustedes para informarles sobre un problema que estoy enfrentando con mi dell xps 13, modelo 9310, que compré hace unos meses en su establecimiento. últimamente, he observado un parpadeo en la pantalla que ocurre de manera errática, especialmente mientras que altero frecuentemente los ajustes de brillo durante su uso. esto ha creado una considerable inconveniencia, interrumpiendo mi flujo de trabajo y ejerciendo presión sobre mi vista. he llevado a cabo algunos pasos de solución de problemas iniciales, como actualizar los controladores del dispositivo y confirmar que el sistema operativo está actualizado; sin embargo, estas acciones no rectificaron el problema. también examiné las conexiones físicas, y todo parece estar en orden. considerando la naturaleza continua de este problema, estoy buscando consejo sobre los próximos pasos a seguir. ¿debería llevar la computadora portátil a una de sus ubicaciones de servicio para una evaluación, o hay alguna posibilidad de que pueda recibir asistencia de manera remota? además, me gustaría información sobre si este problema está dentro de las condiciones de garantía de mi compra. ¿podrían informarme sobre la documentación que necesitaré presentar, junto con cualquier instrucción adicional? me gustaría resolver este asunto lo antes posible para poder seguir utilizando la computadora portátil de manera efectiva para mi trabajo. gracias por su ayuda. saludos cordiales, <name> <tel_num> <email_id>",tech online store
"asistencia requerida para reclamo de garantía hola equipo de soporte de tech online store, soy <name>, y me estoy comunicando respecto a un problema con mi ultrabook dell xps 13 9310 que compré recientemente. desafortunadamente, el dispositivo no enciende y necesito asistencia para iniciar un reclamo de garantía. compré esta laptop en su tienda en línea el 18 de septiembre de 2023 y fue enviada a mi dirección el 25 de septiembre de 2023. a pesar de seguir todas las instrucciones de configuración inicial, la laptop sigue sin responder. he intentado los pasos básicos de solución de problemas que se indican en el manual del usuario, sin embargo, el dispositivo aún no enciende. mi número de cuenta es <acc_num>. ¿podrían guiarme a través del proceso de garantía y decirme los próximos pasos? es importante que aborde este problema de inmediato ya que mi trabajo depende en gran medida de este dispositivo. gracias por su ayuda. saludos cordiales, <name>. número de contacto: <tel_num>.",tech online store
"asistencia requerida para la configuración del almacenamiento de azure estimado equipo de atención al cliente de servicios de ti, espero que este mensaje les encuentre bien. mi nombre es <name> y actualmente estoy gestionando nuestra infraestructura de ti que depende en gran medida de sus soluciones de azure. estamos experimentando algunos desafíos con la configuración de los permisos para nuestra cuenta de almacenamiento de azure, específicamente con el objetivo de optimizar nuestro flujo de trabajo y mejorar la eficiencia operativa de nuestro equipo. hemos intentado ajustar la configuración de permisos para alinearnos con los requisitos de nuestro proyecto, pero hemos encontrado problemas inesperados. estos problemas han resultado en un acceso restringido para ciertos miembros del equipo, lo que está impactando nuestros plazos de proyecto. necesitamos urgentemente orientación para configurar adecuadamente estos ajustes y asegurar una colaboración fluida dentro de nuestro equipo. si es necesario, estamos disponibles para una consulta programada o una sesión de asistencia remota en el momento que les sea más conveniente. buscamos su experiencia para identificar la configuración de permisos adecuada que se ajuste a las necesidades de nuestra organización manteniendo la seguridad como prioridad. por favor, háganos saber los siguientes pasos a seguir y si requieren información adicional para ayudarnos. pueden comunicarse conmigo directamente al <tel_num> o responder a este correo electrónico, y me aseguraré de responder rápidamente. gracias por su pronta atención a este asunto. atentamente, <name>",it services
"preguntas sobre la garantía estimado equipo de soporte de tech online store, tengo algunas preguntas sobre el plan de garantía extendida disponible para la impresora canon pixma mg3620. ¿podrían brindarme información detallada sobre lo que está cubierto, la duración y el costo involucrado? ¡gracias! atentamente, <name>",tech online store
pycharm 2024.2 se bloquea al ejecutar herramientas de análisis de código. necesito ayuda urgente.,software development company
"asistencia requerida para problemas persistentes de atascos de papel con la impresora canon estimado soporte al cliente, estoy escribiendo para informar sobre problemas persistentes de atascos de papel con mi impresora canon pixma mg3620. el problema ocurre durante la impresión de la documentación de salida ligera. me he asegurado de que el papel no esté sobrecargado y también he revisado si hay obstrucciones visibles. a pesar de estos esfuerzos, el problema persiste. ¿podría proporcionarme más asistencia o sugerir pasos adicionales de solución de problemas? el número de serie de mi impresora es <acc_num>. gracias por su pronta atención a este asunto. atentamente, <name> <tel_num>",tech online store
"urgente: problemas de conectividad repetidos con el enrutador estimado soporte al cliente, estamos experimentando interrupciones frecuentes en nuestros servicios de red debido a que el enrutador cisco isr4331 pierde repetidamente la conexión a internet. este problema afecta significativamente nuestras operaciones empresariales. ¿podría proporcionar asistencia inmediata para diagnosticar y resolver estos problemas de conectividad? su pronta atención a este incidente de alta prioridad sería muy apreciada. saludos cordiales, <name> <company>",it services
"frecuentes bloqueos en dell xps 13 después de la actualización estimado soporte al cliente de tech online store, mi dell xps 13 9310 se bloquea frecuentemente después de una actualización reciente. esto está afectando gravemente mi trabajo y productividad en línea. por favor, asesórenme sobre los siguientes pasos o posibles soluciones.",tech online store
"solicitud de cambios en el panel de gestión de aws estimado supporte al cliente de servicios de ti, me dirijo a ustedes para solicitar algunos cambios en el panel de gestión de aws, específicamente relacionados con la actualización de los ajustes de escalado automático de despliegue. la configuración actual no apoya completamente nuestros objetivos de optimización de costos, y creo que algunos ajustes podrían mejorar nuestra eficiencia. ¿podrían, por favor, brindar asistencia para reconfigurar estos ajustes? su experiencia en estas modificaciones sería muy valorada. por favor, háganos saber los pasos que debemos seguir o si se requiere información adicional. gracias por su ayuda para resolver este asunto. saludos cordiales, <name>",it services
"informe de incidente: problema con el inicio de instancias de aws estimado equipo de soporte de servicios de ti, les escribo para llamar su atención sobre un problema urgente que estamos experimentando actualmente con el servicio de gestión de aws. nuestras instancias de aws están fallando al iniciar, lo que ha interrumpido en gran medida las operaciones de computación en la nube de nuestro cliente. el incidente comenzó tarde anoche, cuando se hicieron varios intentos para lanzar las instancias. a pesar de múltiples pruebas, estos devolvieron consistentemente un mensaje de error indicando que el servidor no pudo asignar los recursos necesarios. esto parece afectar a varios clientes que dependen de la infraestructura basada en aws para sus operaciones diarias, interrumpiendo sus aplicaciones comerciales esenciales. nos hemos asegurado de que no se hayan realizado cambios recientes en la configuración de aws de nuestra parte, y nuestro equipo ya ha revisado los pasos básicos de solución de problemas, incluyendo la verificación del estado de las instancias, la verificación de la cuota y la revisión del panel de salud de aws para cualquier problema reportado.<acc_num>permanece sin resolver. debido a la naturaleza crítica de los servicios proporcionados a nuestros clientes, abordar este problema con urgencia es fundamental. dependemos mucho de su servicio de gestión de aws para una entrega de servicio fluida y sin interrupciones. por lo tanto, solicitamos su asistencia inmediata para identificar y resolver este problema para minimizar el impacto empresarial. ¿podría investigar este asunto y proporcionar orientación sobre cualquier paso adicional que podamos tomar, o si el problema radica en los propios entornos del servidor de aws? además, compartir cualquier actualización relevante sobre los **tickets**/número de archivo del sistema que abra sería invaluable para que mantengamos informados a nuestros clientes y gestionemos sus expectativas. muchas gracias por su pronta atención a este asunto. saludos cordiales, <name> <pdr_contacts details<params (e.g., phone number>:) <phone_num> <email_address> <name_d>correo electrónico: <email acoount_number>",it services
"problema con la batería del lenovo ideapad 5 estimado equipo de atención al cliente, estoy teniendo un inconveniente con la batería de mi lenovo ideapad 5. agradezco su ayuda. atentamente, <nombre>",online store
"problema de prioridad media con la conectividad inalámbrica estimado equipo de soporte de tech online store, espero que este mensaje los encuentre bien. estoy escribiendo para informar sobre un problema con la función inalámbrica de mi impresora hp deskjet 3755. el dispositivo tiene dificultades para conectarse a otros dispositivos para la impresión móvil. este problema está afectando mi productividad diaria. he intentado varios métodos de solución de problemas, incluyendo reiniciar la impresora y reconectar la red, pero desafortunadamente, ninguno ha resuelto el problema. como este es un asunto de prioridad media para mí, agradecería su pronta asistencia. por favor, hágame saber si necesita información adicional. gracias por su apoyo. atentamente, <name> número de cuenta: <acc_num> contacto: <tel_num>",tech online store
"asistencia necesaria con el teclado del surface pro 7 estimado cliente del soporte técnico de la tienda en línea, recientemente compré un microsoft surface pro 7 y tengo problemas para configurar el teclado desmontable. ¿puede proporcionar instrucciones detalladas o consejos de solución de problemas para ayudarme a hacerlo funcionar? su pronta ayuda para resolver este problema sería muy apreciada. mi número de cuenta es <acc_num>. por favor, contácteme al <tel_num> o por correo electrónico para cualquier información adicional. gracias, <name>",tech online store
"soporte urgente de aws requerido estimado servicio de atención al cliente, espero que este mensaje los encuentre bien. mi nombre es <name>, y me estoy comunicando con ustedes respecto a una solicitud urgente de soporte para optimizar los costos de nuestra infraestructura de aws y mejorar la eficiencia en el despliegue. actualmente estamos utilizando su servicio de administración de aws y hemos identificado algunos desafíos que están afectando nuestra gestión de costos y eficiencia operacional. debido a la naturaleza urgente de estos problemas, solicitamos amablemente asistencia inmediata para ayudar a abordar nuestras preocupaciones. nuestro equipo cree que al optimizar nuestra infraestructura de aws, podemos no solo controlar gastos innecesarios, sino también agilizar los procesos de despliegue. por favor, contáctenme a la brevedad posible. pueden comunicarse conmigo a través de correo electrónico o a mi número de teléfono <tel_num>. nuestro número de cuenta es <acc_num> para su referencia. gracias por su pronta atención a este asunto. atentamente, <name>",it consulting firm
"problema urgente: interrupciones en la creación de tickets de jira estimado servicio de atención al cliente, estoy escribiendo para informar sobre un problema crítico que estamos experimentando con la versión 8.20 de jira software. nuestro equipo enfrenta problemas significativos al intentar crear nuevos tickets, lo que está interrumpiendo gravemente nuestro flujo de trabajo en la gestión de proyectos. este problema está afectando nuestra productividad y requerimos una resolución inmediata. se agradecería mucho una respuesta rápida por parte de su equipo, ya que esto impacta nuestros plazos de trabajo. por favor, háganos saber qué pasos necesitamos seguir para facilitar una rápida resolución. gracias por su atención urgente a este asunto. atentamente, <name>",it services
"solicitud de soporte para problemas de adobe photoshop estimado servicio de atención al cliente, estoy experimentando bloqueos persistentes con adobe photoshop 2024, especialmente cuando intento editar cualquier proyecto. ¿podrían ayudarme a solucionar estos problemas? gracias por su pronta atención a este asunto. atentamente, <name>",it services
"incidencia con la pantalla del samsung galaxy s21 ultra adquirido en su tienda en línea estimado servicio al cliente, recientemente adquirí un samsung galaxy s21 ultra en su sitio web y estoy teniendo dificultades con la pantalla. ¿podrían orientarme sobre cómo solucionar este inconveniente o gestionar un reemplazo? gracias. atentamente, <nombre>",online store
"hola, estoy teniendo problemas con mi microsoft surface pro 7, donde la pantalla táctil a veces deja de responder. me gustaría recibir asistencia para diagnosticar el problema y estoy interesado en conocer las posibles opciones de reparación o reemplazo. por favor, hágame saber cómo podemos proceder. mi número de cuenta es <acc_num>. gracias. saludos cordiales, <name>",tech online store
"problemas intermitentes de visualización después de la actualización del firmware estimado soporte al cliente, me pongo en contacto para informar sobre un problema con mi samsung qled qn90a que compré en su tienda. después de la reciente actualización del firmware, he estado experimentando problemas intermitentes de visualización. la pantalla a veces parpadea y a veces pierde la señal por completo, lo que afecta significativamente mi experiencia de visualización. estos problemas comenzaron a ocurrir inmediatamente después de la actualización del firmware, lo que sugiere una posible causa. he intentado solucionar el problema revisando todas las conexiones y restableciendo el televisor a la configuración de fábrica, pero el problema persiste. ¿podría por favor proporcionar orientación sobre cómo resolver esto o informarme sobre los próximos pasos? si hay disponible un retroceso del firmware o una solución, sería de gran ayuda para recuperar la funcionalidad completa de mi televisor. gracias de antemano por su asistencia. espero una solución rápida. atentamente, <name> <email> <tel_num>",tech online store
"problema de conectividad wifi estimado cliente del soporte al cliente de tech online store, espero que este mensaje le encuentre bien. le escribo para solicitar asistencia con la configuración de la conectividad wifi en mi impresora epson ecotank et-4760. he seguido cuidadosamente las instrucciones proporcionadas, pero, lamentablemente, aún no puedo conectarla a mi red inalámbrica. la impresora fue comprada recientemente y creo que aún está en garantía. he intentado todos los pasos básicos de solución de problemas sugeridos en el artículo de soporte en línea, incluyendo reiniciar tanto la impresora como el router, pero el problema persiste. ¿podría usted guiarme a través de pasos adicionales de solución de problemas o confirmar si podría haber un problema de hardware con el dispositivo? aprecio su rápida respuesta a este asunto ya que dependo mucho de esta impresora para mi trabajo. si se requiere más asistencia, no dude en contactarme al <tel_num>. gracias por su apoyo. atentamente, <name>",tech online store
"solicitud de actualización de licencia de jira estimado soporte al cliente, le escribo para solicitar una actualización para nuestra licencia de jira software 8.20. la nuestra está por expirar pronto y necesitamos acceso continuo para garantizar una gestión fluida de los proyectos. por favor, ayude a renovar la licencia a la mayor brevedad posible. nuestro número de cuenta es <acc_num> y está registrado bajo <name>. gracias. saludos cordiales, <name> <tel_num>",software development company
"problema con la conectividad de la canon pixma mg3620 estimado soporte al cliente de la tienda online de tecnología, estoy experimentando problemas de conectividad inalámbrica continuos con mi impresora canon pixma mg3620. estos problemas están impidiendo la impresión a doble cara y las operaciones de impresión móvil. esta funcionalidad era una de las razones clave por las que compré este modelo, y su ausencia está afectando gravemente la usabilidad. ¿podrían por favor asesorarme sobre posibles pasos de solución de problemas o soluciones? cualquier asistencia para resolver este problema a través de recomendaciones de actualización o ajustes de configuraciones de red sería muy apreciada. gracias por su pronta atención a este asunto. atentamente, <name>",tech online store
"solución de problemas de instancias de aws estimado soporte al cliente, mi nombre es <name>, y estoy experimentando problemas intermitentes de conectividad con mis instancias de aws gestionadas bajo su plan de servicio de gestión de aws. este problema está afectando gravemente el rendimiento de nuestras aplicaciones implementadas. ¿podrían ayudarme a solucionar este problema? su pronta respuesta será muy apreciada. nuestro número de cuenta es <acc_num>. no dude en comunicarse conmigo al <tel_num> para cualquier aclaración adicional requerida. gracias por su apoyo. saludos cordiales, <name>",it services
"hola servicio al cliente, estoy experimentando un problema con microsoft office 365. después de la última actualización, el cliente de correo electrónico de outlook se cierra inesperadamente mientras escribo correos electrónicos. este problema está causando interrupciones significativas en mi lugar de trabajo. ¿pueden aconsejarme sobre una solución o arreglo para este problema? gracias, <name>",software development company
problema de error de suscripción no se puede acceder al correo electrónico y excel durante la última semana.,software development company
"asistencia para la configuración de la impresora estimado cliente del servicio de atención al cliente de tech online store, espero que este mensaje le encuentre bien. estoy escribiendo para solicitar asistencia con la configuración de la función de impresión inalámbrica de mi nueva impresora epson ecotank et-4760, que compré recientemente en su tienda. a pesar de seguir las instrucciones proporcionadas con diligencia, he encontrado algunos desafíos para hacer que la función inalámbrica funcione correctamente. inicialmente, la instalación parecía proceder sin problemas, pero ahora no puedo conectar la impresora a mi red inalámbrica, a pesar de los repetidos intentos. he intentado reiniciar tanto mi enrutador como la impresora, así como asegurarme de que ambos estén en la misma red. desafortunadamente, el problema persiste. como alternativa, intenté usar el método wps para la conexión, pero sin éxito. quería verificar si hay actualizaciones de software o controladores específicos necesarios que podría haber pasado por alto. su orientación para resolver este asunto sería muy apreciada. ¿podría proporcionarme instrucciones detalladas o posibles pasos que podría tomar para habilitar con éxito la función inalámbrica? si es necesario, estoy disponible en <tel_num> para cualquier discusión o asistencia adicional. gracias por su atención a este asunto. espero su pronta respuesta. atentamente, <name>",tech online store
"problemas de conectividad con slack 4.23.0 hola equipo de soporte al cliente, espero que este mensaje les encuentre bien. estoy escribiendo para informar sobre problemas recurrentes de desconexión e inestabilidad durante las comunicaciones del equipo utilizando slack versión 4.23.0. nuestro equipo ha estado experimentando estos problemas con frecuencia, lo que está interrumpiendo nuestro flujo de trabajo y dificultando una colaboración efectiva. no podemos mantener conexiones estables durante conversaciones grupales y privadas críticas. ¿podrían ayudar con los pasos de solución de problemas o posibles soluciones? buscamos su orientación sobre cómo resolver mejor este problema y asegurar una comunicación fluida en el futuro. gracias por su atención a este asunto. atentamente, <name> <acc_num>",software development company
"hola soporte al cliente, mi nombre es <name> y me estoy comunicando en relación a los problemas que hemos estado enfrentando con la asignación de tickets en jira software 8.20. estos problemas están afectando significativamente la eficiencia de nuestro flujo de trabajo en la gestión de proyectos, causando retrasos. no podemos asignar tickets adecuadamente, lo que está creando cuellos de botella en la ejecución del proyecto. nuestro número de cuenta es <acc_num>, y esperamos que este asunto pueda ser atendido con urgencia para restaurar nuestra productividad. por favor, asesórenos sobre cualquier paso de solución de problemas o actualizaciones disponibles. gracias. saludos, <name> <tel_num>",software development company
"dell xps 13 9310: problemas con el touchpad y sobrecalentamiento estimado servicio al cliente, soy propietario de un dell xps 13 9310 y he estado experimentando problemas con el touchpad y sobrecalentamiento desde una reciente actualización del sistema. estos problemas impactan significativamente mi flujo de trabajo. ¿podrían proporcionarme orientación o una solución? agradecería mucho su ayuda para resolver este asunto. gracias. atentamente, <name>",tech online store
"estimado cliente del soporte de tech online store, espero que este mensaje le encuentre bien. le escribo para llamar su atención sobre un problema que he encontrado con mi reciente estado de cuenta de facturación para el servicio google workspace business standard. recientemente, actualicé mi plan, esperando que los cargos se alinearan con los términos de actualización actuales. sin embargo, he recibido un cargo de facturación incorrecto de $300 en lugar de la cantidad esperada alineada con el nuevo plan de servicio. la cuenta asociada con esta actualización de plan está bajo el nombre <name>, con el número de cuenta <acc_num>. dada la situación, le agradecería si pudiera revisar mi cuenta para corregir esta discrepancia de facturación a su conveniencia. además, asegúrese de que las futuras facturas reflejen los cargos apropiados según los términos acordados del servicio mejorado. me preocupa cualquier posible cargo por retraso o intereses que puedan acumularse debido a este problema, los cuales creo que deberían ser eximidos a la luz de las circunstancias. por favor, avísenme si hay algún paso que deba seguir para rectificar este problema rápidamente. gracias por su atención a este asunto. espero su pronta respuesta y resolución. saludos, <name> <email> <tel_num>",tech online store
"solicitud de devolución de alta prioridad: macbook air defectuoso estimado cliente del soporte técnico de la tienda online, espero que este mensaje le encuentre bien. estoy escribiendo para solicitar una devolución de alta prioridad para un macbook air m1 recientemente comprado. el dispositivo presenta problemas significativos con la batería, ya que no logra mantener una carga más allá de unas pocas horas, lo cual no está de acuerdo con sus especificaciones. hice esta compra el <date> utilizando el número de pedido <order_num>. a pesar de seguir todas las configuraciones y pautas de uso recomendadas, el problema persiste. no puedo utilizar la laptop para mis tareas diarias debido a estos problemas. como dependo en gran medida de este dispositivo, le insto amablemente a que acelere el proceso de devolución. gracias por abordar este asunto con rapidez. por favor, déjame saber qué pasos debo seguir a continuación. atentamente, <name> <email> <tel_num>",tech online store
"problema de impresión inalámbrica de hp deskjet 3755 necesita resolución estimado soporte al cliente, espero que este correo electrónico le encuentre bien. estoy escribiendo para solicitar su ayuda con un problema que estoy experimentando con mi hp deskjet 3755. a pesar de reconocer correctamente la red e indicar una conexión, la impresora no responde a ninguna tarea de impresión inalámbrica. he intentado múltiples pasos de solución de problemas, como reiniciar tanto la impresora como mi módem inalámbrico, restablecer la configuración de red y asegurarme de que todos los controladores y software necesarios estén actualizados. este problema ha sido persistente y no puedo imprimir ningún documento o imagen desde mis dispositivos inalámbricos, lo que es frustrante ya que necesito imprimir materiales regularmente para fines personales y laborales. ¿podría proporcionarme orientación sobre los próximos pasos de solución de problemas o confirmar si esto podría ser un problema relacionado con el hardware que podría requerir reparación o sustitución? gracias por su atención a este asunto. espero su pronta respuesta para resolver este problema lo antes posible. saludos cordiales, <name>",tech online store
"solicitud de asistencia: problemas continuos con surface pro 7 estimado soporte al cliente de tech online store, espero que este mensaje te encuentre bien. me estoy comunicando con ustedes respecto a un problema que estoy experimentando con mi microsoft surface pro 7 adquirido en su tienda. desde que adquirí este dispositivo, he encontrado frecuentes instancias de un error de pantalla azul durante el proceso de arranque y durante el uso regular. este problema interrumpe significativamente mi flujo de trabajo, ya que el dispositivo a menudo se bloquea inesperadamente, lo que dificulta la realización de tareas diarias. al principio, estos errores de pantalla azul eran esporádicos, pero con el tiempo, se han vuelto cada vez más frecuentes. me he asegurado de que mi dispositivo esté actualizado con los últimos parches de software y que todos los controladores estén al día. sin embargo, el problema persiste y parece escalar tanto en frecuencia como en severidad. dada la naturaleza de mi trabajo, dependo en gran medida de mi surface pro 7 para realizar tareas esenciales de manera eficiente. la incapacidad de operar sin problemas está causando retrasos y la posible pérdida de trabajo importante no guardado. he intentado varios pasos de solución de problemas, incluyendo un reinicio suave, borrar la caché y desinstalar aplicaciones recientemente instaladas, sin éxito. agradecería que su equipo de soporte pudiera brindarme orientación sobre cómo abordar este problema de manera efectiva. además, si es necesario inspeccionar o reemplazar el dispositivo, por favor, infórmenme sobre los pasos necesarios que debo seguir. gracias por su pronta atención a este asunto. espero poder resolver este problema rápidamente para poder volver a mis actividades laborales regulares sin inconvenientes. saludos cordiales, <name> <acc_num> <tel_num>",tech online store
solicitud de actualización de memoria necesito una actualización de memoria para un mejor rendimiento,tech online store
"problemas identificados con la impresora hp deskjet 3755 - se requiere ayuda urgente estimado equipo de atención al cliente, estoy enfrentando dificultades con mi impresora hp deskjet 3755. el aparato no está operando correctamente y necesito ayuda de forma urgente para solucionar este problema lo más pronto posible. agradecido, <name> número de cuenta: <acc_num> número de teléfono: <tel_num>",online store
"solicitud de devolución de producto - canon pixma mg3620 estimado servicio de atención al cliente, espero que este mensaje le encuentre bien. estoy escribiendo para solicitar una devolución de un producto comprado en su tienda online tech, que actualmente está experimentando problemas de conectividad. el artículo en cuestión es la impresora canon pixma mg3620, que compré el <purchase_date> utilizando mi número de cuenta <acc_num>. desde la instalación de la impresora, he tenido interrupciones repetidas durante la impresión inalámbrica, lo que ha obstaculizado mi capacidad para completar las tareas de impresión de manera efectiva. a pesar de seguir todos los pasos de solución de problemas descritos en el manual y en su sitio web de soporte, los problemas de conectividad persisten. he intentado múltiples soluciones, incluyendo reinicios de red y actualizaciones de firmware, pero el problema sigue sin resolverse. dado esto, le agradecería si pudiera autorizar una devolución para este producto, ya que está dentro del período de garantía. por favor, hágamelo saber el procedimiento que debo seguir, incluyendo cualquier documento o información necesaria que requiera de mi parte. gracias por su atención a este asunto. espero su pronta respuesta para organizar la devolución y el reembolso de la impresora. si necesita contactarme, por favor hágalo a mi número de teléfono registrado, <tel_num>. atentamente, <name>",tech online store
"reinicio inesperado del router cisco isr4331 estimado equipo de soporte al cliente, les escribo para informarles sobre un problema significativo que encontramos con uno de sus productos durante el horario laboral regular. nuestro router cisco isr4331 experimentó un reinicio inesperado, lo que resultó en una interrupción de la red. esta situación ha comprometido nuestras operaciones, y una mayor exacerbación de tales problemas puede ser perjudicial para nuestra productividad empresarial. dado que este es un dispositivo empresarial seguro y de alto rendimiento, nos sorprendió bastante su mal funcionamiento. creemos que todo nuestro equipo de red debería proporcionar no solo estabilidad, sino también confiabilidad, especialmente durante las horas pico de negocio. ¿podrían abordar las siguientes preocupaciones como prioridad? en primer lugar, necesitamos una investigación sobre qué causó este reinicio imprevisto. en segundo lugar, solicitamos orientación sobre cómo prevenir tales ocurrencias en el futuro. asegurar la estabilidad de nuestra red es crucial para mantener nuestro impulso operacional. confiamos en que su equipo proporcionará asistencia oportuna para resolver este asunto de manera integral y ayudarnos a restablecer la normalidad en nuestra red. si necesitan más información, por favor contáctenme directamente al correo electrónico de <name> o llámeme al <tel_num>. gracias por su pronta atención a este asunto urgente. atentamente, <name> <acc_num>",it services
"solicitud de actualización de detalles de pago para el pedido epson ecotank et-4760 hola servicio al cliente, espero que este correo electrónico te encuentre bien. estoy escribiendo para solicitar una actualización de mis detalles de pago para mi reciente pedido de la epson ecotank et-4760. por favor, actualiza tu sistema de facturación con la nueva información de pago vinculada al número de cuenta <acc_num>. si necesitas más información, no dudes en contactarme al <tel_num> o enviarme un correo electrónico. gracias por tu ayuda. saludos, <name>",tech online store
"urgente: inactividad de la base de datos estimado equipo de soporte de tech online store, estoy escribiendo para informar sobre un problema significativo que nuestra empresa está enfrentando actualmente. hemos estado experimentando una inactividad prolongada con la base de datos postgresql 14.3 que compramos a su empresa. este problema está afectando negativamente nuestras actividades operativas diarias, y es imperativo que se resuelva lo antes posible. desde esta mañana, alrededor de las 9:00 am, nuestro equipo de ti ha encontrado repetidamente problemas de accesibilidad sin éxito en el mantenimiento de una conectividad estable, lo que ha llevado a interrupciones en nuestro sistema de gestión de datos, afectando los servicios esenciales ofrecidos por nuestra empresa. sospechamos que podría haber un problema subyacente con esta versión en particular que requiere solución experta y, cuando sea necesario, proporcionar el soporte técnico adecuado para restaurar las funciones normales. hemos verificado que todos los estándares y conexiones de infraestructura interna están intactos, y no se han alterado configuraciones de firewall o red de nuestra parte que contribuirían a estos problemas. dada la urgencia de la situación y la dependencia de estos servicios para procesos críticos del negocio, se requiere una acción inmediata para diagnosticar y rectificar el problema. por favor, proporciónenos una guía detallada sobre los pasos que podríamos necesitar realizar de nuestra parte mientras se asegura que se designe un especialista para manejar este asunto. si es necesario, coordine una llamada o una sesión remota con <name> en nuestro equipo de ti para solucionar este problema de manera colaborativa. puede comunicarse con ellos directamente al <tel_num> durante las horas laborables. gracias por su atención inmediata a este asunto. dependemos significativamente de este servicio y confiamos en su experiencia para ayudarnos a abordar este desafío técnico con prontitud. por favor, priorice esta solicitud y háganos saber rápidamente los próximos pasos. esperamos una pronta resolución. atentamente, <name> número de cuenta: <acc_num>",tech online store
"orientación necesaria para protocolos de acceso seguro del personal estimado equipo de soporte al cliente, espero que este correo electrónico los encuentre bien. estoy escribiendo para solicitar su asistencia en el desarrollo de protocolos de acceso seguro para nuestro departamento de recursos humanos. hemos estado utilizando su servicio de consultoría de ti durante algún tiempo y nos encontramos en necesidad de orientación para establecer medidas de seguridad sólidas para el acceso del personal. dada la sensibilidad de la información manejada por recursos humanos, es imperativo que aseguramos el más alto nivel de seguridad. ¿podrían proporcionarnos las mejores prácticas o un enfoque estructurado para esto? además, si se recomiendan herramientas o software específicos, por favor compártanlo. gracias por su continuo apoyo, y espero con ansias su orientación sobre cómo podemos mejorar nuestro marco de seguridad. atentamente, <name> departamento de recursos humanos <acc_num>",it services
"aclaración sobre la tarifa de suscripción estimado soporte al cliente de tech online store, espero que este mensaje le encuentre bien. me estoy comunicando hoy para obtener claridad sobre los recientes estados de facturación relacionados con mi suscripción a adobe photoshop 2024. al revisar mi cuenta, noté algunas discrepancias que me han dejado un poco confundido. parece que las tarifas han cambiado inesperadamente y no he recibido ningún aviso o explicación previa sobre estas alteraciones. el número de mi cuenta de suscripción es <acc_num>, y suelo manejar los pagos a través de mi tarjeta que termina en <card_num>. dado el cambio en los montos de facturación, agradecería si pudieran proporcionarme una explicación detallada o indicarme dónde podría encontrar documentación o comunicación sobre este cambio. es crucial para mí manejar mi planificación financiera de manera efectiva, y entender estos cargos es una parte vital de ello. además, si hay promociones en curso o opciones de suscripción alternativa de las que podría aprovecharme, también agradecería escuchar sobre esas. gracias por su asistencia. espero su pronta aclaración sobre este asunto. no dude en contactarme por correo electrónico o a mi número de teléfono <tel_num>. atentamente, <name>",tech online store
"asistencia requerida para la navegación en amazon estimado equipo de atención al cliente, me pongo en contacto para solicitar orientación sobre cómo navegar eficientemente en la plataforma de amazon para localizar descuentos en electrónica durante el próximo evento de ventas. ¿podrían proporcionar asistencia paso a paso o consejos útiles para encontrar fácilmente estas ofertas? gracias por su ayuda. atentamente, <name> <tel_num>",tech online store
"problema urgente con intellij idea estimado equipo de soporte al cliente, estoy escribiendo para reportar un problema crítico que he encontrado con intellij idea 2024.1, que está impactando significativamente el cronograma de mi proyecto. este asunto es bastante urgente ya que está afectando nuestra capacidad para completar un entregable clave a tiempo. el problema comenzó a principios de esta semana cuando intenté completar algunas tareas de codificación en el ide. específicamente, estoy experimentando errores recurrentes de 'completar' que impiden que el sistema sugiera automáticamente código en varios lenguajes de programación, que es una función de la que dependo mucho para una codificación eficiente. tal malfuncionamiento interrumpe la rutina de codificación y conduce a un aumento en el tiempo para tareas que normalmente estarían agilizadas mediante el uso de las sofisticadas herramientas de desarrollo de intellij idea. dada la naturaleza crítica de este problema, ya que mi proyecto requiere codificación rápida y precisa entre los miembros del equipo, cualquier retraso causado por procesos de codificación manual podría llevar a perder las fechas límites del proyecto. es urgente solucionar esto para evitar un impacto significativo en los entregables, lo que afectaría aún más las relaciones con los clientes y la situación empresarial. ya he verificado si hay actualizaciones y comprobado que mi instalación de intellij idea está actualizada. también intenté usar 'invalidar cachés/reiniciar', reinicié el software e incluso reinicié mi computadora para resolver el problema, pero sin éxito. además, todos los plugins utilizados son compatibles con la versión actual según su documentación. sin embargo, no se ha obtenido alivio inmediato a través de estos pasos de solución de problemas iniciales. solicito asistencia urgente de su equipo de soporte técnico para identificar y resolver este problema. por favor, háganme saber si se requiere información adicional o si hay registros de errores específicos que necesiten que envíe. estoy disponible para una sesión remota en un momento conveniente para el personal de soporte para acelerar la resolución de este problema. este problema está ralentizando significativamente nuestro progreso. un ide eficiente como intellij es integral para nuestros procesos de trabajo, por lo tanto, es crucial abordar la interrupción rápidamente. gracias por su pronta atención a este asunto. espero su respuesta inmediata a la brevedad. atentamente, <name> <tel_num> <name> de xyz tech <tel_num> <email_address>",it services
"asistencia requerida: problemas de inicio de sesión en office 365 estimado <name>, espero que este mensaje te encuentre bien. te escribo para expresar mis preocupaciones sobre las dificultades que he estado encontrando al intentar acceder a mi cliente de correo electrónico de microsoft office 365. lamentablemente, a pesar de numerosos intentos, no he podido iniciar sesión exitosamente en mi cuenta, y este problema persiste en varios dispositivos. el producto afectado es mi cuenta de microsoft office 365, que utilizo para correspondencia tanto personal como profesional. he seguido diligentemente los protocolos de solución de problemas estándar, incluyendo verificar mi conexión a internet, borrar caché y cookies, y asegurarme de que el sistema y el navegador de mi dispositivo estén actualizados. además, he confirmado que los detalles de la cuenta utilizados son correctos para mi número de cuenta <acc_num>. sin embargo, el error de inicio de sesión persiste, lo que lleva a una interrupción significativa en mi flujo de trabajo. solicito amablemente que su equipo de soporte me ayude a resolver este problema a la brevedad posible. por favor, háganme saber si se requieren pasos adicionales o información específica de mi parte para agilizar este proceso. aprecio su pronta atención a este asunto y espero tener noticias suyas pronto. saludos cordiales, <name> <tel_num>",tech online store
"solicitud de asistencia para la gestión de aws estimado equipo de soporte de servicios de ti, estoy escribiendo para solicitar su asistencia con la gestión de aws para optimizar los recursos en la nube de nuestra infraestructura. hemos estado experimentando costos de implementación más altos de lo esperado y creemos que hay una oportunidad para gestionar y optimizar mejor estos recursos. nuestra configuración actual parece ser ineficiente, lo que resulta en gastos innecesarios. estamos buscando orientación experta sobre cómo ajustar nuestras estrategias para lograr ahorros de costos mientras mantenemos o mejoramos los niveles de rendimiento. agradeceríamos que pudieran asignar a un consultor experimentado para evaluar nuestros patrones de uso actuales. cualquier asistencia o consejo sobre las mejores prácticas, herramientas o estrategias para una gestión de aws rentable sería muy apreciado. no duden en ponerse en contacto conmigo en <email> o <tel_num> para más detalles o para programar una consulta. gracias por su atención a este asunto. atentamente, <name>",it services
"urgente: soporte para enrutador con mal funcionamiento hola servicio al cliente, nuestro enrutador cisco isr4331 está experimentando un mal funcionamiento repentino, causando importantes interrupciones en la red en todo el sistema. este problema es crítico y requiere su intervención técnica inmediata. sospechamos que actualizar el firmware del enrutador podría restaurar su funcionalidad normal. le pedimos que acelere el proceso para resolver estas interrupciones y restaurar nuestros servicios a la mayor brevedad posible. dependemos en gran medida de un servicio continuo y sin interrupciones y apreciamos su rápida asistencia. atentamente, <name> <tel_num>",it services
problema de alimentación del macbook air m1 mi macbook air m1 no se enciende. usé el cargador y adaptador correctos. ¿podrías aconsejarme sobre las opciones de garantía o servicio?,tech online store
"asistencia requerida: problemas inalámbricos con hp deskjet 3755 estimado soporte al cliente, estoy teniendo problemas con la conexión inalámbrica de mi hp deskjet 3755. no se conecta a la red, lo que dificulta mis tareas de impresión. ¿podría ayudarme a solucionar este problema? gracias, <name>",tech online store
"consulta sobre la disponibilidad y especificaciones del macbook air m1 en la tienda en línea hola servicio al cliente, quisiera indagar acerca de la disponibilidad y las especificaciones del macbook air m1. agradezco de antemano. saludos, <nombre>",online store
"atención inmediata requerida: caídas en visual studio code estimado equipo de soporte al cliente, me pongo en contacto con usted para informar un problema significativo que afecta mi eficiencia laboral. he encontrado caídas frecuentes de visual studio code 1.70 mientras depuro código. este problema continuo interrumpe gravemente mi productividad. a pesar de varios intentos de solución, el problema sigue sin resolverse. agradecería mucho si su equipo técnico pudiera abordar este problema con urgencia. dado que mi flujo de trabajo depende de programar sin interrupciones, requiero una solución rápida y efectiva. gracias por su atención a este asunto. por favor, infórmeme si necesita más información de mi parte. atentamente, <name>",it services
"atascos de papel frecuentes estimado servicio de atención al cliente, espero que este mensaje le encuentre bien. estoy escribiendo para informar sobre un problema continuo con la impresora hp deskjet 3755 adquirida en su tienda. hemos estado experimentando atascos de papel frecuentes durante el uso estándar, lo cual ha sido bastante disruptivo. a pesar de seguir todas las instrucciones operativas y realizar limpiezas regulares, el problema persiste. la impresora no puede funcionar sin problemas, causando una gran incomodidad. agradeceríamos su consejo sobre cómo resolver este problema o información sobre cualquier opción de servicio de garantía disponible. su pronta respuesta sería muy apreciada ya que dependemos de esta impresora para tareas importantes. gracias por su atención a este asunto. atentamente, <name>",tech online store
"problema urgente de jira estimado soporte al cliente, me comunico para informar sobre un problema crítico que estamos experimentando con jira software 8.20. los miembros de nuestro equipo, incluido <name>, no pueden asignar tareas dentro de la plataforma. esta funcionalidad es crucial para mantener nuestro flujo de trabajo y productividad, ya que nos estamos acercando a plazos importantes de proyectos. la incapacidad para asignar tareas está afectando severamente nuestra productividad, lo que lleva a confusión sobre las responsabilidades de las tareas y retrasos en nuestro ciclo de desarrollo. esta interrupción plantea un riesgo para nuestras entregas y compromisos con los clientes. hemos intentado pasos básicos de solución de problemas sin éxito. solicitamos asistencia inmediata o una solución alternativa, ya que resolver este problema es de suma urgencia para nosotros. por favor, guíenos para garantizar la asignación de tareas y la gestión de proyectos sin inconvenientes. para sus registros, nuestro número de cuenta vinculada es <acc_num>. por favor, priorice y contacte a <name> en <tel_num> para discutir los próximos pasos. agradeceríamos mucho su pronta atención a este asunto. gracias por su apoyo. atentamente, <name>",software development company
"interrupciones de red intermitentes: misconfiguración del enrutador estimado soporte al cliente, estoy escribiendo para informar sobre interrupciones de red intermitentes que se remontan a una misconfiguración del cisco router isr4331. este problema está afectando significativamente nuestra conectividad y requiere atención urgente para prevenir más interrupciones. saludos cordiales, <name> <acc_num>",it services
"problema urgente de tiempo de inactividad del servidor estimado soporte de la firma de consultoría de ti, estamos experimentando tiempos de inactividad recurrentes del servidor que están afectando gravemente nuestras operaciones comerciales. debido a que nuestro negocio depende en gran medida de su servicio de consultoría de ti, este problema requiere atención y resolución inmediatas. cada instancia de tiempo de inactividad causa una interrupción significativa y una posible pérdida para nuestras operaciones. le solicitamos amablemente un análisis urgente y un plan detallado para rectificar este problema lo antes posible, para minimizar el impacto. su pronta respuesta sería muy apreciada para garantizar la continuidad del negocio. gracias por su atención a este asunto urgente. atentamente, <name>",it consulting firm
"urgente: resolver problema de sincronización de microsoft office 365 estimado servicio al cliente, estoy escribiendo para informar sobre un problema de alta prioridad que estamos experimentando con microsoft office 365. nuestros usuarios actualmente no pueden acceder a sus archivos de excel debido a un error persistente de sincronización en la nube. este problema está afectando significativamente nuestras operaciones diarias. necesitamos una resolución urgente para restaurar el acceso a nuestros archivos. por favor, prioricen este asunto y proporcionen orientación sobre cómo resolverlo lo antes posible, o recomienden alguna solución temporal inmediata. háganos saber si necesita más información sobre este asunto. atentamente, <name>",it services
"problemas de rendimiento con la base de datos mysql 8.0.30 estimado equipo de soporte al cliente, me dirijo a ustedes para expresar mis preocupaciones respecto a los problemas de rendimiento que estamos encontrando con mysql 8.0.30. nuestro sistema está experimentando tiempos de respuesta lentos de manera continua, lo que impacta significativamente nuestras operaciones de procesamiento de datos y la eficiencia general del negocio. estos retrasos están causando interrupciones en nuestro flujo de trabajo normal y aumentando nuestros desafíos operativos. hemos identificado que este problema afecta específicamente al producto mysql 8.0.30. hemos tomado medidas preliminares, como optimizar las consultas y asegurar recursos adecuados en el servidor, pero el problema persiste. ¿podrían por favor proporcionar orientación o una solución para resolver este asunto? cualquier asistencia inmediata sería muy apreciada mientras nos esforzamos por mantener operaciones sin interrupciones para nuestros clientes. gracias por su pronta atención a este problema. saludos cordiales, <name> <acc_num> <tel_num>",it services
"problemas de conexión wi-fi con dell xps 13 9310 estimado servicio de atención al cliente de it services, espero que este mensaje le encuentre bien. estoy escribiendo para llamar su atención sobre un problema que he estado experimentando con mi laptop dell xps 13 9310, que ha estado afectando significativamente mi eficiencia laboral y mis actividades en línea diarias. el dispositivo ha estado encontrando problemas intermitentes de conexión wi-fi durante los últimos días, y ha sido cada vez más difícil mantener una conexión a internet estable. inicialmente, no pensé mucho en las caídas ocasionales de conexión, ya que la mayoría de los dispositivos digitales experimentan pequeños lapsos de conectividad de vez en cuando. sin embargo, la frecuencia de estas interrupciones ha aumentado notablemente y ha comenzado a interferir con tareas esenciales, incluyendo la navegación de páginas web y la transmisión de contenido de video necesario para mis reuniones de trabajo remoto e investigación. he intentado varios métodos de resolución de problemas que se indican en el manual y en recursos en línea sin mucho éxito. esto incluye reiniciar el dispositivo, verificar la configuración de la red, actualizar los controladores e incluso restablecer la configuración de la red a los valores predeterminados. si bien estos pasos a veces proporcionan una solución temporal, el problema persiste, particularmente bajo un uso intensivo en línea. como tal, se está convirtiendo en una creciente preocupación ya que interrumpe mi productividad y flujo de trabajo. dada la naturaleza crítica de la conectividad a internet para asegurar que mis operaciones funcionen sin problemas, agradecería cualquier orientación o recomendaciones de resolución expedita que su equipo técnico pueda ofrecer. por favor, háganme saber si se requiere información adicional o registros de diagnóstico de mi parte para facilitar una revisión de este problema de conectividad. además, si hay actualizaciones o parches que deben instalarse, apreciaría instrucciones detalladas sobre cómo hacerlo. muchas gracias por su asistencia y atención rápida a este asunto. espero su orientación para resolver este problema pronto. atentamente, <name> <tel_num> <email_address>",it services
"estimado <nombre>, un usuario ha informado sobre inconvenientes con la instalación de windows 11 pro. te ruego que proporciones ayuda para solucionar este problema con rapidez. saludos, <nombre>.",it services
la aplicación se vuelve no receptiva mientras se exporta.,tech online store
"revisión necesaria sobre la facturación de slack estimado equipo de atención al cliente, me pongo en contacto para informar sobre un problema relacionado con la facturación de nuestro espacio de trabajo de slack. al revisar nuestra factura reciente, noté varios cargos inusuales listados bajo cargos de baja prioridad para los servicios de colaboración, particularmente asociados con la versión de slack 4.23.0. los cargos parecen ser inconsistentes con nuestra estructura de facturación habitual, y esta discrepancia justifica un examen más detallado. nuestro número de cuenta es <acc_num>. hemos estado utilizando sus servicios sin problemas hasta ahora, y esta anomalía inesperada ha generado algunas preocupaciones en nuestro equipo. ¿podrían proporcionar un desglose detallado de estos cargos? además, sería útil si pudieran aclarar por qué se han aplicado estos cargos y, si es posible, describir cualquier ajuste o reembolso que pueda ser aplicable. dependemos en gran medida de una facturación consistente y transparente para gestionar eficazmente nuestros presupuestos operativos. es imperativo resolver este problema rápidamente para evitar cualquier interrupción en nuestros procesos de colaboración. gracias por su ayuda. no duden en contactarme al <tel_num> o por correo electrónico a <name>@company.com. espero su pronta respuesta. atentamente, <name>",it services
"los frecuentes bloqueos del navegador necesitan investigación estimado servicio al cliente, estoy escribiendo para reportar un problema con los frecuentes bloqueos de google chrome versión 102.0. mi colega <name> está experimentando estos bloqueos, y nos preguntamos si podrían estar relacionados con extensiones desactualizadas o configuraciones corruptas. el problema obstaculiza nuestros flujos de trabajo regulares, y buscamos amablemente su experiencia para diagnosticar y resolver esto. por favor, aconseje sobre cualquier paso de solución de problemas o actualizaciones que podrían ayudar a estabilizar el navegador y mejorar el rendimiento. agradecemos su pronta atención a este asunto. atentamente, <name> tel: <tel_num>",it services
"problemas con el router cisco isr4331 estimado equipo de soporte, estoy escribiendo para informar que hemos estado experimentando desconexiones frecuentes y un rendimiento lento con nuestro router cisco isr4331 durante el horario laboral. este problema ha interrumpido significativamente nuestras operaciones. ¿podrían proporcionar orientación o una solución para abordar lo que parece ser un problema continuo? si se requieren actualizaciones de firmware o cambios de configuración, estaríamos interesados en implementarlos. gracias por su pronta atención a este asunto. atentamente, <name> <tel_num> <acc_num>",tech online store
"urgente: tiempo de inactividad de la red debido a la configuración de aws estimado equipo de soporte de servicios de ti, les escribo para llamar su atención inmediata sobre un problema de tiempo de inactividad de la red que parece haber sido causado por una infraestructura en la nube de aws mal configurada. este problema ha afectado directamente el servicio de gestión de aws, que es un componente crítico de nuestras operaciones comerciales. el tiempo de inactividad está impactando nuestra productividad y la entrega de nuestros servicios a los clientes. dada la urgencia de la situación, buscamos su experiencia y acción rápida para restaurar el funcionamiento normal de la red. además, solicitamos una verificación exhaustiva de la implementación para asegurar que todas las configuraciones se adhieran a las mejores prácticas y evitar futuros incidentes. por favor, prioricen este asunto, ya que es esencial para mantener nuestra continuidad operativa. si necesitan más información, no duden en contactarme en su conveniencia. gracias por su atención inmediata a este asunto. atentamente, <name> posición nombre de la empresa <email@domain.com> <tel_num>",it services
"ayuda urgente necesaria: problemas de sincronización estimado equipo de soporte al cliente, confío en que este mensaje los encuentre en buen ánimo. estoy escribiendo para abordar problemas de sincronización que están afectando tanto mis correos electrónicos como mi calendario dentro de mi cuenta de google workspace business standard (<acc_num>). este dilema está obstaculizando significativamente mi productividad, y requiero urgentemente su asistencia técnica para resolverlo. parece que la sincronización es lenta en ocasiones, lo que resulta en retrasos, y en ciertos momentos, no sincroniza eventos o correos electrónicos en particular. por favor, recomienden un plan de acción rápido para rectificar estas interrupciones. pueden contactarme al <tel_num>. aprecio su atención inmediata a este asunto. mis mejores deseos, <name>",software development company
"problemas de conectividad inalámbrica estimado cliente del soporte técnico de la tienda online, espero que este mensaje le encuentre bien. estoy escribiendo para expresar mis preocupaciones respecto a un problema continuo que estoy experimentando con el producto que compré en su tienda online, la hp deskjet 3755. el problema se refiere a la función de conectividad inalámbrica de la impresora, que ha sido tanto poco fiable como esporádica al intentar conectarse a mi red doméstica. inicialmente, no tuve problemas para configurar y conectar la impresora, pero en las últimas semanas, ha sido cada vez más difícil mantener una conexión estable. a pesar de mis esfuerzos por solucionar el problema reubicando la impresora más cerca del enrutador, reiniciando el dispositivo e incluso reinstalando los drivers necesarios, el problema persiste. naturalmente, esta inconsistencia está causando una gran inconveniencia, particularmente ya que dependo de este dispositivo para mis tareas de oficina en casa. agradecería mucho cualquier asistencia o consejo que pueda proporcionar para resolver este problema de forma rápida. por favor, hágame saber si hay pasos específicos de solución de problemas que usted recomiende o si podría ser necesario un reemplazo. si necesita más detalles de mi parte para abordar este problema de manera efectiva, no dude en comunicarse conmigo a su conveniencia. gracias por su atención a este asunto. espero su pronta respuesta. atentamente, <name>",tech online store
"atención inmediata requerida: problemas de conexión de la impresora estimado soporte al cliente de tech online store, confío en que este mensaje lo encuentre bien. estoy escribiendo para informarles sobre un problema de conectividad relacionado con mi impresora hp deskjet 3755, que adquirí recientemente en su tienda en línea. desde que se ha configurado el dispositivo, he encontrado desafíos continuos en establecer una conexión inalámbrica confiable, lo que afecta significativamente mis tareas diarias. he seguido estrictamente todas las instrucciones proporcionadas en el manual, incluyendo la verificación de mi conexión wi-fi y la confirmación de que la impresora está ubicada dentro del área de cobertura del enrutador. lamentablemente, ninguna de estas medidas ha corregido el problema. cada intento de impresión falla, citando problemas de conectividad que obstaculizan mi salida. les pido amablemente que prioricen este problema, ya que dependo de este equipo para documentos cruciales y solicitudes de impresión urgentes. cualquier apoyo en la solución de problemas o cualquier configuración que pueda haber pasado por alto sería muy apreciado. si es necesario una actualización de firmware o un intercambio del dispositivo, agradecería mucho su pronta intervención. para su conveniencia a la hora de validar mi compra, mi número de pedido es <ord_num>. pueden comunicarse conmigo por correo electrónico a <email@domain.com> o a mi número de contacto <tel_num>. espero su rápida respuesta. gracias por atender esta preocupación urgente. saludos cordiales, <name>",tech online store
"problema urgente con el teclado dell xps 13 estimado equipo de soporte al cliente de tech online store, espero que este mensaje les encuentre bien. estoy escribiendo para expresar mi preocupación respecto a los problemas del teclado que estoy experimentando con el dell xps 13 9310, que compré en su tienda. el teclado se ha vuelto completamente inoperante, impactando enormemente mi productividad y interrumpiendo mis tareas diarias. este problema es de alta prioridad para mí, y necesito asistencia para resolverlo rápidamente. ¿podrían por favor aconsejar sobre los próximos pasos o proporcionar una solución lo antes posible? agradecería su atención inmediata a este asunto. gracias por su comprensión. saludos cordiales, <name>",tech online store
"problema crítico de gestión del servidor estimado equipo de soporte de la empresa de consultoría de ti, ha ocurrido un serio dilema con nuestra gestión del servidor mientras utilizamos sus servicios de consultoría. nuestra aplicación de javascript empresarial ha sufrido un tiempo de inactividad considerable hoy. como resultado, nuestras operaciones han experimentado interrupciones severas, influyendo negativamente en nuestro flujo de negocio y la experiencia del cliente. solicitamos su inmediata intervención y pronta ayuda para resolver este problema de manera efectiva. por favor, colaboren con nuestro equipo administrativo en el sitio para diagnosticar y corregir la causa raíz. la rapidez de su respuesta es vital, dado los efectos perjudiciales en nuestras operaciones. para asistencia urgente, comuníquese con nuestro equipo al <tel_num> o envíenos un correo electrónico a <email_address>. dependemos de su competencia para abordar esta preocupación. las especificaciones del servidor, la información ambiental y los registros han sido adjuntados para su examen. gracias por ocuparse de este problema de manera inmediata. saludos cordiales, <name> <acc_num>.",it consulting firm
"mejorando el flujo de trabajo para una mayor eficiencia en la implementación de recursos de aws estimado equipo de soporte al cliente, espero que este mensaje los encuentre bien. estoy escribiendo para discutir el flujo de trabajo actual relacionado con nuestro servicio de gestión de aws, que podría mejorarse para optimizar tanto la eficiencia en la implementación de recursos como la gestión de la infraestructura en la nube, con un enfoque en la optimización de costos. creemos que al revisar ciertos procesos e implementar herramientas avanzadas, podemos agilizar las operaciones y reducir gastos. actualmente, la gestión de los recursos de aws parece algo desarticulada, lo que ocasionalmente resulta en tiempos de implementación más largos y costos operacionales incrementados. un flujo de trabajo revisado debería incluir estrategias de automatización y una posible integración con plataformas existentes para una operación sin inconvenientes. esta propuesta tiene como objetivo no solo mejorar nuestra entrega de servicios, sino también proporcionar ahorros de costos significativos a largo plazo. solicito amablemente su asistencia para abordar estas mejoras. gracias por su atención a este asunto. espero con interés sus sugerencias y apoyo. atentamente, <name>",it services
"urgente: problemas de rendimiento con dell xps 13 estimado equipo de soporte al cliente, estoy escribiendo para llamar su urgente atención sobre algunos problemas de rendimiento que he estado experimentando con mi dell xps 13 9310, comprado en su tienda en línea tech. durante las últimas semanas, el portátil ha estado demostrando ralentizaciones severas y congelamientos ocasionales, lo que está obstaculizando significativamente mi productividad, especialmente porque confío en este dispositivo para mis tareas diarias de trabajo. por ejemplo, operaciones básicas como abrir aplicaciones o cambiar entre pestañas ahora están tardando considerablemente más, y a veces el portátil se congela por completo, requiriendo un reinicio para recuperar la funcionalidad. he asegurado que todo el software, incluido el sistema operativo y los controladores, estén actualizados, y he intentado varios pasos de solución de problemas, incluidos la limpieza de caché y la ejecución de chequeos de mantenimiento, pero los problemas persisten. por lo tanto, me estoy comunicando para buscar una resolución más técnica y posiblemente urgente para lo que parece ser un problema persistente. las dificultades con este dispositivo están comenzando a impactar negativamente en mis ambientes de trabajo, y una respuesta rápida o una cita para una evaluación por parte de un especialista sería muy apreciada. por favor, háganme saber cómo y cuándo se puede resolver esta preocupación de manera satisfactoria. gracias por su atención inmediata a este asunto. atentamente, <name>",tech online store
"solicitud de intercambio de modelo incorrecto estimado equipo de atención al cliente, recientemente compré una canon pixma mg3620 en tech online store, pero desafortunadamente, recibí un modelo incorrecto. los detalles de mi pedido son los siguientes: id de pedido: <order_id>, comprado bajo la cuenta registrada con el correo electrónico <email>. esperaba la canon pixma mg3620, pero el modelo entregado no coincide con mi compra. solicito amablemente un intercambio por el modelo correcto a la brevedad posible. por favor, hágame saber los pasos para resolver este problema o si se necesita información adicional. agradezco su pronta atención a este asunto. gracias, <name>, contacto: <tel_num>",tech online store
"problema de alta prioridad: error de inicio de sesión en jira estimado cliente de soporte de servicios de ti, espero que este mensaje te encuentre bien. estoy escribiendo para llamar su atención sobre un problema crítico que comenzó a afectar a nuestro equipo esta mañana. estamos experimentando una interrupción significativa, ya que ninguno de nuestros usuarios puede acceder a jira software versión 8.20. este problema ha detenido actividades vitales de gestión de proyectos y necesitamos asistencia urgente para resolverlo. al intentar iniciar sesión, los usuarios encuentran un mensaje de error persistente que dice: ""error de inicio de sesión, por favor intente nuevamente más tarde."" a pesar de los intentos repetidos y la verificación exhaustiva de las credenciales de usuario, el problema persiste para todos los usuarios afectados. este fallo impacta principalmente nuestros proyectos en curso, donde los plazos son cruciales y la capacidad de actualizar y rastrear tareas es esencial. hemos seguido todos los pasos de solución de problemas descritos en su documentación, como borrar la caché del navegador, probar diferentes navegadores y restablecer las contraseñas de los usuarios. desafortunadamente, ninguno de estos pasos ha mitigado el problema. inicialmente, sospechamos de un problema de conectividad local; sin embargo, el problema es consistente en múltiples ubicaciones y conexiones a internet. para asegurarnos de que haya una mínima interrupción en nuestro flujo de trabajo, solicitamos amablemente soporte técnico inmediato. si es posible, por favor, escale este asunto a su equipo especializado para una evaluación y resolución rápida. además, la asistencia para identificar cualquier posible cambio de configuración del servidor desde ayer podría ser instrumental para diagnosticar la causa raíz de este problema. gracias por su atención y pronta respuesta a este asunto. no dude en contactarme directamente al <tel_num> o responder a este correo electrónico si requiere más información o detalles. esperamos su respuesta urgente. atentamente, <name> <name> company <acc_num>",it services
"solicitud de mejoras para jira software estimado equipo de soporte al cliente, estoy escribiendo para solicitar algunas actualizaciones sobre el sistema de tickets en nuestra instancia de jira software 8.20. nuestro equipo ha encontrado varios problemas de usabilidad y posibles mejoras que podrían aumentar la eficiencia de nuestro flujo de trabajo y el rendimiento general del sistema. primero, hemos identificado errores que ocasionalmente hacen que la interfaz se congele cuando varios usuarios intentan registrar tickets simultáneamente. este problema interrumpe nuestras operaciones, particularmente durante los períodos pico de proyectos. se agradecería un análisis de causas raíz y correcciones de errores oportunas para garantizar una productividad continua. además, nuestros usuarios han sugerido mejoras como herramientas de categorización de tickets más flexibles y una opción de filtrado de búsqueda intuitiva dentro del tablero. implementar estas características podría agilizar significativamente la gestión y el seguimiento de tareas. nuestro entorno de desarrollo depende en gran medida de un sistema de tickets que funcione bien, y estas actualizaciones beneficiarían enormemente nuestras operaciones. puedo proporcionar registros y datos adicionales si es necesario para ayudar en el proceso de diagnóstico. por favor, háganme saber el mejor curso de acción respecto a estas solicitudes y el plazo esperado para la implementación. no duden en comunicarse si se requiere más aclaración. pueden contactarme a través de mi línea directa al <tel_num> o por correo electrónico a la mayor brevedad posible. gracias por su atención a estos asuntos. esperamos una funcionalidad mejorada que satisfaga mejor nuestros requisitos y apoye los objetivos de nuestro equipo de manera eficiente. atentamente, <name>, gerente de proyecto, <acc_num>",software development company
"solicitud de configuración del servidor hola, me estoy comunicando para solicitar modificaciones a la configuración actual del servidor en relación con nuestro servicio de consultoría de ti. nuestro objetivo es mejorar la eficiencia de la entrega de correos electrónicos sin interrumpir las operaciones en curso. ¿podría ayudarme a implementar estos ajustes a la brevedad posible? gracias por su apoyo. atentamente, <name> <acc_num>",it consulting firm
"problemas de slack 4.23.0 estimado soporte de servicios de ti, les escribo para informarles sobre varios problemas que he estado experimentando con la aplicación slack 4.23.0. desde que actualicé a esta versión, he encontrado dificultades significativas que están afectando mi flujo de trabajo. en primer lugar, enviar mensajes ha sido problemático. los mensajes o no se envían en absoluto o se envían con un considerable retraso, lo que interrumpe las comunicaciones del equipo. además, estoy experimentando desconexiones frecuentes del servidor, lo que requiere que me reconecte para continuar usando la aplicación. este problema interrumpe las conversaciones en curso y causa frustración innecesaria. además, hay alertas de notificación erráticas que no parecen corresponder con la actividad real. a menudo, recibo alertas de mensajes que no aparecen al revisar, o, por el contrario, no recibo alertas de nuevos mensajes. esta inconsistencia está dificultando el seguimiento de las actualizaciones importantes en tiempo real. agradecería que su equipo pudiera investigar estos problemas y proporcionar una solución o pasos recomendados. no dude en contactarme al <tel_num> si necesita más información sobre los problemas. gracias por su atención. saludos cordiales, <name>",it services
"alerta de cargos inesperados estimado equipo de atención al cliente, espero que este mensaje les encuentre bien. les escribo para llamar su atención sobre un problema que hemos encontrado con nuestro reciente informe de facturación del servicio de gestión de aws. al revisar la factura, notamos varios cargos inesperados que nos han causado cierta preocupación respecto a nuestro estado de cuenta mensual. nuestra comprensión era que los cálculos de facturación para el servicio de gestión de aws eran transparentes y consistentes con nuestros términos acordados. sin embargo, la factura actual muestra discrepancias que no se alinean con nuestro uso y costos anticipados. estos cargos inesperados tienen un impacto significativo en nuestra planificación presupuestaria, y buscamos una aclaración inmediata para resolver este asunto. ¿podrían proporcionarnos un desglose detallado de los cargos listados bajo el servicio de gestión de aws? esta información será crucial para entender cualquier posible error u omisión en el proceso de facturación. además, agradeceríamos cualquier información que su equipo pueda tener sobre por qué ocurrieron estos cargos y cómo podríamos evitar incidentes similares en el futuro. gracias por su pronta atención a este asunto. esperamos su respuesta oportuna y una solución a este problema. atentamente, <name> número de cuenta: <acc_num> contacto: <tel_num>",software development company
"problema de facturación: cobro excesivo en la suscripción mensual estimado equipo de soporte al cliente, espero que este mensaje los encuentre bien. les escribo respecto a una discrepancia en mi estado de cuenta de facturación para la suscripción a google workspace business standard asociada a mi cuenta, <acc_num>. al revisar mis registros del mes anterior, noté que se me cobró más de la tarifa mensual acordada. específicamente, mi revisión de la factura muestra un cargo que excede la cantidad establecida en nuestro acuerdo de suscripción y el plan de nivel al que me inscribí inicialmente. mi entendimiento es que el servicio de google workspace business standard tiene una tarifa mensual fija y no se realizaron cambios en mi plan que justificarían un aumento en el cargo. por lo tanto, me estoy comunicando para obtener claridad sobre por qué aparecieron los costos adicionales y para buscar una resolución para corregir este problema de facturación. ¿podrían investigar amablemente este asunto y proporcionar un reembolso por el monto cobrado en exceso? además, un desglose detallado de mi factura actual podría ayudar a aclarar si hubo errores en el sistema que necesitan corregirse. puedo ser contactado al <tel_num> para cualquier información adicional que se requiera. gracias de antemano por su pronta asistencia en este asunto. atentamente, <name>",tech online store
"urgente: problemas de conectividad con el router cisco isr4331 estimado equipo de soporte de servicios de ti, estoy escribiendo para informar un problema con el router cisco isr4331 que está experimentando interrupciones repentinas de conectividad. el problema comenzó a afectar el rendimiento de la red en varios departamentos, causando desafíos operativos significativos. dependemos de este router para comunicaciones críticas, y este tiempo de inactividad impacta nuestra productividad. por favor, prioricen este asunto y aconsejen sobre cualquier paso de solución de problemas o si se requiere atención inmediata de su equipo. su pronta respuesta será muy apreciada mientras trabajamos para resolver este problema. espero su orientación. gracias, <name> <acc_num> <tel_num>",it services
"solicitud de cambios en la infraestructura de aws estimado equipo de atención al cliente, mi nombre es <name>, y estoy escribiendo para solicitar una revisión y posible modificación de nuestras infraestructuras de despliegue de aws actuales gestionadas bajo el servicio de gestión de aws. debido al aumento de costos, estamos interesados en explorar opciones destinadas a optimizar nuestra configuración actual de computación en la nube, específicamente para una mejor eficiencia de costos. si bien hemos utilizado varios servicios de manera efectiva, una auditoría reciente destacó áreas donde los ajustes podrían llevar a reducciones significativas de costos sin afectar el rendimiento. estamos particularmente interesados en comprender mejor las opciones de segmentación y escalado que se pueden aplicar dentro de nuestro marco de aws. ¿podría alguien de su equipo ayudarnos a realizar un análisis integral? también esperamos programar una consulta para discutir nuestra configuración actual y potenciales estrategias de ahorro de costos a la mayor brevedad posible. gracias por su atención a este asunto. espero su pronta respuesta. atentamente, <name>",it consulting firm
"problema con la visualización de tickets de jira estimado servicio de atención al cliente, espero que este mensaje le encuentre bien. estoy escribiendo para reportar un problema que estamos experimentando con jira software 8.20. nuestros tickets no se están mostrando correctamente, causando problemas significativos en la gestión de proyectos. esto está afectando la productividad de nuestro equipo y su capacidad para gestionar proyectos de manera eficiente. solicito amablemente asistencia urgente para resolver este asunto, ya que interrumpe nuestras operaciones diarias. por favor, indíquenos los próximos pasos o cualquier modificación que podamos implementar de nuestra parte. gracias por su pronta atención a este problema. atentamente, <name>",software development company
"solicitud de cambio de permisos de acceso estimado equipo de soporte al cliente, espero que este mensaje les encuentre bien. actualmente usamos jira software 8.20 para gestionar nuestros proyectos y mejorar la colaboración del equipo. sin embargo, estamos enfrentando desafíos debido a los permisos de acceso actuales, que limitan significativamente nuestra eficiencia. por lo tanto, solicito amablemente una revisión y posible cambio de los permisos de acceso para alinearlos mejor con nuestras necesidades de gestión de proyectos. ¿podrían informarnos sobre cómo podríamos proceder con esta solicitud? su asistencia con este asunto es muy apreciada. gracias por su pronta atención a esta solicitud. atentamente, <name>",software development company
"solicitud de cambios en la configuración de facturación de aws estimado soporte al cliente de servicios de ti, espero que este mensaje le encuentre bien. me dirijo a usted para solicitar cambios en nuestra configuración de facturación de aws bajo el servicio de gestión de aws para optimizar costos y mejorar el seguimiento del uso de recursos. hemos notado que nuestra configuración actual no proporciona suficientes ideas para una gestión eficiente de recursos. por favor, aconseje sobre las estrategias o herramientas potenciales que se pueden implementar para mejorar nuestra estructura de facturación. además, solicitamos asistencia para modificar la configuración existente para un mejor seguimiento del consumo de recursos y la eficiencia de costos. gracias por su ayuda y espero su respuesta. atentamente, <name> <company_name>",it services
"solicitud de servicio de consultoría de ti estimado soporte de servicios de ti, espero que este mensaje te encuentre bien. mi nombre es <name>, y me comunico en nombre de mi organización. estamos interesados en utilizar su servicio de consultoría de ti para mejorar nuestros procesos de recursos humanos utilizando soluciones innovadoras basadas en tecnología. recientemente, hemos reconocido el potencial de modernizar nuestro departamento de recursos humanos para mejorar la eficiencia y la satisfacción de los empleados. con su experiencia y trayectoria en consultoría de ti, creemos que su equipo es el mejor indicado para ayudarnos a alcanzar nuestros objetivos. estamos particularmente interesados en soluciones que puedan automatizar tareas rutinarias, proporcionar información basada en datos y, en última instancia, optimizar los procesos de reclutamiento y gestión de empleados. esperamos una sesión de consultoría detallada para discutir nuestros requisitos específicos y cómo sus servicios podrían abordarlos. ¿podría por favor proporcionarnos horarios de consulta disponibles para las próximas semanas? sería útil si también pudiera enviarnos algunos estudios de caso o referencias de proyectos similares que haya ejecutado con éxito en el pasado. gracias de antemano por su ayuda. no duden en contactarme en <tel_num>. saludos cordiales, <name> <position> <company>",it services
"solicitud urgente: se necesita consultoría informática inmediata estimado equipo de soporte al cliente, espero que este mensaje los encuentre bien. me estoy comunicando con una solicitud urgente de un cliente relacionada con la administración de servidores y soluciones de ti. actualmente nos enfrentamos a varios desafíos que requieren atención inmediata y experiencia que solo está disponible a través de su servicio de consultoría de ti. es crucial para nuestras operaciones que estos problemas se prioricen a la brevedad posible. agradecería si se puede asignar a un especialista con rapidez. gracias por su pronta asistencia. espero su rápida respuesta. atentamente, <name> <name@company.com> <tel_num>",it consulting firm
"solicitud de corrección de factura del macbook air m1 hola, recientemente compré un macbook air m1, pero hay un error en la factura. ¿alguien podría ayudar a corregirlo? mi id de pedido es <order_id>. gracias, <name>, <email>, <tel_num>.",tech online store
"clarificación necesaria sobre el cargo de la factura estimado servicio de atención al cliente, he notado un cargo etiquetado como 'licencia de jira software 8.20' en mi factura reciente. ¿podría aclarar qué implica este cargo? no he solicitado licencias adicionales. gracias. atentamente, <name>",software development company
"estimado servicio de atención al cliente, les escribo para llamar su atención sobre un problema con mi reciente facturación de la suscripción a microsoft office 365. he notado que me han cobrado de más en el último ciclo de facturación mensual. mi número de cuenta es <acc_num>. ¿podrían investigar este asunto y ayudar a rectificar los cargos? por favor, comuníquense conmigo a <email> o <tel_num> para cualquier información adicional. gracias por su asistencia. atentamente, <name>",tech online store
"investigación de discrepancia en la facturación de aws estimado servicio de atención al cliente, escribo para solicitar una revisión detallada de una discrepancia en la facturación relacionada con mi factura reciente del servicio de gestión de aws. mi número de cuenta es <acc_num>. noté algunos cargos inesperados que no se alinean con mi comprensión o uso del servicio. dado esto, requiero un desglose completo y una explicación de los costos incurridos, especialmente en relación con los nuevos cargos que han aparecido. ¿podrían proporcionar un análisis detallado, aclarando cada elemento de la factura y elucidando estas discrepancias? una respuesta rápida para resaltar cualquier error de cálculo o aclarar los cargos sería muy apreciada, ya que ayudará a garantizar una facturación precisa y mantener la confianza en sus servicios. por favor, hágame saber si se requiere información adicional de mi parte para facilitar una investigación exhaustiva. espero su pronta respuesta. gracias. mejores saludos, <name> contacto: <tel_num>",it services
"asistencia con la configuración de la impresora inalámbrica estimado servicio de atención al cliente de la tienda online de tecnología, recientemente compré una nueva impresora canon pixma mg3620 en su tienda en línea y tengo dificultades para configurarla para la operación inalámbrica. seguí los pasos en el manual del usuario, pero no puedo hacer que funcione correctamente. en este momento, no puedo conectar mi impresora a mi red inalámbrica, incluso después de varios intentos de solución de problemas. solicito su orientación para resolver este problema. ¿podrían proporcionarme instrucciones detalladas, paso a paso, o indicarme un recurso que describa el proceso de configuración inalámbrica para este modelo específico? su ayuda en este asunto sería muy apreciada. gracias por su apoyo. atentamente, <name>",tech online store
"informando problemas con el uso de jira software estimado servicio de atención al cliente, estoy escribiendo para informarle sobre algunos problemas que nuestro equipo de ventas está experimentando con jira software 8.20 en relación con el seguimiento de la gestión de proyectos. hemos encontrado considerables dificultades al intentar actualizar tareas y ver tableros de control de manera eficiente, lo que está obstaculizando nuestros procesos de trabajo. nuestro equipo depende en gran medida de estas funciones para mantener la productividad, y este problema ha creado algunos cuellos de botella. las tareas parecen no guardarse correctamente o se están actualizando con retrasos significativos, causando confusión y esfuerzos duplicados dentro del equipo. además, los tableros de control están tardando más de lo habitual en cargarse, a menudo sin reflejar la información más actualizada. esto ha afectado nuestro proceso de toma de decisiones, ya que dependemos de una representación precisa de los datos. le solicitamos amablemente su asistencia para resolver estos problemas a la mayor brevedad posible. la funcionalidad de nuestro equipo de ventas depende significativamente del funcionamiento fluido del sistema de seguimiento de la gestión de proyectos. gracias por su atención a este asunto. esperamos su pronta respuesta. atentamente, <name> <acc_num> <tel_num>",software development company
"hola, estoy experimentando fluctuaciones en mi estado de cuenta de aws y necesito claridad sobre este asunto. parece estar afectado por el uso variable de los servicios y las actualizaciones de autoescalado relacionadas con el servicio de gestión de aws. ¿puedes ayudarme a entender estos cambios? gracias, <name>",it services
"estimado equipo de soporte de servicios de ti, nuestro usuario, <name>, está experimentando frecuentes bloqueos en google chrome 102.0, especialmente mientras transmite, lo que está reduciendo significativamente la productividad. ¿podrían investigar y sugerir una solución para este problema? es crucial restaurar la experiencia del usuario sin problemas y mantener la eficiencia. gracias por su pronta asistencia en este asunto. atentamente, <name>",it services
"consulta sobre disponibilidad y opciones de entrega para impresora estimado servicio al cliente, espero que este mensaje los encuentre bien. les escribo para consultar sobre la disponibilidad actual y las posibles opciones de entrega para la impresora inalámbrica hp deskjet 3755 que está disponible en su tienda en línea. estoy interesado en comprar este modelo debido a su diseño compacto y capacidades inalámbricas, que se adaptan perfectamente a mi configuración de oficina en casa. ¿podrían proporcionarme información sobre si esta impresora está actualmente en stock? además, me gustaría saber sobre las opciones de envío estándar y exprés a mi ubicación. si es posible, incluyan los tiempos de entrega potenciales y cualquier costo adicional o promociones asociadas con estos servicios. también, si la hp deskjet 3755 no está disponible en este momento, ¿podrían informarme sobre un cronograma aproximado de reposición o recomendarme modelos similares que puedan estar disponibles? gracias por su ayuda. espero su pronta respuesta. no duden en contactarme a mi correo electrónico o al <tel_num> para cualquier aclaración necesaria. saludos cordiales, <name>",tech online store
"necesito ayuda con la respuesta lenta de consultas en mysql 8.0.30 estimado soporte al cliente de servicios de ti, escribo para solicitar asistencia respecto a los problemas de rendimiento que estamos enfrentando con nuestra base de datos mysql 8.0.30. hemos notado que las respuestas a las consultas se han vuelto significativamente lentas, lo que está afectando nuestra productividad general y el rendimiento de la aplicación. creemos que podría ser necesaria una optimización del rendimiento para resolver estos problemas. ya hemos intentado optimizar los índices y realizar diagnósticos, pero lamentablemente, el problema persiste. sospechamos que podría estar relacionado con configuraciones específicas de la versión de mysql o cuellos de botella de recursos. ¿podrían por favor aconsejarnos sobre posibles optimizaciones que deberíamos considerar o ayudarnos a solucionar estos problemas de manera más efectiva? cualquier orientación o recomendación experta de su equipo sería muy apreciada. nuestro número de cuenta es <acc_num>, y estamos disponibles para más discusiones a su conveniencia. gracias por su atención a este asunto. atentamente, <name> equipo de soporte de <company> contacto: <tel_num>",it services
"problemas de inicio de sesión con office 365 estimado cliente de tech online store soporte al cliente, escribo para informar sobre un problema de inicio de sesión con mi cuenta de microsoft office 365. no puedo acceder a mis correos electrónicos y servicios en la nube debido a este problema, el cual ha estado afectando mi trabajo. he verificado mis credenciales y son correctas. a pesar de esto, el problema persiste. ¿podría ayudarme a resolver este asunto con urgencia? mi nombre de usuario de la cuenta es <name>, y mi número de cuenta es <acc_num>. además, si es necesario, no dude en comunicarse conmigo al <tel_num>. gracias por su pronta atención a este problema. saludos cordiales, <name>",tech online store
problemas de conectividad intermitente en isr4331 hay configuraciones de red en conflicto.,it services
"problema de implementación en la nube de aws de alta prioridad estimado equipo de soporte de servicios de ti, espero que este mensaje los encuentre bien. estoy escribiendo para informar sobre un problema de alta prioridad relacionado con nuestro servicio de gestión de aws. actualmente estamos experimentando problemas durante nuestro proceso de implementación en la nube, lo que requiere atención inmediata. la configuración de nuestra infraestructura parece estar causando retrasos y interrupciones, afectando significativamente nuestras operaciones y cronogramas de entrega. dada la naturaleza crítica de este problema, solicitamos amablemente asistencia acelerada de su equipo. creemos que su experiencia será crucial para identificar la causa raíz e implementar una solución oportuna para agilizar nuestra implementación. la asistencia para evaluar la configuración actual y realizar las optimizaciones necesarias sería muy apreciada para restaurar la funcionalidad normal. por favor, háganos saber qué información o acceso podrían necesitar de nuestra parte para facilitar una resolución rápida. pueden contactarme directamente por correo electrónico o a mi número de teléfono, <tel_num>, para cualquier coordinación inmediata. asegurar un servicio ininterrumpido es primordial para nuestra operación, y su apoyo rápido es imperativo. gracias de antemano por su atención a este asunto urgente. atentamente, <name> posición nombre de la empresa",it services
"problemas con la impresora canon pixma mg3620 estimado equipo de soporte de tech online store, me dirijo a ustedes para informar sobre varios problemas con una compra reciente en su tienda, la canon pixma mg3620. hemos encontrado atascos de papel frecuentes durante múltiples trabajos de impresión, lo que interrumpe significativamente nuestro flujo de trabajo. además, la impresora no realiza impresión dúplex como se anunciaba, lo que reduce aún más la eficiencia de nuestras operaciones. dado que estos problemas afectan nuestra productividad, agradeceríamos asistencia urgente. si se requiere un reemplazo o reparación, por favor asesoren sobre los pasos necesarios. espero su pronta respuesta para ayudarnos a resolver estos problemas. gracias por su atención. atentamente, <name>",tech online store
"dificultades de inicio de sesión del consultor con el sistema hr estimado equipo de soporte de it consulting, espero que este mensaje les encuentre bien. les escribo para informarles de un problema técnico que ocurrió cuando nuestro consultor, <name>, intentó acceder al sistema de hr como parte de un proceso de evaluación destinado a mejorar la eficiencia de nuestro equipo en el desarrollo de software. la capacidad de acceder al sistema de hr es crucial para que nuestro consultor evalúe y diseñe nuestras necesidades de desarrollo de software con precisión. desafortunadamente, nuestro consultor enfrentó desafíos significativos al intentar iniciar sesión. el sistema constantemente devolvía un error, impidiendo cualquier paso adicional en nuestro proceso de evaluación. este problema ha estancado considerablemente nuestro progreso, ya que evaluar nuestra estructura de it existente es fundamental para determinar mejoras futuras. apreciaríamos su pronta asistencia para resolver este problema de inicio de sesión. es vital para nosotros recuperar el acceso para asegurar que nuestra evaluación pueda continuar de forma fluida y efectiva. por favor, contáctenos al <tel_num> o responda a este correo electrónico a la mayor brevedad posible. dependemos de su experiencia para resolver este asunto rápidamente. gracias por su atención a este asunto urgente. atentamente, <name> número de cuenta: <acc_num>",it consulting firm
"solicitud de asistencia urgente con problemas del dell xps 13 estimado equipo de soporte al cliente, espero que este mensaje lo encuentre bien. les escribo para solicitar apoyo adicional para mi portátil dell xps 13 9310, que actualmente está experimentando varios problemas en los que agradecería su ayuda para resolver. como este es un dispositivo esencial tanto para mis tareas personales como profesionales, su pronta atención a este asunto sería muy apreciada. en primer lugar, he encontrado un problema persistente con la batería de mi dell xps 13. parece descargarse mucho más rápido de lo esperado, incluso cuando se usa el portátil para tareas básicas como navegar por internet o procesar textos. esta inesperada agotamiento de la batería es inconveniente y afecta mi capacidad de usar el dispositivo de manera eficiente, especialmente durante los viajes o cuando el acceso a una fuente de energía es limitado. además de los problemas de la batería, también estoy experimentando un problema en el que el teclado ocasionalmente se vuelve no reconocido. durante el uso, el teclado intermitentemente deja de responder a las entradas, lo que interrumpe mi flujo de trabajo y requiere un reinicio del dispositivo para recuperar la funcionalidad. este problema ha demostrado ser un obstáculo significativo y estoy ansioso por encontrar una solución. ya he intentado métodos de solución de problemas estándar, incluidos actualizaciones del sistema y reinstalaciones del controlador del teclado, pero estos problemas persisten. como mi dispositivo todavía está bajo garantía, agradecería si pudieran proporcionar instrucciones detalladas sobre los próximos pasos. alternativamente, si se necesita una reparación o reemplazo, por favor háganme saber cómo proceder. gracias por su atención a estos temas. no duden en comunicarse conmigo a <email> o <tel_num> para más detalles o para discutir soluciones posibles. espero su pronta respuesta y una resolución a estos problemas. atentamente, <name>",tech online store
"solicitud de revisión: cargo mensual incorrecto estimado equipo de atención al cliente, espero que este mensaje los encuentre bien. estoy escribiendo para expresar mi preocupación respecto a un problema de facturación con mi reciente plan google workspace business standard. mi número de cuenta, <acc_num>, fue cobrado incorrectamente en el último ciclo de facturación, lo que llevó a un cargo inesperado. a pesar de tener un acuerdo de facturación mensual estándar, el monto de la factura del último período indica una discrepancia considerable. por favor, revisen los detalles de facturación asociados con mi cuenta y asesoren sobre los ajustes necesarios. adjunto la captura de pantalla de la factura para su revisión. creo que este problema requiere atención urgente para evitar discrepancias futuras. por favor, respondan a la brevedad posible para que podamos resolver este asunto rápidamente. gracias por su asistencia. saludos cordiales, <name>",tech online store
"estimado servicio de atención al cliente, le escribimos para informarle sobre un problema crítico que experimentamos con el servicio de gestión de aws. parece que hubo una mala configuración en los ajustes de aws, lo que provocó una interrupción del servicio que afectó la disponibilidad de nuestro sitio web durante varias horas. necesitamos asistencia urgente para resolver este problema y prevenir cualquier ocurrencia futura. por favor, investigue este asunto a la brevedad. su pronta acción será muy apreciada. gracias por su apoyo. atentamente, <name> <acc_num>",it services
"solicitud de retroalimentación sobre el rendimiento del servidor estimado soporte al cliente, espero que este mensaje le encuentre bien. estoy escribiendo para solicitar retroalimentación sobre el rendimiento del servidor y la rentabilidad en relación con los ajustes de nuestro proyecto de consultoría de ti en curso. nuestro cliente, <name>, ha expresado preocupaciones sobre el estado actual y le gustaría explorar mejoras o alternativas para asegurar resultados óptimos. le rogamos que nos proporcione información detallada que aborde estas preocupaciones lo antes posible. además, por favor incluya también puntos de datos relevantes específicos de nuestra categoría de producto afectada: servicio de consultoría de ti. su pronta respuesta será de gran ayuda para alinear nuestras propuestas con las expectativas del cliente. gracias por su atención y apoyo. atentamente, <name>",it services
"problema con el botón de encendido en dell xps estimado servicio al cliente, estoy escribiendo para informar un problema con mi portátil que compré en su tienda. el dispositivo en cuestión es un dell xps 13 9310. estoy teniendo problemas con el botón de encendido que no responde, lo que impide que el dispositivo arranque por completo. he intentado algunos pasos básicos de solución de problemas, como enchufar el portátil a una fuente de alimentación para asegurarme de que la batería no esté muerta, pero lamentablemente, ninguno de estos métodos ha resuelto el problema con éxito. este portátil es crucial para mis operaciones diarias y agradecería su pronta asistencia para resolver este asunto. ¿podría por favor aconsejarme sobre los siguientes pasos? ¿debería llevar el dispositivo a un técnico local afiliado a su compañía, o sería posible enviarlo de vuelta a su centro para una inspección más profunda? he intentado comunicarme a través de su línea de ayuda al <tel_num> pero no pude localizar a un operador. mi número de cuenta es <acc_num> y espero que esto pueda ayudar a acelerar el proceso. gracias por su atención a este asunto. espero su pronta respuesta para garantizar una mínima interrupción a mi trabajo. por favor, hágamelo saber si se requiere información adicional. atentamente, <name>",tech online store
"problema de facturación con la licencia de visual studio code hola soporte al cliente, espero que este mensaje te encuentre bien. me pongo en contacto para solicitar asistencia con respecto a un problema de facturación que encontré con mi reciente compra de la licencia anual para visual studio code 1.70. parece que me han facturado dos veces por este producto, y agradecería si pudieran investigar este asunto. para ayudar en su investigación, la compra se realizó bajo la cuenta vinculada a <acc_num>, y los ids de transacción asociados con los cargos son <transaction_id_1> y <transaction_id_2>. solicito amablemente una revisión de estos cargos y un reembolso por el pago duplicado. agradecería mucho su pronta atención a este problema. no dude en ponerse en contacto conmigo al <tel_num> para cualquier detalle adicional que necesiten. gracias por su asistencia. atentamente, <name>",tech online store
"estimado servicio al cliente, estoy experimentando dificultades con el router cisco isr4331. desafortunadamente, no está proporcionando acceso a internet y los clientes no pueden conectarse o navegar por la web. esto está causando una interrupción significativa en nuestras operaciones diarias, ya que dependemos en gran medida de una conectividad a internet estable. ¿podrían investigar este problema y proporcionar una solución rápida? su pronta asistencia para resolver este asunto crítico sería muy apreciada. si se requiere más información o acción de nuestra parte, por favor háganoslo saber. gracias por su atención a este asunto urgente. saludos, <name>",it services
"hola, ¿podrías por favor verificar la disponibilidad y los precios para el macbook air m1, tanto en línea como en la tienda? espero tu respuesta. ¡gracias! saludos cordiales, <name>",tech online store
"problema de conectividad con isr4331 estimado servicio al cliente, espero que este mensaje le encuentre bien. le escribo para informarle que nuestro enrutador cisco isr4331 está experimentando problemas de conectividad intermitentes. esto ha afectado significativamente el rendimiento de nuestra red empresarial y el acceso seguro. le solicitamos amablemente su asistencia para resolver este problema lo antes posible. gracias por su pronta atención a este asunto. saludos cordiales, <name> <acc_num> <tel_num>",it consulting firm
"urgente: se necesitan parches de seguridad y validez de configuración para el enrutador empresarial estimado equipo de soporte al cliente, mi nombre es <name>, y me pongo en contacto con ustedes respecto a un problema crítico que ha surgido con nuestro equipo de red. nuestro enrutador cisco isr4331 ha estado experimentando problemas de conectividad intermitente, lo que afecta significativamente nuestras operaciones. estas interrupciones sugieren la necesidad potencial de una evaluación inmediata y la aplicación de parches de seguridad. es crucial verificar la validez de las configuraciones actuales para asegurar un rendimiento y seguridad óptimos. nuestras operaciones dependen en gran medida de la conectividad de red estable para mantener la productividad y los canales de comunicación. solicitamos una intervención urgente de su equipo experto para abordar estos problemas de manera rápida. por favor, contáctenme al <tel_num> para discutir más sobre esta situación y programar un técnico que evalúe nuestro sistema en el momento que más les convenga. gracias por su atención a este asunto. atentamente, <name>",it services
"solicitud de asistencia con la integración de jira hr estimado soporte al cliente, espero que este mensaje le encuentren bien. me pongo en contacto para solicitar asistencia con la integración de jira software 8.20 para gestionar tareas de recursos humanos y optimizar los flujos de trabajo relacionados con los empleados de manera eficiente. nuestro objetivo es mejorar la productividad y garantizar operaciones fluidas en el manejo de procesos de recursos humanos. ¿podría proporcionar orientación sobre las mejores prácticas para configurar esta integración? además, si se necesitan configuraciones específicas, le agradecería que compartiera detalles precisos que podrían ser útiles. su experiencia y apoyo en este asunto serían muy apreciados. atentamente, <name> <company> <tel_num>",it services
"se requiere solución de problemas para problemas de conectividad intermitente estimado soporte al cliente, estoy escribiendo para solicitar ayuda con problemas de conectividad intermitente en nuestro router cisco isr4331, que forma parte de nuestra red empresarial. hemos observado interrupciones periódicas en la conectividad de red que afectan nuestras operaciones en general. esto ha estado impactando nuestra productividad, y requerimos su apoyo experto en la solución de problemas para resolver el problema de la manera más efectiva posible. por favor, háganos saber los próximos pasos para diagnosticar el problema y cualquier información adicional que pueda necesitar de nuestra parte. esperamos su pronta asistencia en este asunto. gracias, <name> <name>@<company>.com",it services
"estimado servicio de atención al cliente, espero que este mensaje le encuentre bien. estoy escribiendo para llamar la atención sobre una discrepancia que noté en mi reciente facturación por la suscripción a microsoft office 365 asociada con mi número de cuenta <acc_num>. el monto cobrado no coincide con la tarifa de suscripción acordada, y no puedo localizar un estado de factura detallado para entender los cargos adicionales aplicados. ¿podría proporcionarme un estado de factura completo que detalle todos los cargos relacionados con este período de facturación? si es posible, también apreciaría cualquier desglose o explicaciones para los cargos adicionales que se han aplicado. creo que tener esta información ayudará a aclarar cualquier malentendido y garantizará la precisión en la facturación futura. gracias por su atención a este asunto. espero tener noticias suyas pronto. atentamente, <name>",tech online store
"estimado servicio de atención al cliente, espero que este mensaje le encuentre bien. recientemente compré un dell xps 13 9310 y estoy buscando adquirir algunos accesorios compatibles para este modelo. específicamente, estoy interesado en adaptadores que estén garantizados para funcionar con el dell xps 13 9310. ¿podría proporcionarme una lista de accesorios disponibles y adaptadores compatibles para este portátil? además, si hay alguna promoción en curso o paquetes de ofertas para estos accesorios, le agradecería que incluyera esa información también. espero su respuesta. ¡gracias! atentamente, <name>",tech online store
"urgente: soporte para router defectuoso hola soporte al cliente, nuestro router cisco isr4331 está experimentando una falla repentina, causando importantes interrupciones en la red en todo el sistema. este problema es crítico y requiere su intervención técnica inmediata. sospechamos que actualizar el firmware del router podría restaurar su funcionalidad normal. por favor, agilicen el proceso para resolver estas interrupciones y restaurar nuestros servicios a la mayor brevedad posible. dependemos en gran medida de un servicio continuo y sin interrupciones y agradecemos su rápida asistencia. atentamente, <name> <tel_num>",it services
"problema con la consistencia del audio en zoom 5.11.0 estimado equipo de soporte al cliente, espero que este mensaje les encuentre bien. me pongo en contacto para llamar su atención sobre un problema que he encontrado con la consistencia del audio durante mis reuniones en línea usando zoom versión 5.11.0, que compré a través de su tienda en línea tech. a pesar de las numerosas excelentes características del software, los problemas de audio han sido bastante persistentes. más específicamente, el audio se corta intermitentemente, lo que interrumpe significativamente el flujo de las reuniones y hace que sea particularmente complicado comunicarse de manera efectiva. he intentado múltiples soluciones, como verificar mi conexión a internet y asegurarme de que mi micrófono y altavoces funcionen correctamente, pero el problema persiste. agradecería cualquier orientación o pasos de solución de problemas que puedan proporcionarme para resolver estos problemas. si es necesario, estoy dispuesto a proporcionar más detalles sobre las especificaciones de mi dispositivo o realizar cualquier diagnóstico sugerido. por favor, háganme saber cómo puedo ayudarles más en abordar este asunto. gracias por su tiempo y apoyo. saludos cordiales, <name> <email_address> <tel_num>",tech online store
"problema de eficiencia en jira software estimado cliente del servicio de atención al cliente de la firma de consultoría de ti, espero que este mensaje le encuentre bien. le escribo para informar sobre un problema continuo que estamos experimentando con los tiempos de respuesta del sistema de tickets, que está impactando significativamente nuestra eficiencia en la gestión de proyectos dentro del entorno de jira software 8.20. debido a estos prolongados tiempos de respuesta, nuestro equipo está enfrentando retrasos en el seguimiento de las actividades del proyecto y en la actualización del progreso de las tareas, lo cual se ha convertido en una preocupación creciente para nuestros proyectos en curso. entendemos que la estabilidad y el rendimiento de jira son cruciales para una gestión óptima de proyectos, por lo tanto, estamos ansiosos por resolver este problema lo antes posible. ¿podría proporcionarnos orientación sobre posibles soluciones o alternativas que puedan ayudar a restaurar los niveles de rendimiento normal del sistema? además, si es necesario, agradeceríamos información sobre cómo escalar este problema dentro de su equipo de soporte para asegurar una resolución rápida. gracias por su atención a este asunto. esperamos su pronta respuesta y una rápida resolución. atentamente, <name> <acc_num> <tel_num>",it consulting firm
"urgente: laptop dell xps 13 9310 no enciende estimado equipo de soporte al cliente, me pongo en contacto para informar un problema crítico con la laptop dell xps 13 9310 que se compró recientemente en su tienda en línea tech. no está encendiendo, y esto está causando una interrupción significativa ya que el dispositivo es urgentemente necesario para proyectos en curso. la laptop es una parte crucial de nuestras operaciones diarias, y solicitamos atención inmediata a este asunto. la compra se realizó bajo el número de cuenta <acc_num>, y el pedido fue entregado en la fecha esperada. sin embargo, este problema se encontró directamente fuera de la caja. agradeceríamos que pudieran proporcionar orientación sobre los próximos pasos o organizar un reemplazo o reparación a la brevedad. gracias por su pronta asistencia. atentamente, <name> <name@example.com> <tel_num>",tech online store
"problemas de facturación con adobe photoshop estimado soporte de tienda en línea de tech, espero que este mensaje le encuentre bien. mi nombre es <name>, y estoy encontrando problemas con la renovación de mi suscripción de adobe photoshop 2024, particularmente con el método de facturación y pago. mi número de cuenta es <acc_num>. al intentar renovar la suscripción, recibí un mensaje de error que indicaba que mi método de pago actual, que es una <card_type>, que termina en <last4digits>, ya no es válido ni aceptado. agradecería su asistencia para resolver este asunto. no estoy seguro de si el problema está relacionado con los detalles de la tarjeta en archivo o con un problema técnico dentro de su sistema de facturación. además, estoy interesado en actualizar mi método de pago para asegurar un servicio ininterrumpido. por favor, asesórenme sobre el mejor curso de acción y si se requiere información adicional de mi parte. gracias por su pronta atención a este asunto. espero su asistencia. atentamente, <name> número de contacto: <tel_num>",tech online store
"problemas de bloqueo de la aplicación estimado cliente del servicio de atención al cliente de tech online store, escribo para informar sobre un problema que estoy experimentando con mi microsoft surface pro 7. desde que actualicé mi dispositivo a la última versión de windows 10, he estado enfrentando bloqueos frecuentes de la aplicación. esto ha interrumpido significativamente mi flujo de trabajo y se está volviendo cada vez más frustrante. ¿podría proporcionarme orientación sobre cómo resolver este problema? cualquier solución o recomendación disponible sería muy apreciada. mi surface pro 7 aún está bajo garantía con el número de cuenta <acc_num>. por favor, hágamelo saber si necesita información adicional. gracias por su asistencia. atentamente, <name> <tel_num>",tech online store
"estimado soporte al cliente, estoy escribiendo para informar sobre un problema que hemos encontrado con nuestro sistema de tickets de jira, particularmente en lo que respecta a los permisos de usuario que impactan la gestión del flujo de trabajo dentro de nuestro departamento de recursos humanos. los usuarios están teniendo dificultades para acceder a ciertas funciones, lo que está causando retrasos en nuestras operaciones. actualmente estamos utilizando jira software 8.20. necesitamos asistencia urgente para resolver esto, ya que está afectando la productividad y la eficiencia operativa. ¿podría priorizar este problema y proporcionar orientación o una solución a su conveniencia? gracias por su pronta atención a este asunto. atentamente, <name>",it services
"estimado cliente de soporte de servicios de ti, espero que este mensaje le encuentre bien. le escribo para informarle sobre un incidente crítico que ocurrió durante una sesión de servicio de consultoría de ti, que ha afectado negativamente nuestra administración de servidores y nuestro sistema de tickets. dado el impacto del problema, lo categorizaría como de alta prioridad y requiero atención inmediata para resolverlo. el incidente tuvo lugar durante una consulta de rutina destinada a mejorar nuestra infraestructura de ti. inesperadamente, a mitad de la sesión, nos encontramos con una serie de interrupciones que llevaron al mal funcionamiento tanto de nuestras capacidades de gestión de servidores como de nuestro sistema de tickets utilizado para el seguimiento de problemas y tareas. como puede imaginar, tales interrupciones están afectando significativamente nuestras operaciones diarias y nuestra capacidad para brindar apoyo oportuno a nuestros propios clientes. lo que agrava el problema es que estamos experimentando retrasos en la resolución de problemas debido a los sistemas afectados. dependemos en gran medida del sistema de tickets para registrar y monitorear problemas técnicos y de nuestra administración de servidores para garantizar un acceso ininterrumpido a aplicaciones cruciales y datos de clientes. sin estas funciones clave, nuestra eficiencia ha disminuido marcadamente, poniendo en riesgo nuestros compromisos de nivel de servicio. ¿podría priorizar este problema y asignar un equipo de soporte dedicado para ayudarnos a rectificar esta situación lo antes posible? necesitamos orientación sobre los pasos inmediatos a ejecutar para mitigar más problemas mientras se implementa una solución permanente. creo que una revisión integral por parte de sus consultores técnicos podría ayudar a diagnosticar y resolver rápidamente los cuellos de botella resultantes de este incidente. gracias por su atención inmediata a este asunto urgente. espero su pronta respuesta. atentamente, <name> <name> corporación <tel_num> <email>",it services
"problema urgente con el teclado del dell xps 13 estimado equipo de soporte al cliente de tech online store, espero que este mensaje lo encuentre bien. estoy escribiendo para expresar mi preocupación respecto a los problemas del teclado que estoy experimentando con el dell xps 13 9310, que compré en su tienda. el teclado se ha vuelto completamente no receptivo, lo que afecta en gran medida mi productividad y interrumpe mis tareas diarias. este problema es de alta prioridad para mí, y necesito asistencia para resolverlo con prontitud. ¿podrían por favor aconsejarme sobre los próximos pasos o proporcionar una solución lo antes posible? agradecería su atención inmediata a este asunto. gracias por su comprensión. saludos cordiales, <name>",tech online store
problema de parpadeo de pantalla en dell xps 13 estoy experimentando problemas de parpadeo de pantalla en mi dell xps 13 9310.,tech online store
"solicitud de cambio: dell xps 13 9310 estimado soporte al cliente, estoy escribiendo para solicitar un cambio por mi dell xps 13 9310. la unidad que recibí tiene problemas de rendimiento persistentes que afectan mi trabajo. por favor, guíenme sobre cómo proceder con el proceso de cambio. los detalles de mi compra están bajo el número de cuenta <acc_num>. gracias, <name>",tech online store
"problema: reproducción hdr borrosa en tv samsung qled estimado soporte al cliente, estoy experimentando visuales borrosas al reproducir contenido hdr en mi tv samsung qled qn90a. por favor, aconseje sobre una solución o inicie un proceso de devolución. gracias por su asistencia. saludos, <name>.",tech online store
"estimado equipo de soporte de servicios de ti,<br><br>estamos experimentando un problema con jira software 8.20. nuestros clientes no pueden crear cuentas de usuario y reciben un mensaje de error desconocido durante el registro. por favor, ayúdennos a resolver este problema.<br><br>gracias,<br><name>",it services
"solicitud de cambio en la configuración de permisos de usuario estimado servicio de atención al cliente, espero que este mensaje le encuentre bien. estamos enfrentando un problema con la configuración de permisos de usuario dentro de nuestra instancia de jira software, específicamente con la versión 8.20. esta situación está afectando significativamente nuestro flujo de trabajo en la gestión de proyectos. recientemente hemos recibido una solicitud de uno de nuestros usuarios clave, <name>, quien nos hizo notar que ciertos permisos para los roles de proyecto necesitan ajustes para mejorar la colaboración en equipo y el control de acceso. ¿podría ayudar a revisar la configuración actual de permisos? además, apreciaríamos su orientación sobre las mejores prácticas para implementar cambios sin interrumpir nuestros proyectos en curso. si es posible, un cronograma para resolver estos problemas sería de gran ayuda. esperamos su pronta respuesta. saludos, <name> <name> compañía de desarrollo de software <email_address> <tel_num>",software development company
"estimado equipo de atención al cliente, estoy escribiendo para abordar un problema urgente de facturación que ha surgido con nuestra cuenta de servicio de consultoría de ti (<acc_num>). nuestro cliente, <name>, que puede ser contactado en <tel_num>, está experimentando algunas complicaciones que actualmente clasifican esto como un asunto de alta prioridad. sin una resolución inmediata, el proceso de aprobación de pago no puede continuar, lo que podría afectar nuestras operaciones y relación. ¿podría por favor proporcionar los pasos o pautas necesarias para navegar este problema a la brevedad posible? dada la naturaleza y el potencial impacto de esta situación, le instamos amablemente a que preste atención rápida para asegurar la continuidad sin interrupciones de nuestros servicios. gracias por su comprensión y cooperación. atentamente, <name> la empresa de <name> contacto: <tel_num>",it services
"caídas frecuentes en macbook air estimado equipo de soporte al cliente, estoy escribiendo para informar un problema de rendimiento que estoy experimentando con mi macbook air m1. en las últimas semanas, he encontrado caídas frecuentes cada vez que intento ejecutar múltiples aplicaciones simultáneamente. esto se ha convertido en un gran inconveniente, especialmente cuando dependo del dispositivo para mis tareas diarias. compré la macbook air m1 en su tienda a principios de este año, y ha recibido actualizaciones regulares. sin embargo, el problema sigue persistiendo, con caídas que ocurren en intervalos impredecibles. asegurar un funcionamiento suave sin interrupciones es crucial para mi trabajo, y espero encontrar una solución expedita. ¿podrían aconsejarme sobre los pasos que puedo seguir para resolver este problema? además, si existe la posibilidad de un defecto de hardware o software, ¿podrían guiarme a través del proceso de diagnóstico o reparación? estoy preparado para proporcionar cualquier información adicional o tomar los pasos necesarios para facilitar la resolución. espero su pronta respuesta y una solución a este problema. gracias por su asistencia y soporte. atentamente, <name> <tel_num> <acc_num>",tech online store
"asistencia urgente necesaria para el router cisco isr4331 estimado soporte al cliente de servicios de ti, estoy experimentando problemas continuos con mi router cisco isr4331. específicamente, el router se desconecta constantemente de internet, lo que afecta significativamente mis tareas laborales. este asunto es urgente, y solicito que el router sea revisado o reemplazado a la mayor brevedad posible. tener conectividad a internet confiable es crucial, y cualquier otra interrupción podría impactar severamente mi productividad. confío en su pronta atención para resolver este problema rápidamente. gracias por su urgente apoyo para abordar este asunto. atentamente, <name>",it services
"problema de conexión a internet estimado equipo de soporte al cliente, estoy enfrentando problemas de conexión a internet con mi enrutador cisco isr4331. después de varios intentos de configurar y reiniciar el dispositivo, todavía no se conecta a internet. agradecería cualquier ayuda que pudieran proporcionarme para rectificar este problema. gracias por su pronta respuesta. atentamente, <name>",it services
"urgente: error 403 al acceder a la consola de administración de aws estimado equipo de soporte de servicios de ti, estoy escribiendo para informar sobre un problema urgente con el servicio de administración de aws. nuestro equipo, liderado por <name>, actualmente no puede acceder a la consola de administración de aws; estamos encontrando un error 403. este problema está afectando significativamente nuestras operaciones, y una rápida resolución es imperativa para evitar más interrupciones en el servicio. sospechamos que el error podría estar relacionado con la configuración de permisos o problemas de cuenta y solicitamos amablemente su experiencia para verificar nuestra configuración de <acc_num> o cualquier otra causa probable. por favor, háganos saber lo antes posible cómo proceder. puede comunicarse con nosotros al <tel_num> o enviarme un correo electrónico directamente a <email>. su respuesta inmediata será muy apreciada. gracias por su atención a este asunto urgente. atentamente, <name> <position>",it services
"preocupaciones sobre el rendimiento de la batería del macbook air m1 estimado equipo de soporte de tech online store, espero que este mensaje les encuentre bien. les escribo para expresar mis preocupaciones sobre el rendimiento de la batería de mi macbook air m1 recién comprado. a pesar de ser un dispositivo nuevo, he notado que la duración de la batería no cumple con los estándares de rendimiento esperados anunciados por apple. como uso mi macbook predominantemente para trabajar, es crucial que la batería dure más para maximizar la productividad. ¿podrían darme sugerencias sobre cómo optimizar la configuración? cualquier consejo sobre ajustes que podrían mejorar la duración de la batería sería muy apreciado. además, si hay actualizaciones o pautas oficiales del fabricante que aborden estos problemas, por favor háganmelo saber. gracias por su asistencia en la resolución de este asunto. espero su pronta respuesta. saludos cordiales, <name> <tel_num> <acc_num>",tech online store
"problemas de inicio de sesión urgentes estimado soporte al cliente, escribo para solicitar urgentemente asistencia para resolver los problemas de inicio de sesión que estamos experimentando con microsoft office 365, específicamente con excel. este problema está afectando críticamente nuestra capacidad para acceder a los datos de evaluación del rendimiento que son vitales para nuestras próximas evaluaciones. nuestro equipo no ha podido iniciar sesión en excel, y como resultado, nuestros proyectos en curso corren el riesgo de retrasos significativos. hemos intentado restablecer contraseñas, borrar la caché e incluso reinstalar las aplicaciones, pero nada parece resolver el problema. sospechamos que puede haber un problema con la autenticación de usuario relacionada con nuestro <acc_num>. es crucial que este asunto se aborde de inmediato para ayudar a prevenir más interrupciones en nuestras operaciones. por favor, priorice esta solicitud y avísenos cómo podemos proceder rápidamente para restaurar nuestro acceso a excel. si es necesario, estoy disponible para una llamada o para proporcionar cualquier detalle adicional que necesite. háganos saber si hay registros o información específica que requiera de nuestra parte. gracias por su pronta atención a este asunto. puede comunicarse conmigo al <tel_num>. esperamos su respuesta rápida. saludos cordiales, <name>",it services
"problema con el acceso al portal de facturación para solicitar la factura estimado servicio de atención al cliente, estoy teniendo problemas para acceder al portal de facturación para recuperar la factura de mi reciente compra de microsoft office 365. ¿podrían ayudarme a resolver este problema proporcionando una forma alternativa de obtener la factura? gracias.",tech online store
"problema con la instalación de norton antivirus plus estimado equipo de atención al cliente, estoy teniendo dificultades con la instalación de norton antivirus plus en mi computadora. a pesar de haber seguido todas las indicaciones, el procedimiento de instalación no es exitoso de manera repetida. ¿podrían ofrecerme ayuda para solucionar este inconveniente lo más pronto posible? si es necesario, mis datos de contacto son <name>, <tel_num>, y mi número de cuenta es <acc_num>. gracias, <name>",it services
"solicitud de soporte técnico: problema de impresora estimado servicio de atención al cliente, estoy escribiendo para solicitar asistencia técnica con mi impresora hp deskjet 3755. recientemente, he notado que produce rayas en las páginas al imprimir documentos en color. este problema está afectando la calidad de mis impresiones y mi capacidad para realizar tareas de manera eficiente. he intentado pasos básicos de solución de problemas, como limpiar el cabezal de impresión, pero el problema persiste. ¿podría guiarme a través de métodos de solución de problemas más avanzados o arreglar una cita con un técnico profesional para resolver este problema? puede contactarme al <tel_num> para obtener más asistencia. gracias. saludos cordiales, <name>",it consulting firm
"hola, estamos buscando ayuda para migrar nuestras direcciones de correo electrónico existentes a gmail y establecer herramientas de colaboración empresarial en google workspace business standard. por favor, proporcione orientación sobre el proceso y cualquier requisito. saludos, <name>",software development company
"consulta sobre estrategias de optimización de costos de aws estimado equipo de soporte al cliente, estoy escribiendo para preguntar sobre la optimización de los costos de uso de nuestra nube aws y hacer ajustes para mejorar el equilibrio entre rendimiento y eficiencia de costos. hemos estado utilizando el servicio de gestión de amazon aws y estamos interesados en sus recomendaciones sobre las mejores prácticas. ¿podrían proporcionar información o estrategias disponibles para ayudar a reducir nuestros costos sin comprometer el rendimiento que requerimos? espero su asesoría experta para lograr resultados óptimos. por favor, háganos saber si necesitan más información de nuestra parte. gracias, <name>",it services
"problema de facturación incorrecta detectado estimado cliente de soporte técnico de ti, espero que este mensaje le encuentre bien. me pongo en contacto para expresar mi preocupación sobre un cálculo de facturación incorrecto que se detectó recientemente en mi cuenta. he notado discrepancias que afectan mi saldo y cálculos de pago específicamente para el servicio de gestión de aws. este problema está causando una gran inconveniencia y podría llevar a posibles malentendidos financieros. mi número de cuenta es <acc_num>, registrado bajo el nombre <name>. por favor, revise este asunto a su conveniencia y aconseje sobre los pasos que debemos seguir para resolver este problema. gracias por su pronta atención. atentamente, <name>",it services
"asistencia necesaria para el cambio de licencia en office 365 estimado soporte al cliente, estoy escribiendo para solicitar asistencia con el cambio de licencia para excel en microsoft office 365. nuestro cliente, <name>, informó problemas de activación para el producto afectado, lo que está causando una gran inconveniencia. ¿podría ayudar a resolver este problema a la brevedad? por favor, contácteme al <tel_num> o envíeme un correo electrónico para cualquier información adicional que se requiera. gracias, <name>",it services
"estimado equipo de soporte al cliente, estoy escribiendo para llamar su atención sobre los problemas continuos que estamos experimentando con nuestra implementación en la nube de aws, que se gestiona a través de su servicio de administración de aws. estas interrupciones han estado ocurriendo con una frecuencia creciente y han llevado a interrupciones significativas del servicio para nuestras operaciones. el tiempo de inactividad está afectando nuestros procesos comerciales y causando inconvenientes a nuestros clientes. hemos estado utilizando sus servicios de ti durante un tiempo y no esperábamos problemas tan recurrentes, dada su reputación de confiabilidad. la naturaleza de las interrupciones parece estar relacionada con errores de configuración y asignación insuficiente de recursos durante los picos de uso. intentamos solucionar los problemas utilizando los procedimientos estándar proporcionados en su documentación, sin éxito. desafortunadamente, nuestros intentos de resolver este asunto sin apoyo externo no han sido fructíferos. dada la urgencia de nuestra situación y el impacto en la eficiencia de nuestro negocio, solicitamos amablemente que prioricen nuestro caso y nos brinden una resolución rápida. por favor, infórmenos sobre los próximos pasos para abordar estos problemas de implementación de manera oportuna. gracias por su atención inmediata a nuestras necesidades urgentes. sinceramente, <name>",it services
"ticket de incidente de alta prioridad estimado equipo de soporte de servicios de ti, les escribo para llamar su atención sobre un ticket de incidente de alta prioridad relacionado con un router cisco isr4331 que no funciona. este problema está causando considerables interrupciones en la red y problemas de conectividad que afectan nuestras operaciones. nuestro equipo depende en gran medida de un acceso a la red estable para las tareas diarias, y las interrupciones continuas plantean desafíos significativos a nuestra productividad. debido a la naturaleza crítica de este problema, priorizamos encontrar una solución urgentemente para prevenir cualquier impacto adicional en nuestras operaciones. por favor, aceleren el proceso de solución de problemas y resolución para asegurar un tiempo de inactividad mínimo. infórmenos sobre los próximos pasos o cualquier información adicional que necesiten de nuestra parte. gracias por su pronta atención a este asunto. esperamos una resolución rápida. saludos cordiales, <name> <name> technologies <tel_num> <name>@<name>.com",it services
"urgente: problema con la cámara reportado en dell xps 13 9310 - necesita atención inmediata estimado departamento de atención al cliente, estoy teniendo dificultades con la cámara de mi dell xps 13 9310. está fallando y requiere pronta asistencia. agradecería su orientación sobre los próximos pasos a seguir. gracias, <name>.",online store
"solicitud de configuración de intellij idea estimado equipo de soporte al cliente, estoy escribiendo para solicitar su ayuda con la configuración de intellij idea 2024.1, específicamente para entornos de proyectos java. recientemente compré esta última versión para mi espacio de trabajo, pero he encontrado varios desafíos para crear una configuración de desarrollo óptima. a pesar de seguir la guía de configuración inicial, encuentro que la configuración para proyectos java no es tan sencilla como esperaba. mis principales preocupaciones están relacionadas con la configuración de las rutas del jdk, la resolución de dependencias y la optimización de la ide para una codificación y depuración eficientes. las versiones anteriores de intellij que usé no presentaron estos problemas, por lo que no estoy seguro si hay nuevas características o cambios en esta versión de los que deba estar al tanto. ¿podría proporcionarme instrucciones detalladas o dirigirme a recursos que puedan ayudarme a configurar correctamente mi entorno de intellij? su guía para optimizar la configuración y mejorar la productividad sería muy apreciada. gracias por su apoyo. saludos cordiales, <name>",software development company
"pregunta sobre la gestión de servidores hola equipo de soporte de it consulting firm, espero que estén bien. mi nombre es <name> y les escribo para preguntar sobre sus servicios en gestión de servidores. actualmente estamos considerando diferentes soluciones de ti que podrían mejorar nuestras operaciones y fortalecer nuestra infraestructura existente. ¿podrían compartir información detallada sobre los servicios de gestión de servidores que ofrecen? estamos especialmente interesados en soluciones que funcionen sin problemas con nuestros sistemas actuales y garanticen una eficiencia óptima del servidor. además, si es posible, agradecería que me enviaran cualquier folleto, opciones de precios o planes de servicio completos que puedan tener. nuestra intención es tomar una decisión bien informada que esté alineada con nuestros objetivos organizacionales. espero su pronta respuesta, y no duden en contactarme en la mayor brevedad posible. si tienen alguna pregunta, pueden comunicarse conmigo al <tel_num> o por correo electrónico a <email_address>. gracias por su apoyo. saludos cordiales, <name> <company_name> <acc_num>",it consulting firm
"se necesita soporte urgente para un error de jira estimado equipo de soporte al cliente, espero que este mensaje los encuentre bien. actualmente enfrentamos un problema crítico con jira software 8.20 relacionado con la asignación de tickets que no se guarda correctamente. esto está causando una interrupción significativa en nuestro flujo de trabajo y requiere soporte técnico urgente para resolverlo. ¿podrían priorizar este problema y proporcionar una resolución rápida? su asistencia inmediata será muy apreciada. gracias por su atención a este asunto urgente. atentamente, <name> <acc_num>",software development company
"el cliente solicita cambios en la configuración del servicio aws estimado servicio de atención al cliente, nuestro cliente, <name>, ha solicitado cambios en la configuración de su infraestructura para optimizar costos y mejorar el rendimiento. esto implica ajustes en la configuración del servicio de administración de aws. por favor, guíenos a través del proceso para garantizar una mínima interrupción. el cliente busca soluciones eficientes y rentables. le rogamos que priorice esta solicitud y proporcione un plazo para las modificaciones propuestas. gracias por su atención a este asunto. atentamente, <name> <acc_num> <tel_num>",it consulting firm
"solicitud de soporte para problemas de sobrecalentamiento estimado equipo de atención al cliente, estoy escribiendo para informar un problema con mi dell xps 13 9310 recién adquirido, que ha estado experimentando problemas de rendimiento significativos debido al alto uso de cpu y sobrecalentamiento. desde el día en que comencé a usar la computadora portátil, ha estado mostrando frecuentemente un aumento en la actividad de la cpu, incluso durante tareas que exigen una potencia computacional mínima, lo que lleva a apagados inesperados debido al sobrecalentamiento. este problema de calentamiento está afectando gravemente mi eficiencia laboral al ralentizar el sistema y también ha causado varias pérdidas de datos no guardados. compré este dispositivo en su tienda y estoy profundamente preocupado por estos problemas que ocurren en una compra tan reciente. he asegurado que todo el software esté actualizado y he realizado un mantenimiento de rutina, sin embargo, el problema persiste. por lo tanto, me pongo en contacto para buscar su orientación y posible asistencia para resolver estos problemas. por favor, háganme saber los siguientes pasos, ya sea que implique obtener un reemplazo o reparaciones. gracias por su comprensión y atención rápida a mi problema. espero su respuesta lo antes posible. puedes contactarme en cualquier momento al <tel_num>. atentamente, <name>",tech online store
"pequeño problema con el teclado surface pro 7 estimado equipo de soporte de tech online store, me pongo en contacto para informar un pequeño problema que he encontrado al usar el teclado desmontable de mi microsoft surface pro 7. el problema aparece cuando el dispositivo está con poca batería. durante estos momentos, el teclado a veces se desconecta o no responde. esto generalmente se resuelve después de cargar la batería, pero puede ser bastante inconveniente. ¿podrían por favor asesorarme sobre cómo abordar este problema? cualquier orientación sería muy apreciada. gracias por su atención a este asunto. atentamente, <name>",tech online store
"asistencia con problemas de wi-fi en tp-link eap245 estimado soporte al cliente, estoy escribiendo para solicitar asistencia con respecto a las frecuentes desconexiones de wi-fi que estoy experimentando con mi punto de acceso tp-link eap245. el dispositivo se ha estado desconectando intermitentemente de la red, causando una interrupción significativa en mi trabajo. he intentado varios pasos de solución de problemas, incluyendo ciclos de alimentación del dispositivo y actualización del firmware, pero el problema persiste. ¿podrían proporcionarme orientación sobre algún paso específico de solución de problemas que me pueda estar faltando, o sugerir una posible resolución a este problema? mi número de cuenta es <acc_num>, y estoy disponible en <tel_num> si necesitan más información. gracias por su atención a este asunto. atentamente, <name>",it services
"solicitud de reemplazo inmediato de la batería defectuosa del macbook air m1 estimado equipo de soporte de tech online store, estoy escribiendo para solicitar un reemplazo inmediato de la batería de mi macbook air m1, que compré recientemente debido a apagones frecuentes y aleatorios. a pesar de seguir todas las pautas de mantenimiento y uso recomendadas, estoy enfrentando interrupciones significativas, ya que el dispositivo se apaga inesperadamente. este problema comenzó poco después de la compra y ha persistido, causando inconvenientes y afectando mi productividad enormemente. dependo de mi macbook air m1 tanto para tareas profesionales como personales, lo que hace que este problema sea particularmente urgente. ya he intentado varios métodos de resolución de problemas potenciales, como reiniciar el smc y asegurarme de que el software esté actualizado, pero sin éxito. le pido amablemente su pronta asistencia para abordar esta falla de la batería. para su referencia, mis detalles de pedido y cuenta son los siguientes: número de pedido - <order_num>, número de cuenta - <acc_num>. espero con interés su respuesta pronto con respecto al proceso para organizar un reemplazo lo antes posible. gracias por su atención a este asunto urgente. atentamente, <name> número de contacto: <tel_num>",tech online store
"actualización de firmware urgente requerida para alta latencia estimado soporte al cliente, hemos estado experimentando alta latencia en la red en toda la oficina, que parece deberse al router cisco isr4331. parece que se necesita una actualización urgente del firmware para resolver estos problemas rápidamente. esperamos que pueda ayudarnos a programar esta actualización a la brevedad posible. gracias por su atención a este asunto urgente. atentamente, <name>",it services
"estimado equipo de atención al cliente, me comunico con ustedes para reportar inconvenientes con mi lenovo ideapad 5. he notado que el rendimiento del portátil es considerablemente lento desde la semana pasada, lo que afecta mi eficiencia laboral. ¿me podrían ayudar a resolver este problema? saludos, <name> número de cuenta: <acc_num> teléfono de contacto: <tel_num>",online store
"problema de facturación con el servicio de gestión de aws estimado servicio de atención al cliente, espero que este mensaje le encuentre bien. me dirijo a usted para llamar su atención sobre un problema relacionado con la reciente facturación de nuestro uso de la nube de aws. al revisar nuestro estado de cuenta más reciente, parece que hay discrepancias que han impactado significativamente nuestras estimaciones de costos. parece que los cargos asociados con el servicio de gestión de aws no se alinean con el uso real registrado en nuestra cuenta <acc_num>. la facturación incorrecta ha resultado en costos inesperados que difieren notablemente de nuestras previsiones presupuestarias, lo que dificulta la gestión eficiente de nuestros recursos financieros. <name> de nuestro departamento de finanzas fue quien notó por primera vez esta discrepancia, lo que provocó una necesidad urgente de su revisión de los detalles de facturación. ¿podría realizar una revisión exhaustiva de nuestra cuenta para determinar la causa de este error de cálculo? creemos que ha ocurrido un error en el registro o procesamiento que necesita rectificación. agradeceríamos que nos proporcionara un estado de cuenta de facturación actualizado y cualquier información sobre cómo prevenir que tales problemas ocurran en el futuro. gracias por su pronta atención a este asunto. esperamos su rápida resolución. saludos cordiales, <name> <t_num>",it services
"estimado servicio de atención al cliente, estoy experimentando una navegación anormalmente lenta mientras uso la última versión de google chrome, versión 102.0. este problema solo afecta a chrome, no a otros navegadores. ¿podrían ayudarme, por favor? espero su orientación y una posible solución para reanudar la velocidad de navegación normal. atentamente, <name>",tech online store
"solicitud de ajustes en la infraestructura de ti estimado equipo de soporte de la firma de consultoría de ti, escribo para solicitar ajustes específicos en nuestra infraestructura de ti actual orientados a optimizar el rendimiento del sistema. dada su prioridad media, creo que una atención oportuna a este asunto mejorará significativamente nuestra eficiencia operativa sin interrupciones. hemos estado utilizando sus servicios de consultoría de ti, y aunque estamos en general satisfechos, hemos identificado áreas que podrían beneficiarse de una configuración mejorada. por favor, que un especialista se comunique para determinar soluciones personalizadas para nuestras necesidades. puede comunicarse conmigo a través de mi número de teléfono <tel_num> o por correo electrónico a <name>@company.com. juntos, podemos asegurarnos de que nuestros sistemas estén finamente ajustados y funcionen sin problemas a largo plazo. apreciamos su continuo apoyo y experiencia. atentamente, <name> número de cuenta: <acc_num>",it consulting firm
"problema de batería con dell xps 13 estimado equipo de soporte de tech online store, estoy experimentando un problema de batería con mi dell xps 13 9310. la batería no retiene una carga por más de 2 horas. como resultado, interfiere significativamente en mi trabajo. solicito amablemente asistencia para resolver este asunto a la mayor brevedad posible. por favor, hágame saber si se requiere información adicional. gracias por su pronta atención. atentamente, <name> contacto: <tel_num>",tech online store
"solicitud de asistencia: problemas de atascos de papel en hp deskjet 3755 estimado equipo de soporte al cliente, estoy escribiendo para informar un problema con mi impresora hp deskjet 3755. está experimentando constantemente errores de atascos de papel durante el proceso de impresión, lo que está afectando gravemente la funcionalidad del dispositivo. he intentado pasos básicos de solución de problemas, como verificar obstrucciones y despejar manualmente los atascos, pero el problema persiste. ¿podrían guiarme sobre cómo resolver este problema o, si es necesario, proporcionar instrucciones para obtener una reparación o reemplazo? su pronta asistencia sería muy apreciada, ya que dependo de esta impresora para mis tareas diarias. ¡gracias! atentamente, <name>",tech online store
"problemas de conectividad con el router cisco estimado servicio de atención al cliente, estoy experimentando problemas de conectividad esporádicos con mi router cisco isr4331, que compré recientemente. la conexión se cae inesperadamente y sospecho que puede haber un problema de configuración. agradecería cualquier orientación o apoyo que puedan proporcionar para resolver este problema. por favor asistan a la mayor brevedad posible. gracias, <name> <acc_num>",tech online store
"problema urgente con el enrutador cisco estimado soporte al cliente de servicios de ti, estamos reportando un incidente de alta prioridad relacionado con un enrutador cisco isr4331 defectuoso. este problema está causando interrupciones significativas en la red y requiere su atención y apoyo inmediatos. el enrutador en cuestión es crucial para nuestras operaciones, y su mal funcionamiento está afectando nuestras funciones diarias. por favor, asigne a alguien a esto a la mayor brevedad posible para mitigar los impactos del tiempo de inactividad. gracias por su pronta respuesta. atentamente, <name>, administrador de red <acc_num> <tel_num>",it services
"solicitud de ayuda con la instalación de norton antivirus plus estimado equipo de atención al cliente, estoy enfrentando dificultados con la instalación de norton antivirus plus en mi appareil. ¿podrían ayudarme a través del procedimiento de instalación o brindar cualquier asistencia necesaria para solucionar este inconveniente? muchas gracias, <nombre> <número_de_cuenta>",it services
"necesito soporte hola equipo de soporte de tech online store, recientemente adquirí un nuevo macbook air m1 en su tienda y necesito ayuda con su configuración. específicamente, tengo preocupaciones sobre cómo mover mis datos existentes y preservar la configuración anterior. por favor, guíenme sobre el mejor procedimiento a seguir o infórmenme si ofrecen un servicio para ayudar con esta tarea. agradecería una respuesta rápida, ya que quiero garantizar que todo se migre de manera precisa y segura. gracias, <name> mi información de contacto está disponible en la cuenta <acc_num>.",tech online store
"problema con la precisión de la transacción de software estimado servicio al cliente, estoy escribiendo para llamar su atención sobre un problema que he encontrado con una transacción reciente para adobe photoshop 2024. mi número de cuenta es <acc_num>, y creo que podría haber una discrepancia en el monto de la facturación cargada. hice esta compra el <date>, y al revisar los detalles de la facturación, noté un monto más alto de lo acordado inicialmente durante el proceso de compra. esperaba que el monto facturado reflejara el precio promocional que se anunció. sin embargo, al revisar mi estado de cuenta, la cantidad debitada de mi cuenta fue significativamente superior a este precio esperado. esto me lleva a sospechar de un posible sobrecargo o un error de cálculo realizado por su sistema de facturación. agradecería si pudieran investigar este asunto por mí. por favor, confirmen si los cargos aplicados son precisos o si puede haber ocurrido un error. adjuntadas a este correo hay capturas de pantalla de la promoción y de mi estado de cuenta para su referencia. ¿podrían también informarme cuál es la mejor manera de avanzar para resolver esta discrepancia? estoy deseando que esto se resuelva rápidamente para evitar más inconvenientes. gracias por su atención a este asunto, y espero su rápida respuesta. no duden en contactarme por correo electrónico o al <tel_num>. saludos cordiales, <name>",software development company
"discrepancia en la facturación con el servicio de aws estimado servicio de atención al cliente, escribo para expresar mis preocupaciones sobre las discrepancias en mi factura reciente por el servicio de gestión de aws. parece que me están cobrando por un uso inusualmente alto y hay cargos inesperados que no coinciden con mis registros. ¿podría revisar mi cuenta, <acc_num>, y proporcionar aclaraciones sobre estos cargos? además, por favor, indique cómo se pueden rectificar. agradezco su pronta atención a este asunto. gracias, <name> <tel_num>",software development company
"solicitud de devolución para canon pixma mg3620 debido a problemas estimado servicio al cliente, estoy escribiendo para solicitar una devolución de mi compra reciente de una canon pixma mg3620, número de cuenta <acc_num>. la impresora experimenta frecuentemente atascos de papel durante la impresión inalámbrica, lo cual está fuera del límite aceptable para un uso regular. apreciaría mucho si pudieran guiarme a través del proceso de devolución y los pasos necesarios para asegurar una transacción fluida. por favor, hágamelo saber las opciones disponibles para un reemplazo o reembolso a la brevedad posible. espero su pronta asistencia para resolver este problema. saludos cordiales, <name>",tech online store
"estimado servicio de atención al cliente, mi impresora canon pixma mg3620 no se está conectando de forma inalámbrica y necesito urgentemente que se restablezca la impresión en color. por favor, ayúdenme a resolver este problema rápidamente.",it services
"solicitud urgente de clarificación de factura y problemas de pago estimado soporte al cliente, estoy escribiendo para solicitar urgentemente aclaración sobre la factura reciente que recibimos referente al servicio de gestión de aws. parece haber discrepancias en los cargos etiquetados como ""cargos por servicio."" estos cargos inexplicables están impactando nuestra planificación presupuestaria. además, hemos comunicado previamente preocupaciones sobre problemas de pago pendientes en nuestra cuenta <acc_num>, que parecen seguir sin resolverse. ¿podrían proporcionarnos información detallada y un plan de resolución a su conveniencia? valoramos nuestra relación con los servicios de ti y esperamos continuar nuestra asociación de manera efectiva. por favor, contáctenme directamente al <tel_num> para cualquier información adicional. gracias por su pronta atención. atentamente, <name>",it services
"solicitud de cambio para el plan de suscripción de office 365 hola servicio al cliente, estoy escribiendo para solicitar un cambio en mi actual plan de suscripción de microsoft office 365. estoy interesado en actualizar para incluir almacenamiento en la nube adicional y las últimas actualizaciones para el cliente de correo electrónico. además, me gustaría entender cómo este cambio podría afectar el costo total. mi número de cuenta es <acc_num>, y mi número de teléfono es <tel_num>. por favor, háganme saber qué información necesitan de mí para procesar este cambio. gracias por su asistencia. saludos cordiales, <name>",tech online store
"asistencia urgente necesaria hola equipo de soporte de servicios de ti, actualmente estamos enfrentando una situación con los tiempos de carga retrasados en el frontend de nuestra aplicación javascript react. esto necesita ser abordado de inmediato para evitar cualquier posible tiempo de inactividad. el servicio afectado es su servicio de desarrollo de aplicaciones javascript react. apreciaríamos si pudiera resolver este asunto a la mayor brevedad posible. muchas gracias por su rápida atención a esta preocupación. atentamente, <name>",it services
"hola, estoy experimentando problemas de conexión durante sesiones críticas de videoconferencia mientras uso zoom 5.11.0. como esto afecta mucho la productividad, busco soporte de alta prioridad para resolver estos problemas. por favor, aborde este asunto lo antes posible para garantizar una comunicación fluida durante reuniones importantes. si es necesario, puedo proporcionar registros u otros detalles. contáctame al <tel_num>. gracias, <name>, número de cuenta: <acc_num>.",software development company
"solicitud de cambio de facturación para google workspace hola soporte al cliente de tech online store, espero que este mensaje te encuentre bien. estoy escribiendo para solicitar un cambio de facturación relacionado con mi suscripción a google workspace business standard, asociada con el número de cuenta <acc_num>. me gustaría explorar opciones para actualizar mi plan actual. ¿podrías proporcionarme información detallada sobre los planes disponibles, enfocándote especialmente en las mejoras en las características y los detalles de precios? además, estoy interesado en entender cualquier descuento o promoción potencial que podría aplicarse si elijo un nivel diferente. para tu referencia, mi nombre completo es <name> y puedes contactarme al <tel_num> si necesitas alguna verificación adicional o más información. asegurar que haya una mínima interrupción durante esta transición es importante, por lo que tu pronta asistencia sería apreciada. muchas gracias por tu ayuda en este asunto. espero tu respuesta con la información necesaria para tomar una decisión informada. saludos cordiales, <name>",tech online store
"estimado servicio de atención al cliente, el usuario <name>, cuenta <acc_num>, no puede acceder a jira software 8.20 debido a fallos de inicio de sesión repetidos y errores del sistema imprevistos. se requiere asistencia urgente para la resolución. gracias.",it services
"estimado equipo de soporte al cliente, espero que este correo electrónico los encuentre bien. les escribo para solicitar asistencia con el proyecto en curso relacionado con las mejoras en el diseño de la interfaz de usuario de nuestra aplicación react existente. este proyecto fue desarrollado inicialmente en colaboración con su equipo bajo el servicio de desarrollo de aplicaciones javascript react. dado que la aplicación tiene como objetivo cumplir con las expectativas de experiencia del usuario y los estándares de la industria, creemos que algunos elementos de la interfaz de usuario requieren una mejora para mejorar la funcionalidad general y el compromiso del usuario. apreciaríamos su orientación experta sobre las mejores prácticas para rediseñar estos elementos mientras nos aseguramos de que nuestra aplicación mantenga sus fortalezas originales. nuestro objetivo es integrar menús de navegación mejorados, colocaciones de botones más intuitivas y visuales actualizados para mejorar la estética y la usabilidad. nuestro cronograma para estas actualizaciones es flexible, pero pretendemos comenzar lo antes posible para cumplir con los plazos del proyecto que se avecinan. por favor, háganos saber si se puede programar una reunión virtual esta semana con su equipo de diseño ui/ux para discutir nuestra visión y los próximos pasos. además, si hay alguna etapa preliminar o preparativos necesarios de nuestra parte, le agradeceríamos que nos proporcionara esa información para que podamos agilizar el proceso. esperando su pronta respuesta. saludos cordiales, <name> <email> <company_name>",it services
"discrepancia en la facturación de google workspace estimado equipo de soporte técnico, estoy escribiendo para informar sobre un monto de facturación incorrecto en mi suscripción de google workspace business standard bajo la cuenta <acc_num>. por favor, revisen y ajusten la factura. espero su pronta respuesta. saludos, <name>",it services
"problemas de conectividad intermitente con aws estimado soporte al cliente de la firma de consultoría de ti, estoy escribiendo para informar que <name> está enfrentando problemas de conectividad intermitente con los servidores de aws, lo que está causando interrupciones significativas en sus operaciones comerciales. el servicio afectado es el servicio de gestión de aws. este problema de conectividad es impredecible y parece ocurrir varias veces al día, causando que procesos importantes se detengan inesperadamente. hemos intentado varios pasos de solución de problemas de nuestra parte, pero no hemos logrado resolver el problema. una solución rápida es crítica ya que nuestro cliente está experimentando grandes retrasos e inconvenientes. solicitamos amablemente el análisis y la asistencia de su equipo para diagnosticar la causa raíz de estas interrupciones de conectividad. además, por favor indique cualquier paso que podamos tomar en colaboración con sus técnicos para estabilizar la situación. estoy disponible en <tel_num> para una discusión más detallada. gracias por su pronta atención a este asunto. saludos cordiales, <name>",it consulting firm
"problemas de autenticación con el router cisco isr4331 estimado soporte al cliente, estamos experimentando desafíos significativos con nuestro router cisco isr4331. parece que no está autenticando a los usuarios correctamente, lo que está causando problemas de inicio de sesión en la red para nuestro departamento de ti. dependemos de este router por su estabilidad y seguridad, por lo que este problema está impactando nuestras operaciones diarias. solicitamos amablemente su asistencia inmediata para resolver este problema y restaurar la funcionalidad normal de la red. por favor, háganos saber a la brevedad cómo proceder o si sería necesario un reemplazo o reparación. gracias por su pronta atención a este asunto. atentamente, <name>",it services
dificultad con el envío de la samsung galaxy tab s7 estoy enfrentando inconvenientes con el envío de mi pedido de la samsung galaxy tab s7.,online store
"crítico: problemas de conectividad de postgresql estimado equipo de atención al cliente, nos estamos enfrentando a fallas recurrentes de conexión con nuestra base de datos postgresql 14.3. este asunto requiere atención urgente para restaurar la funcionalidad regular del servicio. por favor, proporcione orientación sobre una posible solución o programe una cita de diagnóstico en su próxima disponibilidad. las interrupciones continuas están afectando nuestras operaciones comerciales, disminuyendo la productividad. valoramos su pronta respuesta para resolver este problema urgente. esperando su rápido apoyo. gracias. atentamente, <name>",it services
"se requiere solución urgente para problemas de bloqueo de jira hola equipo de soporte, estamos enfrentando problemas con jira software 8.20. sigue bloqueándose durante nuestros sprints de proyecto, interrumpiendo el flujo de trabajo del equipo y afectando nuestras reuniones diarias de scrum. se necesita una solución pronta. saludos cordiales, <name>",software development company
"propuestas de mejoras para la gestión de múltiples cuentas en la nube de aws estimado soporte de la firma de consultoría it, le escribo para proponer mejoras en la gestión de la infraestructura en la nube a través de múltiples cuentas de aws, centrándome en mejorar la conformidad y la gestión de costos. nuestro actual servicio de gestión de aws carece de monitoreo unificado y verificaciones proactivas de conformidad, lo que plantea riesgos operativos. para abordar estos problemas, sugiero implementar mejores análisis entre cuentas y herramientas automatizadas de gestión de costos. estas mejoras podrían mejorar significativamente la eficiencia al asegurar la adherencia a las políticas y optimizar la facturación de recursos. por favor, considere esta propuesta e infórmenos sobre cualquier discusión adicional necesaria para iniciar estas mejoras. gracias. atentamente, <name> <tel_num>",it consulting firm
"queridos servicios de soporte técnico, el usuario <name> enfrenta dificultades para acceder a documentos compartidos en microsoft office 365. esta situación requiere una solución inmediata. por favor, colabore para solucionarlo a la brevedad. agradecido, <name> <tel_num> <acc_num>",it services
"solicitud para iniciar la devolución de la impresora epson ecotank et-4760 estimado soporte al cliente, espero que este correo le encuentre bien. estoy escribiendo para informarle de una solicitud de devolución presentada por <name>, respecto a la impresora epson ecotank et-4760, que se compró bajo el número de cuenta <acc_num>. el cliente ha experimentado problemas de calidad de impresión que no se han resuelto a través de los esfuerzos de solución de problemas proporcionados en su sitio web. están buscando devolver el producto para un reembolso o reemplazo. por favor, aconseje sobre los pasos necesarios para procesar esta devolución, incluidos los documentos requeridos de <name>. su contacto principal es en <tel_num>, y agradecerían una pronta asistencia con este asunto. gracias por su atención a este problema. atentamente, <name>",tech online store
"solicitud de intercambio de producto debido a problemas de conectividad estimado equipo de soporte de tech online store, espero que este mensaje les encuentre bien. estoy escribiendo para solicitar un intercambio de mi impresora canon pixma mg3620. estoy experimentando problemas significativos de conectividad inalámbrica, lo que afecta considerablemente su uso y mi flujo de trabajo. a pesar de seguir todos los pasos de solución de problemas indicados en el manual del usuario, el problema persiste. la impresora pierde conexión frecuentemente en medio de los trabajos de impresión, lo que está causando retrasos innecesarios. dadas las circunstancias y las inconveniencias enfrentadas, solicito amablemente un intercambio de este producto. por favor, hágame saber el procedimiento para iniciar este proceso. mi número de cuenta es <acc_num>, y pueden comunicarse conmigo al <tel_num> para cualquier información adicional. gracias por su atención a este asunto. saludos, <name>",tech online store
"optimizar la base de datos mysql estimado servicio de atención al cliente, espero que este mensaje le encuentre bien. estoy escribiendo para solicitar asistencia con la optimización de la base de datos mysql 8.0.30 dentro de nuestra infraestructura de ti existente. hemos notado que el rendimiento de las consultas ha estado disminuyendo recientemente, lo que afecta la eficiencia general del sistema y la experiencia del usuario. dado que nuestra organización depende en gran medida del análisis de datos en tiempo real, es crucial que abordemos este problema con prontitud. ¿podría por favor proporcionar orientación sobre las mejores prácticas o configuraciones potenciales que podrían mejorar el rendimiento de nuestra configuración actual? además, agradeceríamos que un miembro de su equipo técnico pudiera revisar nuestra infraestructura actual para identificar cualquier problema subyacente. si es posible, por favor programe una sesión de consulta a la brevedad. los detalles de nuestra cuenta son los siguientes: número de cuenta: <acc_num>. puede contactarme directamente al <tel_num> o por correo electrónico. gracias por su atención a este asunto. espero su pronta respuesta y asistencia. atentamente, <name>",it services
"estimado cliente del soporte técnico de tech online store, me comunico para solicitar asistencia con la actualización de mi microsoft surface pro 7 a windows 11. recientemente me enteré de que windows 11 ofrece funciones mejoradas de interacción táctil, y creo que estas mejoras serían beneficiosas para mi experiencia de usuario con el dispositivo. mi número de cuenta es <acc_num>, y compré el surface pro 7 en su tienda hace un año. entendiendo las complejidades técnicas involucradas, agradecería cualquier orientación o instrucciones que puedan proporcionarme para realizar esta actualización. si hay requisitos específicos o compras adicionales necesarias, hágamelo saber. gracias por su apoyo; espero su pronta respuesta. atentamente, <name> <tel_num>",tech online store
"consulta sobre los planes de precios de microsoft office 365 estimado soporte al cliente de tech online store, espero que este mensaje lo encuentre bien. estoy escribiendo para preguntar sobre los diversos planes de precios y opciones de pago disponibles para la suscripción a microsoft office 365. estoy interesado en explorar cualquier oferta o descuento actual que su tienda pueda estar proporcionando sobre este producto. además, agradecería orientación sobre cómo aprovechar cualquier oferta promocional disponible en este momento. ¿podría proporcionarme información detallada sobre los costos y estructuras de pago? gracias por su asistencia. atentamente, <name>",tech online store
"problemas de conectividad de zoom estimado soporte al cliente, estoy escribiendo para expresar nuestra preocupación respecto a los problemas de conectividad que hemos estado experimentando con la versión 5.11.0 de zoom. durante nuestras reuniones, estamos encontrando desconexiones frecuentes, lo que está impactando significativamente nuestra capacidad para organizar y participar en eventos de prioridad media. estas interrupciones están afectando nuestro flujo de trabajo y eficiencia, ya que mantener una comunicación constante es crucial para nuestras operaciones. hemos confiado en zoom por su rendimiento estable, pero la situación actual se está volviendo cada vez más desafiante. agradeceríamos mucho su pronta investigación en este asunto y cualquier solución potencial o actualización que pudieran proporcionar. por favor, háganos saber si se necesita información adicional de nuestra parte. gracias por su atención a este problema. atentamente, <name> <acc_num>",it services
"problemas con la optimización de recursos de aws estimado soporte de servicios de ti, estoy escribiendo para informarles sobre los desafíos significativos que estamos experimentando con la optimización de recursos de aws bajo el servicio de gestión de aws. los problemas centrales giran en torno a la gestión de costos ineficaz y la necesidad de estrategias robustas de adaptación de infraestructura. nuestra configuración actual no permite una monitorización y escalado eficientes, lo que resulta en el aumento de costos y una utilización inadecuada de recursos. requerimos asistencia inmediata para identificar áreas de mejora y reformular nuestro enfoque de gestión de recursos para garantizar operaciones eficientes y rentabilidad. puede ser necesaria una evaluación integral de nuestra infraestructura actual de aws. por favor, háganos saber cómo podemos proceder a la brevedad posible. gracias por su atención a este asunto. atentamente, <name> <acc_num> <tel_num>",it services
"asistencia necesaria para atascos de papel de la epson ecotank et-4760 estimado equipo de soporte de tech online store, estoy experimentando atascos de papel repetidos con mi impresora epson ecotank et-4760. a pesar de seguir cuidadosamente las instrucciones del manual del usuario y asegurarme de que el papel esté cargado correctamente, el problema persiste. ¿podrían proporcionarme pasos de solución de problemas o orientación para resolver este problema? dependo en gran medida de este dispositivo para mis tareas diarias y está afectando mi productividad. su pronta asistencia en este asunto sería muy apreciada. espero con interés su consejo experto. gracias de antemano. saludos cordiales, <name>",tech online store
"problema urgente de escalado estimado servicio de atención al cliente de it, estoy escribiendo para solicitar asistencia inmediata respecto a un ticket crítico que aborda un problema urgente de escalado que estamos experimentando con nuestros servicios en la nube de aws. específicamente, esto se refiere al servicio de gestión de aws, que es integral para nuestras operaciones actuales. hemos observado importantes cuellos de botella en el rendimiento y se ha vuelto esencial optimizar la asignación de recursos para evitar más interrupciones en el servicio. creemos que es necesario un aumento en la capacidad de recursos y una alineación estratégica para satisfacer nuestras crecientes demandas. se apreciaría mucho la atención inmediata a este asunto para mantener la eficiencia operativa y estabilizar los procesos en curso dentro de nuestro entorno en la nube. agradecemos su pronta respuesta y manejo experto de este problema para asegurar un tiempo de inactividad minimizado y un funcionamiento óptimo de nuestros servicios. no dude en contactarme directamente en <tel_num> o por correo electrónico a <name>@company.com para obtener más detalles o aclaraciones. gracias por su pronta atención a este asunto. saludos cordiales, <name> gerente de cuenta <company_name>",it services
"problema de parpadeo de pantalla con dell xps 13 9310 estimado servicio de atención al cliente, estoy escribiendo para informar un problema de parpadeo de pantalla que he estado experimentando con mi portátil dell xps 13 9310 de alto rendimiento. el problema comenzó hace unos días y ha persistido a pesar de reiniciar y actualizar los controladores. dependo mucho de este portátil para mi trabajo, y este problema está afectando significativamente mi productividad. ¿podría por favor aconsejarme sobre posibles soluciones o arreglar servicios de reparación? gracias por su asistencia. atentamente, <name> <acc_num>",tech online store
"problemas de conectividad durante reuniones de zoom estimado servicio de atención al cliente, espero que este mensaje le encuentre bien. estoy escribiendo para llamar su atención sobre un problema persistente que estoy experimentando con la plataforma zoom, versión 5.11.0. a pesar de tener una conexión a internet estable, encuentro problemas de conectividad durante las videollamadas, lo que me hace imposible unirme de manera fiable a las reuniones programadas. a veces, la aplicación no reconoce el id de la reunión o simplemente no logra conectarse, incluso después de múltiples intentos. esta interrupción está afectando significativamente mi productividad y mi capacidad para colaborar eficazmente con mi equipo. he verificado que el software de mi dispositivo está actualizado y he intentado pasos de solución de problemas, incluyendo reiniciar el dispositivo y reinstalar el cliente de zoom, sin éxito. ¿podría ayudarme amablemente a diagnosticar y resolver este problema? por favor, hágamelo saber si necesita más información o diagnósticos de mi parte. aprecio sinceramente su pronta atención a este asunto, ya que afecta en gran medida mi flujo de trabajo. gracias por su ayuda. atentamente, <name> <acc_num>",software development company
"solicitud de administración adicional de servidores hola, soporte al cliente, espero que este mensaje te encuentre bien. actualmente estamos en una asociación para soluciones de ti en curso y requerimos apoyo adicional en la administración de servidores. nuestras operaciones en expansión requieren una supervisión mejorada de nuestros sistemas de servidores para mantener la eficiencia y la seguridad. por favor, háganos saber las opciones disponibles y cualquier costo asociado o cambios en nuestro acuerdo actual. esperamos continuar nuestra asociación productiva. gracias por su atención a esta solicitud. atentamente, <name> <acc_num> <tel_num>",it consulting firm
"soporte inmediato necesario para dell xps 13 hola, estoy escribiendo para solicitar soporte inmediato para mi dell xps 13 9310, que está experimentando bloqueos del sistema frecuentes después de una actualización reciente. esto ha afectado gravemente mi trabajo y necesito asistencia para resolverlo lo antes posible. el problema comenzó después de que instalé la última actualización del sistema. ¿podría un técnico investigar esto y aconsejar sobre soluciones potenciales? puedes contactarme en <tel_num> o por correo electrónico. su pronta respuesta sería muy apreciada ya que dependo de esta laptop para tareas diarias. gracias, <name>",tech online store
"solicitud para el proceso de intercambio de laptop dell estimado soporte de la tienda en línea de tecnología, estoy escribiendo para informar que mi dell xps 13 9310 comprado bajo el número de cuenta <acc_num> no enciende. por favor, inicien el proceso de intercambio e investiguen un posible problema con la batería. para cualquier actualización, contactarme al <tel_num>. gracias, <name>",tech online store
"caídas frecuentes en el navegador google chrome estimado servicio de atención al cliente de tech online store, espero que este correo le encuentre bien. mi nombre es <name>, y escribo para llamar su atención sobre un problema que he estado experimentando con el navegador google chrome 102.0 adquirido a través de su plataforma. durante las últimas semanas, el navegador ha estado fallando repetidamente, afectando significativamente mi capacidad para navegar por internet y completar tareas importantes en línea de manera eficiente. utilizo google chrome extensivamente para mis actividades diarias, como investigación en línea, acceso a materiales educativos, gestión de documentos de trabajo y comunicación a través de múltiples aplicaciones web. sin embargo, estas caídas frecuentes se han vuelto más disruptivas, ocurriendo al menos tres o cuatro veces al día, a menudo sin previo aviso o razón aparente. la experiencia es frustrante y ya ha resultado en pérdida de datos durante tareas no guardadas. he intentado varios pasos de solución de problemas para resolver el problema, incluyendo limpiar la caché, deshabilitar extensiones, realizar verificaciones antivirus y asegurarme de que el navegador esté actualizado con los últimos parches. lamentablemente, estos esfuerzos no han aliviado el problema. dado el papel crítico que el navegador juega en mi trabajo y vida personal, busco su orientación o una posible resolución. si hay problemas de compatibilidad conocidos entre google chrome 102.0 y ciertos sistemas operativos o software, o si hay una configuración específica que necesita ajustarse, ¿podría por favor aconsejarme sobre cómo proceder? por favor, prioricen esta solicitud, ya que afecta mi productividad y capacidad para cumplir con los plazos. hágame saber si necesita más detalles sobre mi sistema operativo o algún mensaje de error específico encontrado. puede comunicarse conmigo en <tel_num> o respondiendo a este correo. gracias por su pronta atención a este asunto. atentamente, <name>",tech online store
"solicitud de modificación en la estrategia de consultoría de ti estimado equipo de soporte de consultoría de ti, estoy escribiendo para solicitar una modificación en nuestro servicio actual de estrategia de consultoría de ti para mejorar el rendimiento de nuestro servidor y aumentar la eficiencia de costos. el servicio de consultoría ha sido beneficioso, pero creemos que hay margen para la optimización para alinearse mejor con nuestros objetivos estratégicos. ¿podrían proporcionar orientación o coordinar una reunión con un consultor que pueda ayudarnos a implementar estos cambios? por favor, contáctenme al <tel_num> o respondan a este correo electrónico a la brevedad. espero discutir soluciones potenciales. gracias por su asistencia. saludos cordiales, <name>",it consulting firm
"urgente: errores en el sistema de tickets estimado servicio de atención al cliente de ti, estoy escribiendo para atraer su atención inmediata sobre un problema significativo que estamos experimentando con el sistema de tickets relacionado con nuestro servicio de consultoría de ti. nuestra empresa, gestionada bajo el número de cuenta <acc_num>, ha estado enfrentando errores persistentes que obstaculizan nuestras operaciones diarias. este mal funcionamiento obstaculiza nuestra capacidad para responder rápidamente a las consultas y resoluciones de los clientes, lo que está afectando críticamente nuestros plazos de entrega de servicios. el problema parece haber comenzado hace aproximadamente una semana y, a pesar de numerosos intentos de solucionar el problema internamente, nuestro equipo no ha tenido éxito en resolver estos errores de manera independiente. los síntomas específicos incluyen bloqueos frecuentes, duplicación de tickets y desalineación de datos incorrectos, que han llevado a una creciente insatisfacción de los clientes. como tal, estamos en urgente necesidad de soporte técnico para abordar y rectificar estos problemas sin demora. le ruego a su equipo que priorice nuestra solicitud, ya que cada día que pasa contribuye significativamente a nuestras preocupaciones operativas. por favor, hágame saber si requiere más detalles inmediatos o registros específicos, que podemos proporcionar rápidamente para ayudar en el diagnóstico de este problema. estoy disponible en <tel_num> durante toda la semana laboral. gracias por su dedicación y pronta respuesta. atentamente, <name>",it services
"problemas intermitentes de conectividad de red estimado soporte al cliente,<br><br>estoy experimentando problemas intermitentes de conectividad de red, que se han solucionado temporalmente reiniciando el router cisco isr4331 afectado. si bien esta solución proporciona una solución temporal, el problema tiende a reaparecer después de un tiempo. solicito amablemente más orientación sobre cómo monitorear y resolver este problema de manera más permanente. ¿podrían también aconsejarme si hay configuraciones específicas que debería ajustar o si una actualización de firmware podría ayudar a estabilizar la conexión? dado que este router es crucial para nuestras operaciones, es vital abordar este problema rápidamente. agradezco su pronta asistencia en este asunto. espero su respuesta. gracias.<br><br> saludos,<br><name><br><tel_num>",it services
"asistencia necesaria con problemas de conexión de la impresora hp deskjet 3755 hola, estoy teniendo dificultades para conectar mi impresora hp deskjet 3755 a mi red wi-fi en casa. a pesar de seguir el proceso de configuración recomendado, la impresora no logra establecer una conexión inalámbrica. agradecería cualquier orientación o pasos de solución de problemas que el equipo de soporte pueda proporcionar para resolver este problema. mi correo electrónico es <email@domain.com>, y mi número de cuenta es <acc_num>. por favor, háganme saber si se necesita información adicional para ayudar con mi solicitud. gracias por su pronta atención a este asunto. atentamente, <name>",tech online store
"problema con la instalación de norton antivirus plus reportado por un cliente en el sistema estimado equipo de atención al cliente, estoy experimentando problemas para llevar a cabo la instalación de norton antivirus plus en mi computadora. agradecería mucho su ayuda para solucionar este contratiempo lo más pronto posible. gracias, <nombre>",it services
"estimado equipo de soporte de tech online store, me pongo en contacto para solicitar detalles adicionales sobre las opciones de almacenamiento y configuración del macbook air m1 disponible para compra. me gustaría entender las especificaciones de las variantes disponibles, especialmente relacionadas con los tamaños de ram y las capacidades de almacenamiento ssd. adicionalmente, cualquier información sobre las opciones de color, las actualizaciones disponibles y sus costos sería muy apreciada. el rendimiento de mi laptop actual es crucial tanto para el uso personal como profesional, y estoy ansioso por asegurar que el macbook air m1 cumpla con todos mis requisitos. por favor, infórmenme sobre cualquier promoción en curso para este producto también. gracias por su ayuda. saludos cordiales, <name>",tech online store
"ayuda solicitada para la configuración de jira estimado soporte al cliente, confío en que este mensaje les llegue en buen ánimo. necesito asistencia para configurar jira software 8.20 para nuestro departamento de recursos humanos. nuestro objetivo es mejorar nuestro proceso de contratación utilizando este software. ¿podrían proporcionar instrucciones completas o cualquier recurso útil necesario para esta configuración? su ayuda para adaptar jira a nuestras necesidades sería muy valorada. agradezco su ayuda. atentamente, <name> <name>@company.com <tel_num>",software development company
"urgente: disrupción del sistema de tickets de jira hola, equipo de soporte al cliente, estoy escribiendo para expresar nuestra preocupación con respecto a la actual falta de disponibilidad del sistema de tickets de jira, lo que está impactando severamente nuestros esfuerzos de gestión de proyectos. hemos observado que desde esta mañana, la plataforma jira, específicamente la versión 8.20, ha sido inaccesible, causando una disrupción significativa en nuestros proyectos activos. como una herramienta crítica dentro de nuestro ciclo de vida de desarrollo de software, la ausencia de este recurso está causando a nuestros equipos experimentar importantes contratiempos en la gestión de tareas de proyectos, comunicación y plazos de manera efectiva. la disrupción está afectando a múltiples equipos, resultando en una incapacidad para rastrear el progreso de los problemas, asignar tareas o actualizar detalles de proyectos en curso. las colaboraciones se han detenido, lo que es preocupante considerando la naturaleza sensible al tiempo de varios de nuestros proyectos que actualmente están en proceso. dada la urgencia de este problema, solicitamos amablemente una rápida investigación y resolución para restaurar el servicio completo lo antes posible. si hay alguna solución temporal o alternativa que podamos implementar mientras se repara el sistema, por favor, infórmenos. además, más detalles que describan el tiempo estimado de resolución nos permitirían gestionar mejor los recursos internos y los plazos del proyecto durante esta disrupción. no duden en contactarnos si se necesitan detalles adicionales o registros de errores de nuestra parte para acelerar la solución de problemas. esperamos su pronta respuesta para minimizar cualquier otra interrupción. gracias por su atención inmediata a este asunto urgente. atentamente, <name> <company_name> | teléfono: <tel_num> correo electrónico: <email>",software development company
"discrepancias de facturación estimado equipo de soporte al cliente, espero que este mensaje los encuentre bien. les escribo para expresar mi preocupación con respecto a algunas discrepancias en la facturación que noté recientemente con mi suscripción al servicio de administración de aws, asociada con el número de cuenta <acc_num>. estas discrepancias involucran cargos inesperados que aparecieron en mi último estado de cuenta con fecha [insertar fecha aquí], específicamente notados como ocurridos en [listar fechas específicas si es aplicable]. habiendo revisado el uso de mi servicio, encontré que los cargos facturados no corresponden con la actividad y los servicios utilizados, según el entendimiento y acuerdo que firmé al inicio de nuestra relación de servicios. agradecería que pudieran proporcionar un desglose detallado y aclaración de estos cargos para ayudar a resolver lo que parece ser un malentendido o error. por ejemplo, se notaron cargos más altos por la transferencia de datos que no se alinean con nuestro uso promedio de datos, además de tarifas de servicio adicionales que se aplicaron bajo características de cuenta inesperadas. dado que estas inexactitudes pueden afectar significativamente nuestro presupuesto, dada la naturaleza extensa de los servicios a los que nos suscribimos, una resolución rápida a estas discrepancias sería increíblemente útil. ¿podrían confirmar la naturaleza de estos cargos o ajustarlos si ha habido algún descuido? además, agradecería orientación sobre cómo evitar discrepancias continuas en el futuro. en caso de que se requiera documentación o evidencia adicional de mi parte, por favor háganmelo saber y les ayudaré lo antes posible. gracias por su pronta atención a este asunto. espero su rápida respuesta, elucidando los cargos y asegurando procesos de facturación precisos en los períodos futuros. pueden comunicarse conmigo en cualquier momento al <tel_num>. saludos cordiales, <name>",it services
"soporte urgente requerido para la resolución de problemas de aws estimado equipo de soporte al cliente de servicios de ti, espero que este mensaje los encuentre bien. estoy escribiendo para solicitar urgentemente asistencia con un problema crítico que estamos experimentando con el servicio de gestión de aws. actualmente, nuestro equipo está enfrentando desafíos significativos al desplegar recursos de aws, y esto ha resultado en un tiempo de inactividad extenso, impactando severamente nuestras operaciones. la incapacidad de desplegar recursos sin problemas no solo ha obstaculizado nuestro funcionamiento diario, sino que también ha resultado en implicaciones de costos sustanciales. como pueden imaginar, el tiempo de inactividad en nuestros sistemas conduce a retrasos en la entrega de proyectos y afecta nuestros compromisos de nivel de servicio con nuestros clientes. hemos intentado varias soluciones alternativas pero aún no hemos podido identificar una solución exitosa. este asunto se ha vuelto urgente y requiere una resolución inmediata. dado el amplio impacto tanto en los frentes financieros como operacionales, agradeceríamos si su equipo pudiese proporcionarnos un apoyo rápido y eficiente. por favor, háganme saber los detalles específicos que requieren de nosotros para acelerar el proceso de resolución. nuestro número de cuenta es <acc_num>, y si es necesario, puedo ser contactado directamente al <tel_num> para más información o coordinación. espero su respuesta inmediata. gracias de antemano por su atención y apoyo. saludos cordiales, <name>",it services
"experimentando problemas frecuentes de conexión en zoom estimado servicio de atención al cliente de it services, escribo para expresar mi preocupación sobre los problemas de conexión durante mis conferencias de video en zoom. he estado experimentando retrasos significativos y desconexiones frecuentes, lo que afecta negativamente mi productividad. el problema persiste en la versión de zoom 5.11.0. a pesar de la solución de problemas y de verificar mi conexión a internet, el problema parece continuar. durante las llamadas, es un desafío comunicarse de manera efectiva, interrumpiendo frustrantemente el flujo de reuniones importantes. esto ha hecho que sea considerablemente problemático mantener una comunicación eficiente con clientes y colegas. creo que este problema puede no ser aislado, ya que otros miembros del equipo que utilizan la misma versión están encontrando desafíos similares. agradecería que su equipo pudiera investigar este asunto a fondo y aconsejarme sobre cualquier solución o actualización posible que pudiera aliviar estos problemas. su pronta respuesta será muy apreciada, ya que es vital para mi rutina laboral tener acceso estable y confiable a zoom. gracias por su atención inmediata a este asunto. atentamente, <name>",it services
"problema de facturación con el servicio de gestión de aws estimado soporte al cliente, espero que este mensaje le encuentre bien. escribo para llamar su atención sobre un problema relacionado con la facturación reciente de nuestro uso de la nube de aws. al revisar nuestro estado de cuenta más reciente, parece que hay discrepancias que han impactado significativamente nuestras estimaciones de costos. parece que los cargos asociados con el servicio de gestión de aws no se alinean con el uso real registrado en nuestra cuenta <acc_num>. la facturación incorrecta ha resultado en costos inesperados que difieren notablemente de nuestras previsiones presupuestarias, lo que dificulta gestionar nuestros recursos financieros de manera eficiente. esta discrepancia fue notada primero por <name> de nuestro departamento de finanzas, lo que llevó a la urgente necesidad de su revisión de los detalles de facturación. ¿podría realizar una revisión exhaustiva de nuestra cuenta para determinar la causa de este error de cálculo? creemos que ha ocurrido un error en el registro o procesamiento que necesita rectificación. le agradeceríamos si pudiera proporcionarnos un estado de cuenta de facturación actualizado y cualquier información sobre cómo prevenir problemas similares en el futuro. gracias por su pronta atención a este asunto. esperamos su rápida resolución. atentamente, <name> <t_num>",it services
"solicitando asistencia inmediata: problemas de red con el enrutador cisco hola, soporte al cliente, estoy experimentando interrupciones en la red con el enrutador isr4331. ha fallado constantemente en mantener una conexión estable hoy. esta situación impacta gravemente nuestras operaciones, ya que dependemos de un entorno de red de alto rendimiento y seguro. por favor, proporcione orientación o envíe a un técnico para solucionar y resolver esto lo antes posible. para su referencia, el producto en cuestión es el enrutador cisco isr4331. espero su pronta respuesta. gracias, <name> <tel_num> <acc_num>",it services
"problema frecuente de desconexión de wi-fi con la impresora canon pixma estimado equipo de soporte al cliente, estoy escribiendo para expresar mi frustración con la impresora canon pixma mg3620 que compré en su tienda, experimentando problemas persistentes de conectividad por wi-fi. desde la configuración inicial, la impresora se desconecta frecuentemente del wi-fi, deteniendo abruptamente los procesos de impresión, lo que interrumpe significativamente mi trabajo. este problema está causando considerables inconvenientes ya que dependo de una impresión fluida y sin interrupciones para tareas profesionales que son sensibles al tiempo. tras configurar la impresora como se indicó, ocasionalmente se conecta a la red, permitiendo imprimir por un breve periodo antes de desconectarse inesperadamente. la interrupción a mitad de trabajo significa que tengo que esperar o reiniciar el proceso de conexión cada vez que ocurre una interrupción; ninguna de las dos opciones es práctica, especialmente para tareas de impresión en lotes. la solución de problemas utilizando las directrices de soporte de canon no ha proporcionado una solución sostenible. como se aconsejó, he verificado las actualizaciones de firmware, reposicionado el router para minimizar las perturbaciones y reiniciado la configuración de wi-fi varias veces sin mejoras duraderas. ¿podrían proporcionarme más información o pasos avanzados de solución de problemas para resolver esta desconexión persistente? si se necesita un reemplazo o reparación, por favor infórmenme del procedimiento involucrado. confío en que su equipo puede ayudar de manera eficiente, considerando la reputación que mantiene su empresa por un servicio rápido y centrado en el cliente. gracias por su pronta atención a este asunto. espero su orientación sobre el mejor curso de acción para remediar este problema y, idealmente, restaurar una conexión estable. saludos cordiales, <name> <contact_info>",tech online store
"estimado equipo de soporte al cliente, estoy enfrentando un inconveniente con la activación de kaspersky internet security 2024. mi clave de licencia parece ser incorrecta y no puedo activar el producto. ¿podrían asistirme para solucionar este inconveniente? atentamente, <name>.",it services
"solicitud de optimización de instancias de aws estimado equipo de soporte de servicios de ti, espero que este mensaje les encuentre bien. me pongo en contacto para solicitar orientación y asistencia en la optimización de nuestras instancias de aws para mejorar el rendimiento dentro de nuestra infraestructura de computación en la nube. como cliente que utiliza su servicio de gestión de aws, hemos notado algunas áreas donde se podría mejorar el rendimiento. creemos que con intervención experta, esto podría llevar a una mayor eficiencia y rentabilidad. considerando las demandas actuales de la empresa para una mayor productividad, estamos priorizando esta tarea de modificación a un nivel medio dentro de nuestros objetivos. agradeceríamos sus ideas y sugerencias sobre las mejores prácticas, configuraciones o cualquier herramienta y servicio necesario que puedan ofrecer para lograr estos objetivos. por favor, háganos saber un momento conveniente para una discusión detallada con nuestro equipo técnico. estamos esperando su experiencia y atención rápida a este asunto. para cualquier pregunta inmediata, no duden en ponerse en contacto por correo electrónico o llamando a <tel_num>. gracias por su apoyo. saludos, <name>",it services
se requiere asistencia inmediata estamos enfrentando desafíos relacionados con el rendimiento de nuestro enrutador cisco isr4331 y necesitamos asistencia técnica rápida para abordar estos problemas.,it consulting firm
"asistencia urgente requerida: problemas de conectividad recurrentes con zoom estimado soporte de tech online store, estoy experimentando problemas de conectividad recurrentes con la plataforma zoom en mi computadora de escritorio. actualmente estoy usando la versión 5.11.0 de zoom. estos problemas han interrumpido mi capacidad para unirme a importantes conferencias en video. por favor, asesoren sobre los pasos de solución de problemas o soluciones posibles para resolver este problema. su pronta asistencia sería muy apreciada. gracias, <name> <tel_num>",tech online store
"problema de prioridad media con conectividad inalámbrica estimado equipo de soporte de tech online store, espero que este mensaje les encuentre bien. estoy escribiendo para reportar un problema con la función inalámbrica de mi impresora hp deskjet 3755. el dispositivo tiene dificultades para conectarse a otros dispositivos para imprimir de forma móvil. este problema está afectando mi productividad diaria. he intentado varios métodos de solución de problemas, incluyendo reiniciar la impresora y reconectar la red, pero, desafortunadamente, ninguno ha resuelto el problema. como esta es una preocupación de prioridad media para mí, agradecería su pronta asistencia. por favor, háganme saber si necesitan información adicional. gracias por su apoyo. saludos cordiales, <name> número de cuenta: <acc_num> contacto: <tel_num>",tech online store
"solicitud de cambio en la configuración del sistema estimado equipo de soporte al cliente, espero que este mensaje les encuentre bien. estoy escribiendo para solicitar un cambio en la configuración de nuestro sistema de gestión de tickets bajo el servicio de consultoría de ti que tenemos con su empresa. creemos que los cambios solicitados mejorarán en gran medida nuestro flujo de trabajo y la gestión de la eficiencia. nuestro equipo ha identificado áreas específicas donde la configuración actual podría ser optimizada para un mejor rendimiento y estamos ansiosos por discutir las opciones disponibles. ¿podrían informarnos sobre los pasos necesarios para iniciar este proceso de cambio? creemos que con su asistencia, podemos lograr un sistema más ágil y eficiente. por favor, háganme saber si podemos coordinar una reunión, o si necesitan más detalles de nuestra parte. pueden contactarme en <tel_num>. gracias por su atención a este asunto. espero su pronta respuesta. atentamente, <name> <name> consultoría <tel_num>",it consulting firm
"urgente: problema de energía con dell xps hola soporte al cliente de tech online store, estoy experimentando problemas de energía con mi dell xps 13 9310. la laptop no se está cargando cuando está conectada. ¿puede proporcionarme asistencia urgente para resolver este problema? gracias, <name>",tech online store
"estimado equipo de atención al cliente, les escribo para llamar su atención sobre los problemas continuos que estamos experimentando con nuestro despliegue en la nube de aws, que está gestionado a través de su servicio de gestión de aws. estas interrupciones han estado ocurriendo con una frecuencia creciente y han llevado a interrupciones significativas del servicio para nuestras operaciones. el tiempo de inactividad está afectando nuestros procesos comerciales y causando inconvenientes a nuestros clientes. hemos estado utilizando sus servicios de ti durante un tiempo y no esperábamos tales problemas recurrentes, dada su reputación de fiabilidad. la naturaleza de las interrupciones parece estar relacionada con errores de configuración y asignación insuficiente de recursos durante los picos de actividad. intentamos solucionar los problemas utilizando los procedimientos estándar proporcionados en su documentación, sin éxito. lamentablemente, nuestros intentos de resolver este asunto sin apoyo externo no han sido fructíferos. dada la urgencia de nuestra situación y el impacto en nuestra eficiencia empresarial, solicitamos amablemente que prioricen nuestro caso y nos proporcionen una resolución rápida. por favor, asesorarnos sobre los siguientes pasos para abordar estos problemas de despliegue de manera oportuna. gracias por su atención inmediata a nuestras necesidades urgentes. atentamente, <name>",it services
"urgente: problema con dell xps 13 estimado equipo de atención al cliente de tech online store, espero que este mensaje los encuentre bien. me pongo en contacto para informar sobre un problema urgente con un dell xps 13 9310 recién adquirido. el dispositivo, propiedad de <name>, con número de cuenta <acc_num>, no se enciende a pesar de indicar que tiene batería completa. este problema surgió inesperadamente, causando una interrupción significativa ya que la laptop es esencial para las tareas profesionales diarias. a pesar de haber intentado varios pasos básicos de solución de problemas, como probar diferentes adaptadores de corriente y mantener presionado el botón de encendido durante 30 segundos, la laptop sigue sin responder. dadas las circunstancias y la urgencia del problema, es necesaria una intervención rápida para resolver este asunto. por favor, aconsejen sobre los próximos pasos para acelerar los procedimientos de diagnóstico y reparación. para su referencia, la compra se realizó bajo el número de pedido <order_num> el <purchase_date>. apreciaríamos si pudieran proporcionar algunos consejos de solución de problemas remotos o, si es necesario, organizar una cita de servicio a la brevedad. gracias por su pronta atención a este asunto. si necesitan más detalles, no duden en comunicarse conmigo a <email> o <tel_num>. espero su pronta respuesta para que el dispositivo vuelva a estar en condiciones de funcionamiento. atentamente, <name>",tech online store
"asistencia para consulta de facturación hola equipo de soporte de la tienda en línea tech, espero que este mensaje los encuentre bien. recientemente noté un cargo inesperado relacionado con una suscripción de microsoft office 365 en mi cuenta <acc_num>. no recuerdo haber autorizado esta transacción y solicito amablemente más aclaraciones sobre esta discrepancia de facturación. ¿podrían proporcionarme detalles adicionales y explorar opciones de resolución posibles? gracias por su pronta atención a este asunto. espero su rápida respuesta. atentamente, <name> <email> <tel_num>",tech online store
"asistencia necesaria con la configuración inalámbrica de la canon pixma mg3620 estimado soporte al cliente, estoy escribiendo para solicitar asistencia con la configuración de la función inalámbrica de mi nueva impresora canon pixma mg3620, que compré recientemente en su tienda. al intentar configurar la conexión inalámbrica, encontré algunas dificultades que no pude resolver utilizando el manual proporcionado o recursos en línea. siguí los pasos iniciales, asegurándome de que la impresora estuviera encendida y dentro del alcance del enrutador, pero la impresora no pudo conectarse a mi red inalámbrica. además, me aseguré de que mis credenciales de red estuvieran ingresadas correctamente y que mi red funcionara adecuadamente con otros dispositivos. a pesar de estas comprobaciones, la impresora muestra repetidamente un error de conexión. agradecería mucho cualquier orientación que pudieran proporcionar o cualquier consejo de solución de problemas específico para este modelo. si hay necesidad de programar una llamada o discutir el proceso más a fondo, por favor hágamelo saber, y estaré encantado de proporcionar mis datos de contacto. gracias por su atención a este asunto. espero su pronta respuesta. saludos cordiales, <name> cuenta de cliente: <acc_num>",tech online store
"problemas con el macbook air m1 comprado estimado servicio al cliente, estoy escribiendo para expresar mis preocupaciones con respecto al macbook air m1 que compré recientemente en su tienda en línea. desde que recibí el dispositivo, he estado experimentando problemas significativos de arranque, lo cual es especialmente preocupante dada la reputación y la demanda de este modelo en particular. la computadora portátil a menudo tarda inusualmente mucho en encenderse, a veces varios minutos, y ocasionalmente no arranca en absoluto, mostrando en su lugar una pantalla en blanco. este problema interrumpe mi rutina laboral, considerando que dependo de este macbook para mis necesidades profesionales diarias. he intentado pasos básicos de solución de problemas, como restablecer el nvram y el smc, sin embargo, el problema persiste. mi dispositivo es una herramienta vital en mis operaciones diarias, y la incapacidad para encenderlo de manera confiable está causando serias inconvenientes. ¿podría usted guiarme sobre cómo proceder con un reemplazo o cualquier paso de solución de problemas avanzado que podría resolver este problema? agradecería una respuesta rápida para ayudar a una resolución ágil. gracias por su asistencia. atentamente, <name> <email> <tel_num>",tech online store
"urgente: problema con el teclado en el lenovo ideapad 5 adquirido recientemente que requiere atención inmediata hola <name>, hace poco adquirí un lenovo ideapad 5 en su establecimiento y el teclado presenta fallas. le agradecería su ayuda. atentamente, <name>.",online store
"solicitud de optimización y resolución de problemas del sistema it estimado equipo de soporte al cliente, estoy escribiendo para solicitar asistencia con respecto a la optimización y resolución de problemas del sistema it para mejorar el rendimiento y la estabilidad general de mi organización. hemos estado experimentando problemas con nuestro actual servicio de consultoría it proporcionado por su empresa, lo que requiere su atención inmediata. ¿podrían coordinar con nuestro departamento de it para analizar nuestros sistemas actuales, identificar posibles mejoras y abordar cualquier problema subyacente? estamos ansiosos por resolver estos problemas con prontitud para mantener la eficiencia del flujo de trabajo y evitar interrupciones adicionales. por favor, contáctenos a la mayor brevedad posible para discutir un plan de acción detallado. gracias por su apoyo. atentamente, <name> <company_name>, <role> <tel_num>",it consulting firm
"querido <name>, espero que estés bien. hemos recibido tu reporte sobre los inconvenientes de visualización con tu imac 2023. nuestro equipo de soporte técnico está revisando este tema y pronto se comunicará contigo con una solución. agradecemos tu paciencia. atentamente, <name> servicio al cliente <tienda en línea> <email@example.com> <tel_num>",online store
"discrepancias de facturación en el costo de los servicios de aws estimado equipo de soporte al cliente de servicios de ti, espero que este mensaje te encuentre bien. estoy escribiendo para atraer tu atención inmediata sobre las discrepancias de facturación que he encontrado con el costo mensual del servicio de gestión de aws proporcionado por tu empresa. he estado revisando de cerca los cargos en mi cuenta y he notado algunas discrepancias que creo que requieren un examen más profundo. mi número de cuenta actual es <acc_num>, y he notado un aumento significativo en los cargos durante los últimos meses sin modificaciones sustanciales en los servicios utilizados. estos aumentos inesperados son motivo de preocupación y agradecería una revisión detallada de las facturas emitidas por los servicios proporcionados. además, sospecho que puede haber oportunidades para la optimización de costos que podrían ayudar a gestionar estos gastos de manera más efectiva. como cliente valioso, apreciaría cualquier información que tu equipo pudiera ofrecer sobre posibles ajustes u opciones para optimizar los costos de mi servicio de aws sin afectar la calidad del servicio. ¿podrías proporcionar un desglose exhaustivo de los cargos y aclarar cualquier cambio en la estructura de precios o de servicio que pueda haber contribuido a estas aparentes discrepancias? además, me gustaría discutir estrategias que podrían emplearse para la futura optimización de costos. tal orientación sería muy beneficiosa para asegurar la alineación con las expectativas presupuestarias. estoy disponible para una llamada al <tel_num> para discutir este asunto más a fondo en el momento más conveniente para ti. por favor, házmelo saber en un momento adecuado que funcione para tu equipo, o no dudes en comunicarte por correo electrónico para cualquier aclaración escrita que puedas necesitar. gracias de antemano por tu asistencia con este asunto. espero tu pronta respuesta para que podamos resolver estas discrepancias y esforzarnos hacia un uso del servicio más gestionado de manera óptima. saludos cordiales, <name>",it services
"discrepancia en el estado de cuenta de aws estimado servicio de atención al cliente de it services, espero que este mensaje lo encuentre bien. me estoy comunicando sobre una discrepancia de facturación que noté en mi factura mensual reciente de aws management service. al revisar la factura, encontré que hay cargos inesperados que suman una cantidad significativa, los cuales no fueron anticipados de acuerdo a nuestros términos de servicio acordados. la factura en cuestión, vinculada al número de cuenta <acc_num>, fue emitida para el período de facturación de septiembre. dado que no hemos realizado cambios sustanciales en nuestro uso de servicios o nivel, estos cargos misteriosos son bastante preocupantes, requiriendo una investigación urgente para remediar la situación de inmediato. ¿podría por favor investigar este asunto lo más pronto posible? si es necesario, estoy más que dispuesto a proporcionar cualquier información adicional pertinente para avanzar en la resolución de este problema. puede comunicarse conmigo al <tel_num>. gracias por su atención inmediata a este asunto. espero su pronta respuesta. saludos cordiales, <name>",it services
"urgente: caída crítica del servicio de aws estimado equipo de soporte de servicios de ti, les escribo para informarles sobre un ticket de alta prioridad presentado con respecto a una caída crítica del servicio dentro de nuestro servicio de gestión de aws. nuestras operaciones de infraestructura en la nube están actualmente severamente afectadas, y esta caída representa una amenaza significativa para nuestra continuidad empresarial y eficiencia operativa. nos encontramos con este problema alrededor de las 3 pm de hoy, y desde entonces, hemos enfrentado interrupciones sustanciales en el manejo de nuestra infraestructura en la nube. debido a esta caída, las operaciones cruciales que dependen de los servicios de aws no están funcionando actualmente, afectando numerosos flujos de trabajo del equipo y aplicaciones orientadas al cliente. instamos su asistencia inmediata para diagnosticar este problema y proporcionar una pronta resolución para evitar cualquier impacto adicional en nuestras operaciones. la intervención puntual es esencial para mitigar riesgos y reanudar las operaciones normales rápidamente. por favor, encuentre todos los detalles relevantes adjuntos al número de ticket <ticket_num>. su pronta respuesta a nuestra situación sería muy apreciada. gracias por su atención urgente a este asunto. atentamente, <name> <company_name> <tel_num> <email_address>",it services
"solicitud de servicio de consultoría estimado soporte al cliente, me estoy comunicando para solicitar servicios de consultoría de ti centrados en la administración de servidores y la optimización de nuestra infraestructura existente. necesitamos orientación experta para mejorar la eficiencia de nuestro sistema. por favor, proporcione detalles sobre sus servicios disponibles y políticas de asistencia. gracias. atentamente, <name>",it consulting firm
"consulta sobre el rendimiento del macbook air m1 estimado equipo de soporte de tech online store, estoy considerando comprar el macbook air m1 y me gustaría saber más sobre su duración de batería y rendimiento. ¿podrían proporcionar información detallada sobre su resistencia y cualquier revisión de rendimiento de clientes disponible? gracias por su asistencia. espero su pronta respuesta. atentamente, <name>",tech online store
"estimado servicio al cliente, mi canon pixma mg3620 está produciendo páginas rayadas a pesar de estar en modo de alta calidad. además, estoy experimentando problemas con la configuración inalámbrica. por favor, aconsejen sobre posibles soluciones. gracias.",tech online store
"solicitud de intercambio de producto - batería defectuosa estimado equipo de atención al cliente de tech online store, espero que este mensaje los encuentre bien. escribo para solicitar un intercambio de un dell xps 13 9310 recién comprado con número de referencia de pedido <order_num>. desafortunadamente, al recibir el pedido, descubrí que la unidad de la batería de la laptop está defectuosa, ya que no mantiene la carga por más de treinta minutos. solicito amablemente un reemplazo de la unidad defectuosa. por favor, infórmenme sobre el procedimiento para iniciar el proceso de intercambio. para su referencia, compré la laptop el <purchase_date> desde su sitio web, y fue entregada en mi dirección en <address>. he adjuntado una copia escaneada de la factura y la tarjeta de garantía en este correo electrónico. también estoy disponible en <email> o <tel_num> si necesitan más información. espero su pronta respuesta para resolver este asunto. gracias por su asistencia. sinceramente, <name>",tech online store
"problema de facturación incorrecta con el servicio de aws hola soporte al cliente, estoy escribiendo para informar sobre un problema con la facturación reciente de nuestra cuenta del servicio de gestión de aws, <acc_num>. este mes, hemos notado cargos inesperados por alto uso de datos, los cuales creemos que son incorrectos. la factura sugiere un aumento significativo en el consumo de datos, lo que no coincide con nuestros registros y patrones de uso habitual. ¿podrían por favor investigar esta discrepancia y proporcionarnos una explicación o una posible corrección? estamos preocupados por el impacto de estos cargos en nuestro presupuesto. no duden en contactarme al <tel_num> para más explicaciones si es necesario. gracias por resolver este asunto a la mayor brevedad posible. saludos cordiales, <name>",it services
"hola, equipo de atención al cliente, recientemente adquirí un dell xps 13 9310 en su tienda en línea y he notado un inconveniente con el teclado. una de las teclas no está funcionando correctamente, lo que me está generando bastante dificultad durante su utilización. ¿serían tan amables de orientarme sobre cómo se puede resolver esta situación o de facilitar un reemplazo? agradezco su atención, <name> número de cuenta: <acc_num> número de teléfono: <tel_num>",online store
"consulta sobre la disponibilidad y los precios del dell xps 13 hola equipo de la tienda en línea tech, espero que este mensaje les encuentre bien. estoy escribiendo para preguntar sobre la disponibilidad y las opciones de precios actuales para la laptop dell xps 13 9310. he revisado el sitio web, pero no pude encontrar la información más reciente sobre este modelo. ¿podrían confirmar el estado del inventario y si hay promociones o opciones de financiamiento disponibles? además, si hay accesorios o paquetes compatibles, agradecería sus recomendaciones. espero su respuesta. saludos cordiales, <name> <tel_num> <email>",tech online store
solicitud de asistencia con la implementación del sistema de tickets el cliente necesita ayuda con el desarrollo de software para el sistema de tickets de su organización.,it consulting firm
"investigación necesaria por frecuentes bloqueos del navegador estimado soporte al cliente, estoy escribiendo para informar un problema relacionado con bloqueos frecuentes de google chrome versión 102.0. mi colega <name> está experimentando estos bloqueos y nos preguntamos si podrían estar relacionados con extensiones desactualizadas o configuraciones corruptas. el problema obstaculiza nuestras actividades laborales regulares y amablemente solicitamos su experiencia para diagnosticar y resolver esto. por favor, aconseje sobre cualquier paso de solución de problemas o actualizaciones que puedan ayudar a estabilizar el navegador y mejorar el rendimiento. agradecemos su pronta atención a este asunto. atentamente, <name> tel: <tel_num>",it services
"asistencia urgente para el rendimiento del servidor estimado equipo de atención al cliente, estoy escribiendo para solicitar asistencia urgente con la optimización del rendimiento de nuestro servidor y resolver problemas de acceso persistentes con nuestros sistemas informáticos existentes. esta situación afecta nuestras operaciones y dependemos de sus servicios para una resolución rápida. por favor, agilicen nuestra solicitud y háganos saber qué información o acceso podría ser necesario de nuestra parte. gracias por su pronta atención a este asunto. atentamente, <name> <acc_num> <tel_num>",it consulting firm
"interrupción crítica que afecta a aws estimado soporte al cliente, estoy escribiendo para informar sobre una interrupción crítica que afecta al servicio de gestión de aws. nuestros clientes no pueden acceder actualmente a su infraestructura en la nube implementada a través de este servicio. este problema requiere atención inmediata ya que impacta significativamente nuestras operaciones. por favor, investiguen y resuelvan esto a la brevedad. gracias, <name> número de cuenta: <acc_num> teléfono: <tel_num>",it services
"hola soporte al cliente, estoy escribiendo para solicitar una revisión y modificación de nuestra configuración del proyecto en jira software versión 8.20 para mejorar la gestión y colaboración. por favor contáctame si se requieren detalles adicionales. gracias por su pronta atención a este asunto. saludos, <name>.",it services
"estimado servicio de atención al cliente, estoy escribiendo para solicitar orientación inmediata sobre cómo optimizar nuestros costos de infraestructura relacionados con nuestra cuenta de aws. hemos observado un aumento constante en nuestros gastos mensuales y creemos que puede haber espacio para una reducción de costos mientras mantenemos el rendimiento óptimo de nuestros servicios. actualmente utilizamos el servicio de gestión de aws. por favor, proporcionen estrategias y recomendaciones, como la consolidación de recursos, el ajuste de tamaños de instancias, o la utilización de instancias reservadas, para ayudarnos a lograr una gestión de costos más eficiente. además, si hay alguna herramienta nativa de aws o soluciones de terceros que recomienden, por favor inclúyanlas en su orientación. espero su pronta asistencia. atentamente, <name> <name> número de cuenta: <acc_num> teléfono: <tel_num>",it services
"urgente: problema de entrega de macbook air m1 dañado recibido hola atención al cliente, recientemente compré un macbook air m1 en su tienda en línea, pero desafortunadamente recibí un macbook con daños visibles en la pantalla. este problema debe haber ocurrido durante el tránsito. estoy seriamente preocupado y busco una solución de inmediato. mi número de pedido es <acc_num>. ¿podrían ayudarme con un reemplazo o un reembolso? por favor, hágamelo saber los próximos pasos. gracias, <name> <tel_num>",tech online store
"asistencia urgente requerida: dificultad con la instalación de windows 11 pro en la cuenta <acc_num> hola, equipo de soporte, estoy enfrentando un inconveniente con la instalación de windows 11 pro. el procedimiento de instalación está fallando continuamente. ¿podrían ayudarme con urgencia? mi número de contacto es <tel_num>. gracias, <name>.",it services
"solicitud de intercambio de macbook air estimado soporte al cliente, estoy escribiendo para solicitar un intercambio por un nuevo macbook air m1 debido a problemas de carga de la batería. mi dispositivo, comprado bajo la cuenta <acc_num>, no logra cargar más del 20% a pesar de varios intentos de solución de problemas. apreciaría una resolución rápida. por favor, guíenme a través del proceso para asegurar un intercambio sin inconvenientes, a la mayor brevedad posible. gracias por su ayuda. atentamente, <name>",tech online store
"estimado servicio de atención al cliente, recientemente compré un nuevo macbook air m1 en su tienda. desafortunadamente, no se enciende después de un apagado, a pesar de mis múltiples intentos y de verificar la fuente de alimentación. el problema persiste y no puedo utilizar el dispositivo de manera efectiva. ¿podría ayudarme a diagnosticar el problema o iniciar un posible retorno o reemplazo? mi número de cuenta es <acc_num>. gracias por su ayuda. saludos cordiales, <name>",tech online store
"problema de creación de tickets en jira software 8.20 estimado soporte al cliente, estoy experimentando problemas con el proceso de creación de tickets en jira software 8.20. cada vez que intento enviar un nuevo ticket, aparece un mensaje de error que impide completar la acción. ¿podría ayudarme a resolver este problema? su ayuda sería muy apreciada. gracias, <name> <acc_num>",it services
"consulta sobre el problema de facturación de intellij idea estimado servicio de atención al cliente, me pongo en contacto para preguntar sobre el proceso de facturación de mi licencia de intellij idea 2024.1. no he recibido una confirmación de pago. mi número de pedido es <order_num>. ¿podrían ayudarme con este problema? gracias, <name>.",tech online store
"ayuda con problema de arranque estimado servicio al cliente, estoy enfrentando problemas de arranque con mi laptop dell xps 13 9310 que funciona con windows 10. la laptop a menudo no arranca correctamente. agradecería mucho cualquier consejo o pasos de solución de problemas para abordar este problema. gracias por su ayuda. atentamente, <name>",tech online store
resolución urgente requerida para fallo de red fallo de comunicación crítico para la misión debido a la caída del enrutador cisco isr4331. necesita diagnóstico urgente para la restauración de la red. ¡se requiere atención inmediata!,it services
"urgente: problema de interrupción del servicio de gestión de aws estimado equipo de soporte de servicios de ti, le escribo para llamar su atención inmediata sobre una solicitud de cambio de alta prioridad que requiere una intervención urgente relacionada con nuestro servicio de gestión de aws. recientemente, hemos estado experimentando interrupciones frecuentes que afectan gravemente nuestras operaciones comerciales. los problemas han sido disruptivos, lo que lleva a un tiempo de inactividad significativo y, por consiguiente, afecta nuestra entrega de servicios a los clientes. es crucial que abordemos este asunto con prontitud para restaurar la estabilidad y prevenir nuevas interrupciones. nuestro equipo ha intentado pasos iniciales de solución de problemas; sin embargo, la complejidad de la situación ha solicitado intervención experta. apreciaríamos mucho que su equipo de especialistas pudiera dedicar recursos urgentes para investigar e implementar una solución. esto incluye un análisis exhaustivo de las configuraciones actuales, identificar la causa raíz de las interrupciones e instituir medidas preventivas. por favor, encuentre adjuntos todos los registros y configuraciones relevantes para su revisión. esperamos que su experiencia facilite una rápida resolución. esperamos su pronta respuesta y apoyo para remediar esta situación. gracias, <name> <acc_num> <name>@companyemail.com <tel_num>",it services
"asistencia necesaria para problemas con la pantalla táctil del surface hola, equipo de soporte de tech online store, escribo para reportar problemas de respuesta de la pantalla táctil con mi microsoft surface pro 7. la pantalla táctil no ha respondido y falla intermitentemente en registrar las entradas táctiles, lo que hace difícil usar el dispositivo de manera efectiva. sospecho que podría estar relacionado con controladores de windows 10 desactualizados ya que no he actualizado recientemente. ¿podrían guiarme en cómo actualizar los controladores necesarios o proporcionar algunos pasos de solución de problemas para resolver este problema? agradecería instrucciones detalladas ya que no soy muy hábil con la tecnología. para referencia, mi número de cuenta es <acc_num> y pueden contactarme al <tel_num>. gracias por su asistencia. saludos cordiales, <name>",tech online store
"consulta de facturación estimado equipo de atención al cliente, estoy escribiendo para expresar mis preocupaciones respecto a la información de facturación de jira software 8.20 bajo mi cuenta <acc_num>. he notado varias instancias poco claras en el procesamiento de pagos en mis facturas recientes. específicamente, hay un cargo mensual alto recurrente que no puedo explicar. agradecería si pudieran proporcionar un desglose detallado de los cargos en mi estado de cuenta. las facturas indican diferentes montos cada mes y esta inconsistencia ha levantado preocupaciones de mi parte. sería útil entender los cálculos detrás de estos cargos y si reflejan todos los servicios utilizados bajo el plan actual. además, si hay características adicionales o mejoras en el servicio incluidas en las tarifas mensuales, ¿podrían aclarar cuáles son? cualquier información o aclaración adicional sobre este asunto sería muy apreciada. adicionalmente, he intentado contactar su línea de soporte al <tel_num> pero aún no he recibido una explicación o respuesta satisfactoria. por favor, aborden este problema a la mayor brevedad para prevenir cualquier interrupción en el servicio. gracias por su atención y pronta resolución de este asunto. atentamente, <name>",software development company
"asistencia urgente necesaria para apagones en macbook air m1 hola equipo de soporte al cliente, me estoy comunicando con ustedes para solicitar asistencia técnica urgente con respecto a un problema con mi macbook air m1, que compré recientemente en su tienda. durante los últimos días, el dispositivo ha estado experimentando apagones repentinos sin ninguna advertencia mientras está en funcionamiento. este problema ocurre aleatoriamente y ha estado interrumpiendo significativamente mi trabajo y actividades diarias. he asegurado que mi sistema operativo esté actualizado y también he realizado una verificación exhaustiva sin identificar ninguna discrepancia de hardware por mi parte. desafortunadamente, los apagones inesperados continúan ocurriendo, lo que ha hecho que el dispositivo sea poco confiable para el uso diario. ¿podrían proporcionarme orientación sobre cómo resolver este problema? si se requiere una inspección técnica o una cita de servicio, por favor indíquenme el procedimiento adecuado. dado que esto es crucial para mis responsabilidades profesionales, aprecio cualquier asistencia expedita que puedan ofrecer. gracias por su atención a este asunto urgente. por favor, háganme saber cualquier información que necesiten de mi parte. atentamente, <name> <name@example.com> <tel_num>",tech online store
"solicitud de actualización de herramientas de diseño estimado equipo de soporte al cliente, estoy escribiendo para solicitar una actualización de nuestras herramientas de diseño actuales adquiriendo adobe photoshop 2024, ya que ofrece capacidades mejoradas de edición de fotos y gráficos que son cruciales para nuestros proyectos. las funciones mejoradas, incluida la tecnología de ia y las opciones de edición avanzadas, aumentarán significativamente nuestra eficiencia y calidad de producción. actualizar a la última versión nos permitirá mantenernos competitivos en el panorama digital en rápida evolución de hoy. por favor, hágamelo saber el procedimiento y los costos adicionales involucrados. gracias por su atención a este asunto. atentamente, <name>",software development company
"problema con la asignación de tareas en jira estimado equipo de soporte al cliente, espero que este mensaje los encuentre bien. me comunico para solicitar asistencia respecto a un desafío que encontré al utilizar jira software 8.20. específicamente, tengo problemas para asignar tareas dentro de la cola de recursos humanos. el problema parece ocurrir de manera inconsistente, lo que dificulta establecer un patrón o solución. he intentado varios métodos de solución de problemas, como borrar la caché y reiniciar la aplicación, pero lamentablemente, el problema persiste. ¿podrían guiarme sobre cómo resolver esto? además, si hay problemas de compatibilidad conocidos con otras versiones de software, sus comentarios serían muy valiosos. agradezco su pronta atención a este asunto y espero con interés su orientación experta. gracias por su apoyo. atentamente, <name> <company_name> <tel_num>",software development company
"solicitud de consulta de experto estimado soporte al cliente de servicios de ti, estoy escribiendo para solicitar servicios de consultoría profesional especializándome en administración de servidores y soluciones de desarrollo de software. nuestro equipo necesita urgentemente atención experta para abordar una serie de desafíos técnicos que hemos estado experimentando. el área de servicio afectada es el servicio de consultoría de ti, particularmente en la optimización de la gestión de nuestros servidores y asegurando que nuestros procesos de desarrollo de software estén alineados con las mejores prácticas actuales. la situación requiere intervención inmediata de consultores de ti experimentados que puedan proporcionar soluciones personalizadas para mejorar nuestra infraestructura actual y flujos de trabajo de procesos. su pronta respuesta con horarios de consulta disponibles y cualquier requisito necesario sería muy apreciada. por favor, háganos saber qué tan pronto podemos organizar una reunión con uno de sus especialistas para discutir estos asuntos con más detalle. puede comunicarse conmigo a mi correo electrónico o por teléfono al <tel_num>. gracias por su asistencia. atentamente, <name>",it services
"consulta sobre la configuración de impresión inalámbrica para epson ecotank et-4760 estimado soporte al cliente, estoy buscando su asistencia para configurar la funcionalidad de impresión inalámbrica en mi impresora epson ecotank et-4760. recientemente adquirí este producto y me gustaría asegurarme de que esté configurado correctamente para trabajar con múltiples dispositivos a través de wi-fi. ¿podrías proporcionarme instrucciones detalladas paso a paso, o dirigirme a un recurso que pueda ayudar? además, se agradecerían cualquier consejo sobre cómo solucionar problemas de conectividad comunes. gracias por su apoyo. atentamente, <name>",tech online store
"soporte necesario para problemas de conectividad estimado soporte al cliente, soy <name> de <company_name>. estamos experimentando problemas de conectividad que están afectando la capacidad de trabajo eficiente de nuestros empleados que trabajan a distancia. nuestro servicio actual de consultoría de ti parece incapaz de resolver este problema continuo. solicitamos urgentemente su asistencia para identificar y rectificar el problema. gracias por su atención. atentamente, <name> <position>",it consulting firm
"solicitud de cambios en la configuración estimado equipo de soporte técnico, espero que este correo electrónico los encuentre bien. estoy escribiendo para solicitar algunos ajustes en nuestra configuración del servicio de gestión de aws. específicamente, nuestro objetivo es optimizar nuestra estructura de costos y mejorar nuestras estrategias actuales de gestión de recursos. nuestra meta es asegurar que nuestra infraestructura en la nube esté operando de manera eficiente, proporcionando el mejor valor mientras cumplimos con nuestros requisitos de rendimiento. entendemos que la gestión eficiente de la nube es crítica, especialmente dado nuestras crecientes necesidades, y creemos que hay margen de mejora en nuestra configuración actual para alinearse mejor con nuestros objetivos empresariales. ¿podrían proporcionar una evaluación o guiarnos a través de los pasos necesarios para identificar posibles refinamientos en nuestra configuración de despliegue? además, sus ideas sobre las mejores prácticas más recientes para la optimización de costos y la gestión innovadora de recursos serían invaluables. a medida que continuamos creciendo, asegurar la escalabilidad mientras mantenemos en equilibrio las consideraciones presupuestarias es imperativo. si ayuda, los detalles de nuestra cuenta son los siguientes: número de cuenta: <acc_num>. no duden en comunicarse conmigo a mi línea directa en <tel_num> si necesitan más detalles o discusiones. gracias de antemano por su asistencia. espero con interés su asesoramiento experto. atentamente, <name>",it services
"urgente: se necesita una resolución inmediata para la inactividad del servicio de aws estimado equipo de soporte de servicios de ti, escribo para informar urgentemente que actualmente estamos experimentando una inactividad significativa en nuestro servicio de gestión de aws. esta situación está afectando gravemente no solo nuestros despliegues en curso, sino también la funcionalidad de nuestras aplicaciones en vivo. el impacto de esta interrupción es amplio, contribuyendo a importantes contratiempos operativos y potencialmente a la insatisfacción del cliente. necesitamos una resolución inmediata para restaurar todas las funcionalidades a su estado estándar y sin interrupciones. nuestro equipo ya ha realizado numerosos intentos para solucionar el problema, sin embargo, la inactividad persiste. dependemos en gran medida de este servicio para mantener nuestras operaciones sin problemas, por lo tanto, la urgencia de este asunto no puede ser exagerada. ¿podrían por favor priorizar este problema y regresar con un plan de acción tan pronto como sea posible? además, por favor, avisen sobre cualquier paso inicial que podamos tomar de nuestra parte para ayudar a acelerar el proceso de resolución. por favor, manténganme actualizado sobre su progreso por correo electrónico o contáctenme a la brevedad posible. gracias por su atención inmediata a este problema crítico. atentamente, <name> <name>@<company>.com <tel_num>",it services
"solicitud urgente para la optimización de costos de aws estimado equipo de soporte al cliente de servicios de ti, espero que este mensaje los encuentre bien. estoy escribiendo para solicitar urgentemente un análisis completo de optimización de costos para nuestros servicios de aws bajo el producto del servicio de gestión de aws que hemos estado utilizando. hemos observado que nuestros cargos de facturación recientes han aumentado significativamente, y es imperativo para nosotros comprender y mitigar estos costos para alinearlos de manera efectiva con nuestros objetivos financieros. a pesar de nuestros esfuerzos para monitorear el uso y gestionar los gastos internamente, los cargos han estado consistentemente por encima de nuestro presupuesto anticipado. como un componente clave de nuestras operaciones, los servicios de aws son cruciales para mantener la eficiencia de nuestro negocio. por lo tanto, cualquier reducción en la facturación sin comprometer la calidad del servicio sería muy beneficioso para nosotros. para facilitar este análisis, ¿podría por favor revisar el número de cuenta adjunto <acc_num> y proporcionarnos información detallada y recomendaciones? estamos particularmente interesados en comprender cualquier recurso provisionado innecesariamente, recomendar planes de precios alternativos que puedan ofrecer ahorros y aplicar cualquier solución nativa de aws que enfatice la eficiencia de costos. agradeceríamos su apoyo acelerado en este asunto, ya que estos cargos están impactando nuestras decisiones comerciales a futuro. además, si hay sesiones de consulta personalizadas o talleres sobre gestión de costos disponibles, infórmenos amablemente. se agradecería una respuesta rápida para permitirnos tomar acción ágil. si necesita discutir esto más a fondo, no dude en comunicarse conmigo directamente al <tel_num>. gracias por su atención a esta solicitud urgente. esperamos su experiencia y orientación para desarrollar una estrategia rentable. saludos cordiales, <name> director financiero <company name>",it services
"estimado/a soporte al cliente, espero que este mensaje lo/la encuentre bien. estoy escribiendo para solicitar una actualización de nuestras licencias de google workspace para el equipo de ventas para mejorar su productividad y capacidades de colaboración. actualmente, estamos utilizando la edición business standard, y una transición a un plan más avanzado beneficiaría enormemente a nuestro equipo. por favor, háganos saber los procedimientos y costos asociados con esta actualización. gracias por su asistencia. atentamente, <name>",it consulting firm
"solicitud de actualización para office 365 business estimado equipo de soporte al cliente, espero que este mensaje los encuentre bien. mi nombre es <name>, y estoy escribiendo para solicitar una actualización a microsoft office 365 business premium. actualmente, estoy suscrito a microsoft office 365, y me gustaría entender las opciones de facturación y los posibles cambios de costo que ocurrirán tras la actualización. ¿podrían proporcionar información detallada sobre los diferentes planes de facturación disponibles para office 365 business premium? además, ¿hay alguna promoción especial o descuento disponible en este momento? entender el desglose de los cargos me ayudará a tomar una decisión informada. además, si hay algún cambio en las características o servicios incluidos en el plan business premium en comparación con mi suscripción actual, agradecería sus comentarios sobre este tema también. espero su pronta respuesta. no duden en contactarme al <tel_num> si necesitan más detalles o aclaraciones de mi parte. gracias por su asistencia. saludos cordiales, <name>",tech online store
"solicitud de cambios en los permisos de acceso estimado servicio de atención al cliente, espero que este mensaje te encuentre bien. estoy escribiendo para solicitar un cambio en los permisos de acceso de google drive para las herramientas de colaboración de datos empresariales de nuestro equipo bajo el paquete google workspace business standard. actualmente, hay problemas con el intercambio de archivos y restricciones que obstaculizan nuestra productividad. ¿podrías revisar nuestra cuenta <acc_num> para asegurarte de que todos los permisos necesarios estén configurados adecuadamente? tu pronta asistencia sería muy apreciada. el dr. <name> puede ser contactado al <tel_num> para más aclaraciones. gracias por tu asistencia. atentamente, dr. <name>",software development company
"solicitud de cambio en la estructura de facturación estimado servicio al cliente, estoy escribiendo para solicitar un cambio en la estructura de facturación del servicio de gestión de aws donde mi número de cuenta es <acc_num>. dado que actualmente estamos experimentando un aumento en el uso durante nuestras fases de implementación, necesitamos un modelo de facturación que pueda acomodar mejor este uso prolongado. en la actualidad, nuestros costos han superado los límites habituales, impactando significativamente nuestro presupuesto. para cualquier discusión o aclaraciones necesarias, no dude en comunicarse conmigo al <tel_num> o por correo electrónico a <email>. espero su apoyo para modificar nuestro acuerdo para satisfacer nuestros requisitos específicos durante estos intensos períodos de implementación. gracias. atentamente, <name>",it services
"problema urgente con el envío estimado equipo de atención al cliente, me dirijo a ustedes para notificar un retraso en la entrega de mi lenovo ideapad 5. mi número de pedido es <acc_num>. he estado aguardando más allá de la fecha de entrega estimada y necesito asistencia para solucionar esta situación de forma inmediata. por favor, comuníquense conmigo. saludos cordiales, <name>.",online store
